date,y2,y5,y10,y30
1979-01-02,11.959974,12.558420,12.622968,
1979-01-03,11.987385,12.599163,12.660829,
1979-01-04,11.941209,12.558242,12.635555,
1979-01-05,11.885243,12.537189,12.665215,
1979-01-08,11.819551,12.504501,12.653023,
1979-01-09,11.925329,12.577223,12.657335,
1979-01-10,11.952786,12.614182,12.723737,
1979-01-11,12.001731,12.633257,12.757195,
1979-01-12,12.017497,12.648206,12.842232,
1979-01-15,12.057892,12.702614,12.901764,
1979-01-16,12.059917,12.699798,12.873719,
1979-01-17,12.171690,12.779662,12.968503,
1979-01-18,12.181880,12.792718,13.047940,
1979-01-19,12.270199,12.858330,13.076719,
1979-01-22,12.472770,13.017273,13.274099,
1979-01-23,12.517567,13.026936,13.252341,
1979-01-24,12.786322,13.201070,13.353810,
1979-01-25,12.746677,13.190521,13.356088,
1979-01-26,12.681259,13.149206,13.292897,
1979-01-29,12.732126,13.187576,13.329233,
1979-01-30,12.693089,13.192041,13.397268,
1979-01-31,12.715862,13.238797,13.417835,
1979-02-01,12.742482,13.288261,13.488845,
1979-02-02,12.886989,13.381975,13.537485,
1979-02-05,12.915611,13.412639,13.621194,
1979-02-06,12.933319,13.419692,13.693291,
1979-02-07,13.097625,13.521573,13.749281,
1979-02-08,13.222845,13.724153,13.864783,
1979-02-09,13.095624,13.700857,13.847297,
1979-02-12,12.953340,13.637927,13.822293,
1979-02-13,12.886590,13.579774,13.736795,
1979-02-14,12.823848,13.547040,13.673360,
1979-02-15,12.809726,13.564752,13.740504,
1979-02-16,12.729333,13.444409,13.668263,
1979-02-19,12.170748,13.078919,13.561902,
1979-02-20,11.975428,12.912636,13.432335,
1979-02-21,11.995723,12.879179,13.430702,
1979-02-22,11.899029,12.740570,13.233374,
1979-02-23,11.788202,12.622727,13.019445,
1979-02-26,11.761817,12.535095,12.973533,
1979-02-27,11.216902,11.943293,12.613728,
1979-02-28,11.127962,11.633390,12.256371,
1979-03-01,11.465002,11.891849,12.343650,
1979-03-02,11.331884,11.794225,12.226882,
1979-03-05,11.133565,11.402645,11.923993,
1979-03-06,11.181351,11.516114,12.114727,
1979-03-07,10.941033,11.344617,11.991062,
1979-03-08,10.520217,10.931326,11.571895,
1979-03-09,10.710450,10.976415,11.537592,
1979-03-12,10.739849,11.031014,11.575601,
1979-03-13,10.776511,11.098682,11.691120,
1979-03-14,10.821780,11.202382,11.741074,
1979-03-15,11.171234,11.500682,11.989142,
1979-03-16,11.069720,11.415366,11.852530,
1979-03-19,11.000635,11.375837,11.858537,
1979-03-20,10.773598,11.099004,11.666422,
1979-03-21,10.739613,11.053124,11.614865,
1979-03-22,10.792265,11.087415,11.683638,
1979-03-23,10.630130,10.944969,11.509543,
1979-03-26,10.719949,10.979482,11.557376,
1979-03-27,10.549353,10.733029,11.219957,
1979-03-28,10.531477,10.749292,11.219025,
1979-03-29,10.383921,10.472579,10.933308,
1979-03-30,10.397026,10.468081,10.924369,
1979-04-02,10.074178,10.289628,10.892040,
1979-04-03,10.263287,10.388209,10.953539,
1979-04-04,10.394999,10.506791,11.099587,
1979-04-05,10.396440,10.477387,11.062053,
1979-04-06,10.288823,10.428118,11.062818,
1979-04-09,10.283804,10.374290,11.024064,
1979-04-10,10.183559,10.282210,10.914152,
1979-04-11,10.153542,10.238748,10.876236,
1979-04-12,10.162822,10.471524,11.067374,
1979-04-17,10.143155,10.503843,11.090457,
1979-04-18,10.313855,10.652636,11.251543,
1979-04-19,10.362366,10.723672,11.349423,
1979-04-20,10.345121,10.706429,11.280581,
1979-04-23,10.375074,10.720282,11.232074,
1979-04-24,10.254505,10.629027,11.196479,
1979-04-25,10.376039,10.672362,11.174022,
1979-04-26,10.382203,10.684771,11.187700,
1979-04-27,10.261907,10.614671,11.145663,
1979-04-30,9.976788,10.451599,11.102808,
1979-05-01,10.216319,10.546319,11.150357,
1979-05-02,10.182153,10.471272,11.050398,
1979-05-03,10.107688,10.379021,10.960547,
1979-05-04,10.120570,10.294855,10.811924,
1979-05-08,10.283466,10.399101,10.926717,
1979-05-09,10.482441,10.572903,11.097454,
1979-05-10,10.767094,10.834095,11.259288,
1979-05-11,10.703473,10.811245,11.238781,
1979-05-14,10.751216,10.899214,11.339922,
1979-05-15,10.859140,11.004357,11.381192,
1979-05-16,10.873586,10.994878,11.298056,
1979-05-17,10.864091,10.957820,11.251808,
1979-05-18,10.988914,11.086051,11.292185,
1979-05-21,11.069183,11.199646,11.413693,
1979-05-22,11.033139,11.186355,11.449813,
1979-05-23,10.876260,11.038670,11.275445,
1979-05-24,10.932554,11.080739,11.300860,
1979-05-25,10.979401,11.125895,11.370643,
1979-05-29,10.876003,11.104036,11.399354,
1979-05-30,10.773854,11.034863,11.373602,
1979-05-31,10.810454,11.051424,11.408111,
1979-06-01,10.722141,11.088124,11.513603,
1979-06-04,10.876793,11.156053,11.513538,
1979-06-05,10.902147,11.163286,11.508952,
1979-06-06,10.928713,11.175830,11.576192,
1979-06-07,10.739481,11.154420,11.693675,
1979-06-08,10.968348,11.212031,11.637669,
1979-06-11,10.943607,11.270805,11.688852,
1979-06-12,11.014708,11.288344,11.648398,
1979-06-13,11.788462,11.872105,12.040843,
1979-06-14,12.030534,12.248375,12.418359,
1979-06-15,12.002159,12.234816,12.463843,
1979-06-18,11.792852,12.152181,12.505272,
1979-06-19,11.631507,12.031426,12.447417,
1979-06-20,11.458083,11.945931,12.453305,
1979-06-21,11.601746,12.025249,12.473553,
1979-06-22,11.708883,12.114588,12.497902,
1979-06-25,11.792209,12.183534,12.549642,
1979-06-26,11.629764,12.106567,12.515397,
1979-06-27,11.571367,12.113346,12.523447,
1979-06-28,11.531896,12.067119,12.447012,
1979-06-29,11.821062,12.066923,12.269863,
1979-07-02,11.183264,11.738806,12.065893,
1979-07-03,11.144893,11.622216,11.895204,
1979-07-04,11.407109,11.732343,11.871162,
1979-07-05,11.425710,11.727795,11.825250,
1979-07-06,11.377968,11.700684,11.834863,
1979-07-09,11.512299,11.836865,12.000867,
1979-07-10,11.443556,11.762601,11.955541,
1979-07-11,11.558015,11.849420,12.002275,
1979-07-12,11.684793,11.909637,12.018933,
1979-07-13,11.867151,12.038992,12.229621,
1979-07-16,11.763854,11.968595,12.161661,
1979-07-17,11.658228,11.878405,12.045069,
1979-07-18,11.545795,11.756076,11.904276,
1979-07-19,11.807514,11.892742,11.940364,
1979-07-20,11.840429,11.862949,11.852046,
1979-07-23,11.695641,11.783543,11.812993,
1979-07-24,11.622837,11.674063,11.712121,
1979-07-25,11.733142,11.756731,11.847021,
1979-07-26,11.901306,11.863041,11.942515,
1979-07-27,11.917135,11.882881,12.021163,
1979-07-30,11.985714,11.949758,12.128598,
1979-07-31,12.062636,11.994225,12.176729,
1979-08-01,11.979711,11.902313,12.038937,
1979-08-02,11.841024,11.880835,12.066599,
1979-08-03,11.744268,11.809428,12.037961,
1979-08-06,11.765371,11.824694,12.057334,
1979-08-07,11.649082,11.738064,11.997115,
1979-08-08,11.704706,11.623579,11.856862,
1979-08-09,11.513372,11.473397,11.819554,
1979-08-10,11.527736,11.497044,11.864459,
1979-08-13,11.613567,11.569808,11.933594,
1979-08-14,11.536443,11.477631,11.853805,
1979-08-15,11.362959,11.335671,11.799886,
1979-08-16,11.501346,11.380367,11.773687,
1979-08-17,11.652145,11.546205,11.806971,
1979-08-20,11.702335,11.584484,11.791384,
1979-08-21,11.545663,11.488308,11.779369,
1979-08-22,11.583253,11.528809,11.790674,
1979-08-23,11.622339,11.527361,11.755890,
1979-08-24,11.665047,11.607974,11.812722,
1979-08-28,11.652949,11.560176,11.771447,
1979-08-29,11.643815,11.559981,11.779087,
1979-08-30,11.782609,11.639120,11.798505,
1979-08-31,11.829230,11.659838,11.806734,
1979-09-03,11.836196,11.693768,11.866089,
1979-09-04,11.675007,11.610970,11.865392,
1979-09-05,11.599945,11.531267,11.828454,
1979-09-06,11.600637,11.526459,11.803548,
1979-09-07,11.709452,11.542298,11.776339,
1979-09-10,11.691047,11.540812,11.821836,
1979-09-11,11.768429,11.580882,11.833957,
1979-09-12,11.946885,11.686334,11.893275,
1979-09-13,11.911028,11.683418,11.891640,
1979-09-14,12.035802,11.753247,11.914492,
1979-09-17,12.152327,11.890618,12.091516,
1979-09-18,12.051234,11.818599,12.029326,
1979-09-19,12.059063,11.808160,11.958420,
1979-09-20,12.061826,11.833771,12.030531,
1979-09-21,11.872534,11.741503,11.972969,
1979-09-24,11.943348,11.816447,12.003410,
1979-09-25,11.890750,11.782400,11.995022,
1979-09-26,11.886590,11.725553,11.907879,
1979-09-27,11.830404,11.700019,11.894745,
1979-09-28,11.856392,11.707159,11.864341,
1979-10-01,11.861867,11.717606,11.877105,
1979-10-02,11.968865,11.774012,11.941012,
1979-10-03,11.818374,11.715146,11.913908,
1979-10-04,11.809609,11.718205,11.925452,
1979-10-05,11.797090,11.701743,11.927321,
1979-10-08,12.004139,11.821829,12.011830,
1979-10-09,12.148318,11.912406,12.099523,
1979-10-10,12.484356,12.102124,12.252560,
1979-10-11,12.298922,12.011766,12.227116,
1979-10-12,12.219705,11.951427,12.129401,
1979-10-15,12.456866,12.303238,12.273925,
1979-10-16,12.311117,12.262784,12.344772,
1979-10-17,12.135834,12.166969,12.283291,
1979-10-18,12.076978,12.155703,12.284625,
1979-10-19,12.284076,12.312338,12.405937,
1979-10-22,12.436020,12.443532,12.495665,
1979-10-23,12.491106,12.446798,12.503452,
1979-10-24,12.899425,12.749678,12.789152,
1979-10-25,13.134245,12.802459,12.675670,
1979-10-26,13.216484,12.900281,12.696689,
1979-10-29,12.855765,12.722205,12.617312,
1979-10-30,12.953341,12.763340,12.631458,
1979-10-31,12.794189,12.708277,12.610879,
1979-11-01,12.749231,12.714302,12.619389,
1979-11-02,13.046426,12.976068,12.743982,
1979-11-05,13.196565,13.143316,12.817886,
1979-11-06,13.407281,13.369286,12.995460,
1979-11-07,13.741404,13.685708,13.212520,
1979-11-08,13.797182,13.804247,13.347743,
1979-11-09,13.940459,13.971469,13.516728,
1979-11-12,14.024569,14.044763,13.591715,
1979-11-13,13.871875,13.914177,13.360044,
1979-11-14,14.299077,14.248100,13.576862,
1979-11-15,14.687557,14.680224,14.099289,
1979-11-16,14.345285,14.441332,13.693063,
1979-11-19,13.980870,14.155250,13.448096,
1979-11-20,14.290886,14.359839,13.577822,
1979-11-21,14.377813,14.467182,13.663570,
1979-11-22,14.458835,14.559709,13.659704,
1979-11-23,14.354320,14.495010,13.629719,
1979-11-26,14.592132,14.697397,13.805248,
1979-11-27,14.437526,14.570398,13.684424,
1979-11-28,14.337950,14.559611,13.691646,
1979-11-29,14.234955,14.512686,13.712415,
1979-11-30,14.325627,14.538324,13.713518,
1979-12-03,14.209649,14.521979,13.846618,
1979-12-04,14.319860,14.550882,13.812222,
1979-12-05,14.468503,14.610847,13.829949,
1979-12-06,14.635265,14.675517,13.913101,
1979-12-07,14.716850,14.895605,14.186738,
1979-12-10,14.910806,14.935076,14.216779,
1979-12-11,14.551391,14.644261,14.021835,
1979-12-12,14.471699,14.543614,13.925809,
1979-12-13,14.368698,14.404044,13.841509,
1979-12-14,14.065388,14.397617,14.040396,
1979-12-17,14.090954,14.361751,14.026606,
1979-12-18,14.213108,14.459900,14.124728,
1979-12-19,14.018889,14.285914,14.050883,
1979-12-20,14.003576,14.274538,14.055699,
1979-12-21,13.944577,14.173772,13.965733,
1979-12-24,13.937278,14.168342,13.966906,
1979-12-27,14.007135,14.158609,13.939109,
1979-12-28,13.980847,14.145856,13.910761,
1979-12-31,14.336344,14.314521,13.915503,
1980-01-02,14.702504,14.533614,14.003320,
1980-01-03,14.583029,14.577178,14.092827,
1980-01-04,14.282974,14.291746,13.911402,
1980-01-07,14.355106,14.369555,13.900648,
1980-01-08,14.253381,14.328621,13.842850,
1980-01-09,14.292144,14.330604,13.822536,
1980-01-10,14.105236,14.257453,13.719697,
1980-01-11,14.014118,14.100516,13.412506,
1980-01-14,13.960548,13.961421,13.238240,
1980-01-15,13.940154,14.053147,13.376105,
1980-01-16,13.941206,13.963209,13.239416,
1980-01-17,14.018797,14.016213,13.282465,
1980-01-18,13.822585,13.890329,13.309854,
1980-01-21,13.855496,13.726509,13.006696,
1980-01-22,14.015269,13.896640,13.156613,
1980-01-23,13.917397,13.850615,13.184391,
1980-01-24,14.001189,13.988957,13.380205,
1980-01-25,14.084214,14.075611,13.508974,
1980-01-28,14.089658,14.099240,13.528860,
1980-01-29,14.038071,14.056696,13.500911,
1980-01-30,14.033637,14.038900,13.479635,
1980-01-31,14.342798,14.205464,13.544214,
1980-02-01,14.700027,14.387485,13.709830,
1980-02-04,14.897373,14.581396,13.800242,
1980-02-05,15.036854,14.635070,13.832289,
1980-02-06,14.938270,14.663811,13.922964,
1980-02-07,14.687888,14.541416,13.774699,
1980-02-08,14.599993,14.393795,13.650622,
1980-02-11,14.807755,14.480667,13.609323,
1980-02-12,14.939943,14.560050,13.726020,
1980-02-13,14.480619,14.182542,13.457485,
1980-02-14,14.479104,14.213853,13.517590,
1980-02-15,14.785145,14.398700,13.634751,
1980-02-18,14.829467,14.413856,13.708898,
1980-02-19,14.731620,14.338095,13.638946,
1980-02-20,14.654901,14.234300,13.602264,
1980-02-21,14.528245,14.191757,13.632820,
1980-02-22,14.553184,14.221178,13.684895,
1980-02-25,14.428528,14.187948,13.706279,
1980-02-26,14.481373,14.189423,13.721489,
1980-02-27,14.582197,14.242009,13.702226,
1980-02-28,14.583287,14.243978,13.648409,
1980-02-29,14.849029,14.368384,13.683667,
1980-03-03,14.790591,14.367843,13.722660,
1980-03-04,15.133398,14.594585,13.880712,
1980-03-05,14.871863,14.416934,13.796380,
1980-03-06,14.835634,14.457234,13.884306,
1980-03-07,14.867319,14.445410,13.876216,
1980-03-10,14.683537,14.332630,13.825043,
1980-03-11,14.564298,14.272906,13.837960,
1980-03-12,14.636135,14.270660,13.815157,
1980-03-13,14.597341,14.284467,13.812064,
1980-03-14,14.603776,14.247985,13.729913,
1980-03-17,14.668583,14.294022,13.714554,
1980-03-18,14.614223,14.272208,13.825480,
1980-03-19,14.649353,14.235791,13.724779,
1980-03-20,14.687597,14.259071,13.713773,
1980-03-21,14.783592,14.311072,13.748093,
1980-03-24,14.686364,14.271979,13.738153,
1980-03-25,14.604729,14.198739,13.674579,
1980-03-26,14.554301,14.142971,13.669184,
1980-03-27,14.751875,14.248567,13.688869,
1980-03-28,14.751926,14.293070,13.782170,
1980-03-31,14.619194,14.160022,13.659374,
1980-04-01,14.578549,14.122833,13.541307,
1980-04-02,14.493383,14.058065,13.510334,
1980-04-03,14.472315,14.046355,13.618750,
1980-04-08,14.365314,13.962187,13.557261,
1980-04-09,14.278552,13.868503,13.486441,
1980-04-10,14.137293,13.713346,13.360058,
1980-04-11,14.154278,13.634736,13.260696,
1980-04-14,14.050122,13.628983,13.056754,
1980-04-15,14.148983,13.807430,13.266629,
1980-04-16,13.997633,13.755697,13.264215,
1980-04-17,13.925747,13.656131,13.232582,
1980-04-18,13.981607,13.683427,13.194709,
1980-04-21,13.934844,13.632100,13.136906,
1980-04-22,14.023987,13.706542,13.237647,
1980-04-23,13.938286,13.608102,13.209861,
1980-04-24,14.044561,13.723269,13.301006,
1980-04-25,14.349912,13.887585,13.456452,
1980-04-28,14.032232,13.697762,13.324479,
1980-04-29,13.880940,13.542257,13.183638,
1980-04-30,13.660199,13.410556,13.105805,
1980-05-01,13.719412,13.402316,13.068546,
1980-05-02,13.571561,13.309414,12.968298,
1980-05-06,13.375539,13.149450,12.897977,
1980-05-07,13.521727,13.293737,13.015906,
1980-05-08,13.711854,13.416932,13.052880,
1980-05-09,13.749105,13.434101,13.043961,
1980-05-12,13.620664,13.363105,13.028004,
1980-05-13,13.444923,13.226540,12.922285,
1980-05-14,13.578080,13.313802,12.971302,
1980-05-15,13.615890,13.347308,12.983586,
1980-05-16,13.587558,13.326986,12.968017,
1980-05-19,13.602320,13.352135,12.985387,
1980-05-20,13.631388,13.402270,13.052388,
1980-05-21,13.543992,13.295178,13.000855,
1980-05-22,13.630621,13.293973,12.935501,
1980-05-23,13.493609,13.134037,12.794527,
1980-05-27,13.494074,13.091014,12.696266,
1980-05-28,13.679170,13.188795,12.732785,
1980-05-29,13.590929,13.164245,12.752971,
1980-05-30,13.623599,13.206367,12.791076,
1980-06-02,13.856937,13.387940,13.057206,
1980-06-03,13.685325,13.272706,12.975228,
1980-06-04,13.560784,13.223706,12.968831,
1980-06-05,13.430297,13.098111,12.856629,
1980-06-06,13.466698,13.176277,13.065818,
1980-06-09,13.230977,13.022234,12.999791,
1980-06-10,13.305556,13.095568,13.005425,
1980-06-11,13.399303,13.115172,13.001160,
1980-06-12,13.222854,13.024956,12.962463,
1980-06-13,13.109079,13.162420,13.212813,
1980-06-16,12.704501,12.667554,13.016857,
1980-06-17,12.766561,12.510303,12.828174,
1980-06-18,12.558891,12.383472,12.685124,
1980-06-19,12.770375,12.528487,12.783618,
1980-06-20,12.822203,12.579656,12.775485,
1980-06-23,12.583841,12.424874,12.756711,
1980-06-24,12.701951,12.487365,12.800541,
1980-06-25,12.703649,12.428137,12.787556,
1980-06-26,12.833487,12.491160,12.822040,
1980-06-27,12.899965,12.527155,12.864536,
1980-06-30,13.054295,12.634178,12.897150,
1980-07-01,13.002368,12.567655,12.893600,
1980-07-02,12.712754,12.426648,12.832245,
1980-07-03,12.497508,12.284941,12.756440,
1980-07-04,12.485759,12.324990,12.720394,
1980-07-07,12.325793,12.316824,12.605368,
1980-07-08,12.403876,12.336019,12.584377,
1980-07-09,12.389605,12.308802,12.472944,
1980-07-10,12.436311,12.289054,12.475664,
1980-07-11,12.512514,12.261040,12.435322,
1980-07-14,12.562911,12.310997,12.525396,
1980-07-15,12.493805,12.290428,12.524336,
1980-07-16,12.254349,12.086303,12.359967,
1980-07-17,12.228662,12.029366,12.337799,
1980-07-18,12.225724,12.031372,12.382897,
1980-07-21,12.219847,12.030269,12.274986,
1980-07-22,12.304240,12.065193,12.288960,
1980-07-23,12.346020,12.078939,12.231625,
1980-07-24,12.369518,12.105347,12.283154,
1980-07-25,12.358282,12.131765,12.394314,
1980-07-28,12.197159,12.082278,12.383617,
1980-07-29,12.394770,12.220128,12.511925,
1980-07-30,12.474278,12.273776,12.515896,
1980-07-31,12.705442,12.440105,12.718601,
1980-08-01,12.898532,12.452140,12.654358,
1980-08-04,13.136405,12.613485,12.712153,
1980-08-05,13.274626,12.696702,12.743381,
1980-08-06,13.633127,13.109305,13.122845,
1980-08-07,13.340953,12.870979,12.858538,
1980-08-08,12.992200,12.665569,12.835954,
1980-08-11,13.183075,12.764131,12.897059,
1980-08-12,13.207193,12.824502,12.944088,
1980-08-13,13.165562,12.779529,12.952515,
1980-08-14,13.282988,12.861372,12.974673,
1980-08-15,13.096732,12.779221,12.967629,
1980-08-18,13.105211,12.826138,13.007419,
1980-08-19,13.026345,12.815520,13.048108,
1980-08-20,12.987010,12.814219,13.002648,
1980-08-21,12.938922,12.788477,12.980603,
1980-08-22,13.071258,12.863523,12.964607,
1980-08-26,13.175778,12.932957,12.988404,
1980-08-27,13.324200,13.046930,13.117378,
1980-08-28,13.434886,13.182752,13.286717,
1980-08-29,13.495815,13.167444,13.202825,
1980-09-01,13.389971,13.085217,13.095182,
1980-09-02,13.175727,12.928283,13.048177,
1980-09-03,12.756565,12.658780,12.950655,
1980-09-04,12.859411,12.684704,12.986195,
1980-09-05,12.726541,12.623745,12.871955,
1980-09-08,12.707938,12.594559,12.816972,
1980-09-09,12.259821,12.231423,12.640347,
1980-09-10,12.258743,12.208062,12.502702,
1980-09-11,12.405488,12.366002,12.636291,
1980-09-12,12.223630,12.243412,12.621377,
1980-09-15,12.177176,12.193909,12.634815,
1980-09-16,12.378157,12.328468,12.684958,
1980-09-17,12.358266,12.303557,12.710331,
1980-09-18,12.244965,12.152895,12.563854,
1980-09-19,12.434601,12.272046,12.669263,
1980-09-22,12.579682,12.424807,12.787209,
1980-09-23,12.463935,12.371254,12.808707,
1980-09-24,12.465964,12.308776,12.792877,
1980-09-25,12.415708,12.264985,12.781873,
1980-09-26,12.599700,12.379226,12.837674,
1980-09-29,12.648330,12.442630,12.914585,
1980-09-30,12.496742,12.354423,12.824821,
1980-10-01,12.366055,12.223991,12.667542,
1980-10-02,12.476435,12.226968,12.633704,
1980-10-03,12.460628,12.204309,12.611173,
1980-10-06,12.366623,12.125933,12.517116,
1980-10-07,12.414646,12.154770,12.474141,
1980-10-08,12.357238,12.186485,12.599412,
1980-10-09,12.379004,12.176288,12.561820,
1980-10-10,12.485090,12.248130,12.595091,
1980-10-13,12.357528,12.165949,12.533656,
1980-10-14,12.310320,12.098446,12.479881,
1980-10-15,12.272859,12.288789,12.429522,
1980-10-16,12.447844,12.476297,12.600710,
1980-10-17,12.426951,12.517613,12.613488,
1980-10-20,12.543971,12.520121,12.640847,
1980-10-21,12.446333,12.447849,12.553482,
1980-10-22,12.402729,12.408441,12.506131,
1980-10-23,12.401551,12.416328,12.501443,
1980-10-24,12.464908,12.409861,12.403494,
1980-10-27,12.433156,12.356106,12.352327,
1980-10-28,12.463292,12.379132,12.390143,
1980-10-29,12.558985,12.435898,12.407276,
1980-10-30,12.538959,12.430450,12.417583,
1980-10-31,12.659670,12.499829,12.510260,
1980-11-03,12.881448,12.590109,12.565736,
1980-11-04,13.003819,12.630969,12.566991,
1980-11-05,12.824106,12.583251,12.581153,
1980-11-06,12.893031,12.617886,12.601230,
1980-11-07,13.063735,12.718782,12.697795,
1980-11-10,12.977223,12.655396,12.658842,
1980-11-11,12.960778,12.603371,12.546394,
1980-11-12,12.915497,12.560980,12.513181,
1980-11-13,12.689455,12.325870,12.319366,
1980-11-14,12.846755,12.375825,12.307836,
1980-11-17,12.819828,12.402352,12.345058,
1980-11-18,12.721779,12.306037,12.272178,
1980-11-19,12.562241,12.229176,12.195325,
1980-11-20,12.791864,12.267975,12.225629,
1980-11-21,12.606889,12.234775,12.213762,
1980-11-24,12.670386,12.311046,12.295360,
1980-11-25,12.599692,12.314491,12.470493,
1980-11-26,12.556853,12.274040,12.416630,
1980-11-27,12.591453,12.312027,12.499976,
1980-11-28,12.530384,12.316247,12.523455,
1980-12-01,12.516486,12.290767,12.425524,
1980-12-02,12.488394,12.295579,12.414562,
1980-12-03,12.550085,12.384747,12.567186,
1980-12-04,12.644387,12.377770,12.595709,
1980-12-05,12.590539,12.425576,12.651986,
1980-12-08,12.591146,12.485417,12.723116,
1980-12-09,12.775240,12.665264,12.888353,
1980-12-10,13.054837,12.926438,13.071870,
1980-12-11,13.027527,13.030486,13.293821,
1980-12-12,12.942999,12.952214,13.279000,
1980-12-15,12.982202,13.199398,13.504338,
1980-12-16,13.006205,13.189112,13.441790,
1980-12-17,13.054174,13.277682,13.571678,
1980-12-18,12.951499,13.152660,13.575947,
1980-12-19,12.711186,13.188828,13.486668,
1980-12-22,12.578926,12.816143,13.302454,
1980-12-23,12.589113,12.801577,13.289976,
1980-12-24,12.585639,12.789439,13.267691,
1980-12-29,12.713772,12.876927,13.329636,
1980-12-30,12.796012,12.918424,13.333715,
1980-12-31,12.717371,12.876739,13.306203,
1981-01-02,12.661319,12.855746,13.296076,
1981-01-05,12.543680,12.778839,13.274984,
1981-01-06,12.512674,12.744290,13.207001,
1981-01-07,12.590278,12.797926,13.237962,
1981-01-08,12.665114,12.847549,13.313326,
1981-01-09,12.659468,12.816738,13.280879,
1981-01-12,12.723655,12.901087,13.355681,
1981-01-13,12.762275,12.895846,13.324166,
1981-01-14,12.741418,12.867606,13.377880,
1981-01-15,12.775668,13.017277,13.633544,
1981-01-16,12.795426,13.126317,13.702840,
1981-01-19,12.562571,12.982380,13.604742,
1981-01-20,12.535724,12.924393,13.593404,
1981-01-21,12.536954,12.905031,13.531789,
1981-01-22,12.493845,12.858285,13.565019,
1981-01-23,12.488871,12.802173,13.480365,
1981-01-26,12.590252,12.908457,13.521596,
1981-01-27,12.586009,12.879978,13.444194,
1981-01-28,12.655242,12.950864,13.484869,
1981-01-29,12.542599,12.868635,13.457299,
1981-01-30,12.509891,12.854102,13.404101,
1981-02-02,12.524547,12.819920,13.359104,
1981-02-03,12.487085,12.792647,13.342153,
1981-02-04,12.413879,12.719248,13.273689,
1981-02-05,12.503598,12.790336,13.314638,
1981-02-06,12.494956,12.789320,13.310246,
1981-02-09,12.555555,12.882021,13.319747,
1981-02-10,12.536919,12.893505,13.351980,
1981-02-11,12.378854,12.809835,13.370152,
1981-02-12,12.400607,12.855665,13.459449,
1981-02-13,12.381921,12.862454,13.459849,
1981-02-16,12.328549,12.828987,13.438104,
1981-02-17,12.218392,12.792170,13.398902,
1981-02-18,12.162155,12.746969,13.359460,
1981-02-19,12.038205,12.715185,13.358719,
1981-02-20,12.124056,12.752235,13.365792,
1981-02-23,11.940705,12.605658,13.325768,
1981-02-24,11.918357,12.549314,13.238370,
1981-02-25,11.968456,12.508518,13.176437,
1981-02-26,12.049858,12.558937,13.189795,
1981-02-27,12.068680,12.581535,13.227115,
1981-03-02,12.110316,12.578713,13.245454,
1981-03-03,12.168058,12.631203,13.297331,
1981-03-04,12.152796,12.617837,13.270969,
1981-03-05,12.245544,12.635013,13.249786,
1981-03-06,12.283563,12.677818,13.310646,
1981-03-09,12.222443,12.636205,13.259864,
1981-03-10,12.181670,12.623485,13.206226,
1981-03-11,12.014708,12.414586,12.955102,
1981-03-12,11.985734,12.424356,13.004947,
1981-03-13,12.054474,12.465161,13.031475,
1981-03-16,11.992515,12.375403,12.979681,
1981-03-17,12.046670,12.378062,12.952508,
1981-03-18,12.012530,12.374500,12.980613,
1981-03-19,12.002404,12.331995,12.843938,
1981-03-20,12.040180,12.329441,12.833789,
1981-03-23,12.075740,12.358522,12.896397,
1981-03-24,12.106338,12.366181,12.890167,
1981-03-25,12.169060,12.428205,12.965204,
1981-03-26,12.115941,12.526459,12.971591,
1981-03-27,12.149522,12.539746,12.950811,
1981-03-30,12.275505,12.690792,13.076501,
1981-03-31,12.182914,12.603835,13.014925,
1981-04-01,12.048086,12.519909,12.966644,
1981-04-02,12.050036,12.529127,12.963619,
1981-04-03,12.051149,12.515187,12.961368,
1981-04-06,12.102884,12.577518,12.987005,
1981-04-07,12.186594,12.669141,13.183081,
1981-04-08,12.160391,12.621514,13.154580,
1981-04-09,12.131637,12.599378,13.167608,
1981-04-10,12.053593,12.493506,13.057787,
1981-04-13,12.225426,12.631574,13.192847,
1981-04-14,12.126851,12.567571,13.169839,
1981-04-15,12.136087,12.555990,13.245233,
1981-04-16,12.164373,12.545817,13.206899,
1981-04-21,12.124941,12.484924,13.122712,
1981-04-22,12.099048,12.451785,13.075974,
1981-04-23,12.155476,12.466411,13.091167,
1981-04-24,12.266188,12.508435,13.064488,
1981-04-27,12.365880,12.547252,13.131705,
1981-04-28,12.509204,12.637939,13.222040,
1981-04-29,12.479017,12.642244,13.225012,
1981-04-30,12.386857,12.607580,13.186627,
1981-05-01,12.487482,12.691909,13.250444,
1981-05-05,12.966137,13.234918,13.610776,
1981-05-06,12.975902,13.361695,13.738008,
1981-05-07,12.862910,13.339331,13.758932,
1981-05-08,12.707623,13.221663,13.701119,
1981-05-11,12.844855,13.207817,13.656587,
1981-05-12,12.907571,13.339334,13.795655,
1981-05-13,12.839680,13.356455,13.805274,
1981-05-14,12.865400,13.376741,13.804586,
1981-05-15,12.838695,13.267761,13.699265,
1981-05-18,12.733735,13.174126,13.576419,
1981-05-19,12.722721,13.131443,13.552072,
1981-05-20,12.835234,13.282719,13.688643,
1981-05-21,12.826091,13.273964,13.690461,
1981-05-22,12.920011,13.344559,13.808170,
1981-05-26,12.892041,13.259452,13.679390,
1981-05-27,12.877182,13.171799,13.563181,
1981-05-28,12.868905,13.118795,13.478945,
1981-05-29,12.745666,13.077756,13.379306,
1981-06-01,12.668081,13.013744,13.339155,
1981-06-02,12.774205,13.203230,13.603482,
1981-06-03,12.806550,13.218611,13.650499,
1981-06-04,13.294226,13.570546,13.973815,
1981-06-05,13.590632,13.895715,14.283267,
1981-06-08,13.725039,13.926833,14.101652,
1981-06-09,13.549129,13.783372,13.992648,
1981-06-10,13.191747,13.689546,13.935287,
1981-06-11,13.267253,13.792565,14.010771,
1981-06-12,13.136683,13.903038,14.161796,
1981-06-15,12.660831,13.576530,13.916902,
1981-06-16,12.868936,13.628266,14.004965,
1981-06-17,12.895068,13.668054,14.060068,
1981-06-18,13.061878,13.795356,14.192049,
1981-06-19,13.122624,13.867138,14.257891,
1981-06-22,12.931992,13.752648,14.167483,
1981-06-23,12.760268,13.643893,14.087041,
1981-06-24,12.789295,13.693956,14.144040,
1981-06-25,12.862186,13.753142,14.188423,
1981-06-26,12.880596,13.759189,14.219556,
1981-06-29,12.735637,13.652862,14.147890,
1981-06-30,12.778547,13.664839,14.150294,
1981-07-01,12.932546,13.796891,14.280747,
1981-07-02,13.070202,13.846730,14.298904,
1981-07-03,12.979848,13.805310,14.229967,
1981-07-06,13.373603,14.063940,14.396301,
1981-07-07,13.332802,14.038051,14.384031,
1981-07-08,13.456835,14.164410,14.437217,
1981-07-09,13.588518,14.280418,14.556097,
1981-07-10,13.350733,14.105211,14.399269,
1981-07-13,13.417662,14.097805,14.313949,
1981-07-14,13.461813,14.177339,14.513026,
1981-07-15,13.450061,14.265719,14.646252,
1981-07-16,13.468887,14.338519,14.757010,
1981-07-17,13.710143,14.472995,14.899961,
1981-07-20,13.789242,14.529557,14.996881,
1981-07-21,13.968777,14.576984,14.963205,
1981-07-22,13.590457,14.392924,14.780295,
1981-07-23,13.480362,14.309071,14.719821,
1981-07-24,13.443069,14.241035,14.736420,
1981-07-27,13.422146,14.068198,14.508095,
1981-07-28,13.601896,14.184738,14.610020,
1981-07-30,13.576724,14.227297,14.668313,
1981-07-31,13.612281,14.190001,14.575225,
1981-08-03,13.838394,14.335540,14.714481,
1981-08-04,13.742355,14.369211,14.866369,
1981-08-05,13.633136,14.259425,14.775429,
1981-08-06,13.678379,14.247058,14.733176,
1981-08-07,13.732312,14.224180,14.728145,
1981-08-10,13.677994,14.184898,14.624015,
1981-08-11,13.399769,14.095500,14.550361,
1981-08-12,13.332224,13.990436,14.428108,
1981-08-13,13.398850,14.022503,14.452280,
1981-08-14,13.379382,14.120570,14.595562,
1981-08-17,13.273404,14.053596,14.506326,
1981-08-18,13.348346,14.068379,14.488701,
1981-08-19,13.429536,14.157860,14.577470,
1981-08-20,13.321882,14.084537,14.508944,
1981-08-21,13.285979,14.020548,14.467786,
1981-08-24,13.382383,14.107105,14.575381,
1981-08-25,13.515679,14.257889,14.793995,
1981-08-26,13.369039,14.179655,14.698278,
1981-08-27,13.419309,14.240314,14.800346,
1981-08-28,13.355632,14.156672,14.722346,
1981-09-01,13.353962,14.151156,14.705913,
1981-09-02,13.293901,14.077382,14.595203,
1981-09-03,13.330885,14.081755,14.592376,
1981-09-04,13.411105,14.132543,14.666856,
1981-09-07,13.484294,14.179512,14.705632,
1981-09-08,13.551300,14.213062,14.689146,
1981-09-09,13.481244,14.196444,14.693497,
1981-09-10,13.402406,14.142143,14.582879,
1981-09-11,13.430090,14.133738,14.540590,
1981-09-14,13.747747,14.348283,14.759655,
1981-09-15,14.043369,14.616942,14.965540,
1981-09-16,13.965357,14.565855,14.945206,
1981-09-17,14.007800,14.651666,15.074535,
1981-09-18,14.105710,14.702239,15.164459,
1981-09-21,14.239135,14.748318,15.165999,
1981-09-22,14.078177,14.635428,15.079380,
1981-09-23,14.288640,14.742782,15.162136,
1981-09-24,14.836675,15.025395,15.260697,
1981-09-25,14.933447,15.221771,15.360156,
1981-09-28,15.066457,15.384632,15.557067,
1981-09-29,15.047293,15.308316,15.389545,
1981-09-30,15.116724,15.358741,15.442107,
1981-10-01,15.299772,15.411657,15.386002,
1981-10-02,15.354245,15.450248,15.366648,
1981-10-05,15.252935,15.358226,15.233601,
1981-10-06,15.246571,15.373102,15.218529,
1981-10-07,14.969416,15.218173,15.072865,
1981-10-08,14.846226,15.130788,15.023320,
1981-10-09,14.558800,15.030678,15.008189,
1981-10-12,14.609540,15.042107,14.963184,
1981-10-13,14.690251,15.152520,15.051918,
1981-10-14,14.903370,15.292642,15.071637,
1981-10-15,14.917057,15.398271,15.151398,
1981-10-16,15.011180,15.566800,15.343000,
1981-10-19,14.879690,15.548242,15.298351,
1981-10-20,14.823427,15.505807,15.304034,
1981-10-21,15.039496,15.599726,15.355346,
1981-10-22,15.286376,15.799714,15.494949,
1981-10-23,15.265011,15.799001,15.538111,
1981-10-26,15.490051,15.937011,15.541901,
1981-10-27,15.311183,15.780079,15.474404,
1981-10-28,15.165538,15.708683,15.437501,
1981-10-29,15.027329,15.534279,15.302499,
1981-10-30,14.946431,15.443789,15.218781,
1981-11-02,14.579215,15.240892,15.156764,
1981-11-03,14.459566,15.120265,15.085722,
1981-11-04,14.466969,15.133241,15.081539,
1981-11-05,14.393346,15.010842,15.010874,
1981-11-06,14.436035,15.040795,15.024925,
1981-11-09,14.050321,14.685512,14.788096,
1981-11-10,14.304869,14.887727,14.919853,
1981-11-11,14.155661,14.761961,14.864900,
1981-11-12,13.963836,14.560743,14.724309,
1981-11-13,13.959889,14.518262,14.633913,
1981-11-16,14.096484,14.518689,14.334023,
1981-11-17,14.178770,14.615397,14.436776,
1981-11-18,14.155762,14.611841,14.454238,
1981-11-19,14.112705,14.476270,14.234594,
1981-11-20,14.161343,14.516679,14.252100,
1981-11-23,14.273122,14.652409,14.406853,
1981-11-24,14.237842,14.647128,14.366500,
1981-11-25,14.164335,14.538152,14.236462,
1981-11-26,14.196704,14.604360,14.321117,
1981-11-27,14.118512,14.555638,14.277031,
1981-11-30,14.016547,14.494908,14.258003,
1981-12-01,14.165016,14.636460,14.380295,
1981-12-02,14.094363,14.626296,14.362816,
1981-12-03,14.068746,14.755965,14.546233,
1981-12-04,13.849974,14.606441,14.425246,
1981-12-07,13.810947,14.676176,14.556171,
1981-12-08,13.887244,14.897836,14.769273,
1981-12-09,14.098577,14.914165,14.782064,
1981-12-10,14.327386,14.931962,14.793316,
1981-12-11,14.684626,15.168928,14.930195,
1981-12-14,14.784605,15.247383,15.042019,
1981-12-15,14.697572,15.460537,15.207110,
1981-12-16,14.569707,15.339360,15.106155,
1981-12-17,14.590772,15.396533,15.135853,
1981-12-18,14.889357,15.613092,15.289401,
1981-12-21,14.960659,15.695823,15.331269,
1981-12-22,14.906600,15.646713,15.315039,
1981-12-23,14.929433,15.606561,15.245875,
1981-12-24,14.946833,15.612100,15.241267,
1981-12-29,14.808832,15.479776,15.153168,
1981-12-30,14.764876,15.454785,15.170413,
1981-12-31,14.821338,15.540962,15.068019,
1982-01-04,14.832792,15.551673,15.063207,
1982-01-05,14.876248,15.589438,15.045849,
1982-01-06,15.120667,15.778395,15.103997,
1982-01-07,14.935205,15.699069,15.097136,
1982-01-08,14.998495,15.744921,15.074232,
1982-01-11,14.779732,15.630956,14.984639,
1982-01-12,14.880012,15.694508,14.991239,
1982-01-13,14.974297,15.784376,15.063914,
1982-01-14,14.837489,15.675685,14.975027,
1982-01-15,14.795499,15.730714,15.098902,
1982-01-18,14.709210,15.721986,15.146927,
1982-01-19,14.513850,15.518699,15.074606,
1982-01-20,14.370667,15.376175,14.841088,
1982-01-21,14.174405,15.297803,14.847547,
1982-01-22,14.068662,15.215593,14.812133,
1982-01-25,13.859028,15.020253,14.839604,
1982-01-26,14.205110,15.282923,14.957700,
1982-01-27,14.068822,15.210538,14.842439,
1982-01-28,13.900143,15.032718,14.715033,
1982-01-29,13.774109,14.936086,14.643150,
1982-02-01,13.572533,14.738374,14.422236,
1982-02-02,13.789402,14.914923,14.514503,
1982-02-03,13.877314,14.994524,14.585294,
1982-02-04,13.797340,14.871700,14.432554,
1982-02-05,13.673403,14.829448,14.410871,
1982-02-08,13.588912,14.771206,14.376324,
1982-02-09,13.666071,14.871751,14.454270,
1982-02-10,13.786249,14.988442,14.564014,
1982-02-11,13.578176,14.810434,14.507700,
1982-02-12,13.504468,14.611443,14.241989,
1982-02-15,13.565884,14.820620,14.449546,
1982-02-16,13.649053,14.892464,14.491240,
1982-02-17,13.615699,14.856954,14.489973,
1982-02-18,13.487787,14.691856,14.308128,
1982-02-19,13.422185,14.609129,14.261669,
1982-02-22,13.371696,14.447259,14.078132,
1982-02-23,13.098838,14.100014,13.736207,
1982-02-24,13.217064,14.165537,13.777500,
1982-02-25,13.286125,14.277772,13.937726,
1982-02-26,13.177116,14.125368,13.760806,
1982-03-01,13.303839,14.264706,13.909890,
1982-03-02,13.106160,14.078750,13.754136,
1982-03-03,13.017413,13.924573,13.582357,
1982-03-04,13.054325,13.924547,13.545455,
1982-03-05,12.909100,13.783443,13.402959,
1982-03-08,12.798484,13.650054,13.318523,
1982-03-09,12.653959,13.446544,13.235928,
1982-03-10,12.746822,13.541508,13.396604,
1982-03-11,12.620634,13.199122,13.094097,
1982-03-12,12.621497,13.238637,13.069416,
1982-03-15,12.838409,13.403961,13.148627,
1982-03-16,12.824938,13.312286,13.081862,
1982-03-17,12.927091,13.390838,13.106253,
1982-03-18,13.072571,13.485672,13.161790,
1982-03-19,12.988394,13.430506,13.152154,
1982-03-22,12.965820,13.402579,13.187234,
1982-03-23,12.802638,13.216197,13.061570,
1982-03-24,12.645325,13.002241,12.891965,
1982-03-25,12.567812,13.054513,13.037711,
1982-03-26,12.610306,13.112774,13.107163,
1982-03-29,12.709582,13.346702,13.224187,
1982-03-30,12.938161,13.537041,13.341801,
1982-03-31,12.609113,12.629468,13.792956,
1982-04-01,12.557819,12.594256,13.706307,
1982-04-02,12.504658,12.577961,13.676607,
1982-04-05,12.980292,13.055804,14.104901,
1982-04-06,13.248367,13.298669,14.327307,
1982-04-07,13.145125,13.128216,14.196255,
1982-04-08,13.306238,13.198446,14.126410,
1982-04-13,13.193015,13.251913,14.251225,
1982-04-14,13.065425,13.156577,14.179360,
1982-04-15,13.269642,13.311913,14.310515,
1982-04-16,13.262885,13.307771,14.323565,
1982-04-19,13.165523,13.226005,14.340913,
1982-04-20,12.925500,12.994543,14.096402,
1982-04-21,12.839532,12.930140,14.051712,
1982-04-22,12.908603,13.023605,14.114356,
1982-04-23,12.931385,13.034947,14.116201,
1982-04-26,13.018074,13.113490,14.153830,
1982-04-27,12.910542,13.042018,14.065037,
1982-04-28,12.848319,13.013591,14.094508,
1982-04-29,12.740301,12.969973,14.096048,
1982-04-30,12.797052,13.039236,14.133694,
1982-05-04,12.682762,12.961141,14.050145,
1982-05-05,12.738165,13.096290,14.142937,
1982-05-06,12.438082,12.890212,13.999322,
1982-05-07,12.376205,12.881501,13.980242,
1982-05-10,12.269458,12.742602,13.859704,
1982-05-11,12.287121,12.763732,13.893409,
1982-05-12,12.082159,12.643226,13.769698,
1982-05-13,12.154929,12.714107,13.805227,
1982-05-14,12.217636,12.743412,13.862697,
1982-05-17,12.232386,12.667754,13.789808,
1982-05-18,12.325017,12.739524,13.891957,
1982-05-19,12.493848,12.890648,13.998628,
1982-05-20,12.596303,13.014513,14.175313,
1982-05-21,12.423160,12.941060,14.172409,
1982-05-24,12.267970,12.764035,13.997614,
1982-05-25,12.290280,12.770893,13.996987,
1982-05-26,12.349006,12.780608,13.954562,
1982-05-27,12.279225,12.750293,13.945044,
1982-05-28,12.179246,12.662589,13.914339,
1982-06-01,12.010799,12.537015,13.823940,
1982-06-02,12.017562,12.546494,13.827367,
1982-06-03,11.891626,12.419356,13.785183,
1982-06-04,11.853496,12.351441,13.745395,
1982-06-07,11.872532,12.280882,13.646272,
1982-06-08,11.893103,12.320630,13.707230,
1982-06-09,12.004553,12.376599,13.788718,
1982-06-10,12.096581,12.508141,13.928819,
1982-06-11,11.996648,12.354195,13.804892,
1982-06-14,12.091415,12.391592,13.845849,
1982-06-15,12.124953,12.459016,13.947389,
1982-06-16,12.128861,12.455607,13.956336,
1982-06-17,12.268516,12.571832,14.048479,
1982-06-18,12.398193,12.670074,14.109861,
1982-06-21,12.530557,12.774927,14.169685,
1982-06-22,12.424960,12.630948,14.046799,
1982-06-23,12.450186,12.696796,14.108265,
1982-06-24,12.402391,12.629288,14.022693,
1982-06-25,12.539039,12.758911,14.115051,
1982-06-28,12.526481,12.760876,14.136449,
1982-06-29,12.455909,12.673987,14.005271,
1982-06-30,12.264313,12.496577,13.876645,
1982-07-01,12.224736,12.509678,13.907179,
1982-07-02,12.249893,12.538948,13.926551,
1982-07-05,12.080262,12.397524,13.807718,
1982-07-06,11.966655,12.367311,13.824100,
1982-07-07,11.959837,12.420846,13.885340,
1982-07-08,11.826369,12.335926,13.841653,
1982-07-09,11.789811,12.239064,13.700157,
1982-07-12,11.715854,12.080451,13.459380,
1982-07-13,11.746747,12.181791,13.570880,
1982-07-14,11.725602,12.196846,13.567531,
1982-07-15,11.618443,12.113418,13.524015,
1982-07-16,11.574738,12.037854,13.465587,
1982-07-19,11.367545,11.788117,13.273227,
1982-07-20,11.249351,11.665613,13.218529,
1982-07-21,11.195833,11.630252,13.222591,
1982-07-22,11.190656,11.585761,13.254520,
1982-07-23,11.045603,11.480326,13.176606,
1982-07-26,11.071885,11.522493,13.287238,
1982-07-27,11.059779,11.497828,13.257081,
1982-07-28,11.018072,11.479082,13.261143,
1982-07-29,11.018974,11.509897,13.311726,
1982-07-30,10.978320,11.467407,13.281004,
1982-08-02,10.820486,11.327761,13.172998,
1982-08-03,10.731944,11.237070,13.109311,
1982-08-04,10.727869,11.231400,13.093028,
1982-08-05,10.710099,11.294248,13.133017,
1982-08-06,10.851125,11.424808,13.236303,
1982-08-09,10.941207,11.508838,13.305902,
1982-08-10,10.823298,11.413475,13.209356,
1982-08-11,10.700445,11.390201,13.175113,
1982-08-12,10.609108,11.322109,13.086507,
1982-08-13,10.427898,11.166981,12.934903,
1982-08-16,10.009077,10.797029,12.652953,
1982-08-17,9.860352,10.614507,12.461325,
1982-08-18,9.231951,10.235472,12.098688,
1982-08-19,9.531365,10.404838,12.240460,
1982-08-20,9.332050,10.142167,11.908215,
1982-08-23,9.362698,10.035987,11.732788,
1982-08-24,9.650973,10.138962,11.765675,
1982-08-25,9.904270,10.215301,11.869388,
1982-08-26,9.843916,10.252405,11.889082,
1982-08-27,10.015202,10.416639,12.014284,
1982-08-31,10.189324,10.545230,12.043671,
1982-09-01,10.138090,10.509200,12.026660,
1982-09-02,10.012643,10.464200,11.993362,
1982-09-03,9.797238,10.290161,11.868493,
1982-09-06,9.884019,10.340790,11.916764,
1982-09-07,9.826445,10.312142,11.905343,
1982-09-08,9.889388,10.389907,11.966905,
1982-09-09,9.820129,10.366792,11.984012,
1982-09-10,10.093782,10.590021,12.139921,
1982-09-13,10.275588,10.755589,12.273353,
1982-09-14,10.048997,10.601665,12.181418,
1982-09-15,9.946562,10.599895,12.155938,
1982-09-16,10.083702,10.751086,12.236339,
1982-09-17,10.089587,10.738851,12.235298,
1982-09-20,9.984972,10.654794,12.139410,
1982-09-21,9.906952,10.535390,12.019548,
1982-09-22,9.801659,10.468243,11.849320,
1982-09-23,9.850716,10.508124,11.853401,
1982-09-24,9.962169,10.577261,11.902339,
1982-09-27,9.891572,10.521979,11.824223,
1982-09-28,9.793599,10.435804,11.687618,
1982-09-29,9.743813,10.409850,11.633977,
1982-09-30,9.808938,10.468482,11.657272,
1982-10-01,9.824874,10.561955,11.747399,
1982-10-04,9.975493,10.786116,11.920825,
1982-10-05,9.906226,10.704568,11.870822,
1982-10-06,9.762951,10.528024,11.738096,
1982-10-07,9.623918,10.297106,11.573503,
1982-10-08,9.527033,10.096312,11.334710,
1982-10-11,9.202435,9.695202,10.879444,
1982-10-12,9.037974,9.605010,10.678729,
1982-10-13,9.194589,9.725709,10.709866,
1982-10-14,9.240053,9.801668,10.796524,
1982-10-15,9.223935,9.870904,10.811180,
1982-10-18,9.133588,9.759223,10.747582,
1982-10-19,8.996103,9.606878,10.618989,
1982-10-20,9.069433,9.691037,10.620816,
1982-10-21,9.006569,9.672653,10.657864,
1982-10-22,9.000589,9.719162,10.714503,
1982-10-25,9.096204,9.867790,10.853312,
1982-10-26,9.083524,9.848378,10.838089,
1982-10-27,9.006912,9.776924,10.797757,
1982-10-28,9.000058,9.797860,10.839318,
1982-10-29,8.895614,9.684222,10.741545,
1982-11-01,8.662528,9.482138,10.601382,
1982-11-02,8.611343,9.404883,10.562389,
1982-11-03,8.619641,9.341147,10.554733,
1982-11-04,8.719209,9.472820,10.692738,
1982-11-05,8.713784,9.508204,10.765438,
1982-11-08,8.703927,9.530303,10.805256,
1982-11-09,8.651176,9.517009,10.758193,
1982-11-10,8.549512,9.383870,10.684263,
1982-11-11,8.531436,9.374332,10.672079,
1982-11-12,8.495612,9.356046,10.686337,
1982-11-15,8.652720,9.521460,10.844965,
1982-11-16,8.916125,9.758663,11.168144,
1982-11-17,8.997336,9.886521,11.248508,
1982-11-18,9.196751,10.121966,11.447370,
1982-11-19,9.086176,10.020851,11.330050,
1982-11-22,9.410154,10.314675,11.554462,
1982-11-23,9.439159,10.294563,11.511176,
1982-11-24,9.324218,10.197105,11.436340,
1982-11-25,9.752209,10.606411,11.802058,
1982-11-26,10.189374,10.838995,11.761541,
1982-11-29,10.170727,10.720692,11.688641,
1982-11-30,10.225242,10.788319,11.729076,
1982-12-01,10.037973,10.612813,11.620713,
1982-12-02,10.064763,10.636352,11.627398,
1982-12-03,9.912946,10.461492,11.429962,
1982-12-06,10.105628,10.628127,11.487248,
1982-12-07,10.358880,10.782907,11.623256,
1982-12-08,10.775095,11.090676,11.877127,
1982-12-09,10.629178,11.081521,11.925992,
1982-12-10,10.643155,11.073107,11.845848,
1982-12-13,10.769259,11.216765,11.974486,
1982-12-14,10.331960,10.869289,11.766104,
1982-12-15,10.568184,10.939702,11.704557,
1982-12-16,10.551003,10.959623,11.731553,
1982-12-17,10.703294,11.036448,11.666330,
1982-12-20,10.660669,10.984943,11.687207,
1982-12-21,10.625565,10.865952,11.559031,
1982-12-22,10.553503,10.748546,11.428381,
1982-12-23,10.518031,10.764284,11.419440,
1982-12-24,10.490211,10.768280,11.417450,
1982-12-29,10.103184,10.406529,11.190179,
1982-12-30,10.059134,10.401800,11.227770,
1982-12-31,10.142180,10.517199,11.333930,
1983-01-04,10.046237,10.414130,11.296321,
1983-01-05,10.053382,10.451223,11.342369,
1983-01-06,10.342995,10.756701,11.509947,
1983-01-07,10.439246,10.800116,11.554659,
1983-01-10,10.462683,10.837647,11.603832,
1983-01-11,10.825440,11.199127,12.001680,
1983-01-12,11.252461,11.460799,12.043426,
1983-01-13,11.061875,11.425257,11.996985,
1983-01-14,10.580791,11.108654,11.816443,
1983-01-17,10.361058,10.922214,11.630764,
1983-01-18,10.522314,11.112852,11.825612,
1983-01-19,10.545060,11.020643,11.753218,
1983-01-20,10.411058,10.973912,11.773734,
1983-01-21,10.500402,11.021137,11.832931,
1983-01-24,10.979442,11.376302,12.135408,
1983-01-25,10.810963,11.211600,12.117938,
1983-01-26,10.630712,11.050112,11.996405,
1983-01-27,10.723407,11.162692,12.098821,
1983-01-28,10.637031,11.092778,12.040270,
1983-01-31,10.750911,11.223632,12.131441,
1983-02-01,10.724769,11.167870,12.092267,
1983-02-02,10.745730,11.158084,12.114593,
1983-02-03,10.649466,11.041604,11.961903,
1983-02-04,10.690367,11.106795,12.058518,
1983-02-07,10.698531,11.109358,12.048942,
1983-02-08,10.538409,10.954045,11.886375,
1983-02-09,10.430822,10.918521,11.899360,
1983-02-10,10.332677,10.881456,11.884434,
1983-02-11,10.255247,10.748586,11.743792,
1983-02-14,10.275272,10.757519,11.668919,
1983-02-15,10.226943,10.683596,11.540878,
1983-02-16,10.094151,10.690697,11.561483,
1983-02-17,10.069723,10.748884,11.611448,
1983-02-18,10.034953,10.668074,11.484764,
1983-02-21,10.258601,10.856761,11.563573,
1983-02-22,10.513829,11.035253,11.745374,
1983-02-23,10.523235,11.018728,11.772022,
1983-02-24,10.370177,10.932157,11.718995,
1983-02-25,10.366486,10.916307,11.717575,
1983-02-28,10.297153,10.872330,11.578806,
1983-03-01,10.416714,10.994610,11.649760,
1983-03-02,10.442942,10.985982,11.569051,
1983-03-03,10.325100,10.903635,11.520983,
1983-03-04,10.238420,10.796167,11.318801,
1983-03-07,10.221733,10.783393,11.281947,
1983-03-08,10.316801,10.870498,11.351228,
1983-03-09,10.325096,10.921695,11.392026,
1983-03-10,10.183249,10.771494,11.205575,
1983-03-11,10.329200,10.911836,11.339824,
1983-03-14,10.219194,10.783007,11.257685,
1983-03-15,10.013938,10.608398,11.194970,
1983-03-16,10.170494,10.724630,11.258816,
1983-03-17,10.166646,10.691077,11.244356,
1983-03-18,10.315318,10.795153,11.341085,
1983-03-21,10.503359,11.010504,11.484079,
1983-03-22,10.417807,10.916729,11.420539,
1983-03-23,10.568237,11.057812,11.482631,
1983-03-24,10.501576,10.956171,11.379232,
1983-03-25,10.469407,10.927137,11.337003,
1983-03-28,10.595038,11.060591,11.465717,
1983-03-29,10.583202,11.048582,11.483816,
1983-03-30,10.460626,10.966497,11.392330,
1983-03-31,10.417003,10.900896,11.284892,
1983-04-05,10.408779,10.868924,11.240336,
1983-04-06,10.168970,10.630641,11.025287,
1983-04-07,10.208184,10.695505,11.125650,
1983-04-08,10.281248,10.699233,11.116737,
1983-04-11,10.143136,10.615385,10.968723,
1983-04-12,10.172222,10.663619,10.998675,
1983-04-13,10.164389,10.700471,11.025298,
1983-04-14,10.206776,10.758151,11.076527,
1983-04-15,10.115286,10.727436,11.039816,
1983-04-18,10.145162,10.723094,11.037554,
1983-04-19,10.162232,10.817481,11.120823,
1983-04-20,10.146593,10.817111,11.129626,
1983-04-21,10.107321,10.804393,11.139047,
1983-04-22,10.089039,10.854960,11.218735,
1983-04-25,9.988870,10.729171,11.124425,
1983-04-26,9.940926,10.672912,11.094500,
1983-04-27,9.977717,10.720310,11.126868,
1983-04-28,10.009398,10.743041,11.130731,
1983-04-29,9.991599,10.755737,11.149756,
1983-05-03,9.970752,10.710278,11.088036,
1983-05-04,9.944060,10.645830,11.017027,
1983-05-05,9.884695,10.656233,11.064813,
1983-05-06,9.956066,10.709525,11.084221,
1983-05-09,10.006905,10.788097,11.202383,
1983-05-10,10.040754,10.841339,11.253281,
1983-05-11,10.022600,10.804432,11.235030,
1983-05-12,10.058892,10.845813,11.245005,
1983-05-13,10.119508,10.923761,11.308077,
1983-05-16,10.109797,10.928133,11.320069,
1983-05-17,10.096840,10.926561,11.344092,
1983-05-18,10.066937,10.896802,11.337451,
1983-05-19,10.075439,10.904016,11.351957,
1983-05-20,10.162901,10.940049,11.339951,
1983-05-23,10.184994,10.959066,11.363220,
1983-05-24,10.143881,10.902490,11.311287,
1983-05-25,10.116082,10.722485,11.067435,
1983-05-26,10.130242,10.752868,11.018504,
1983-05-27,10.092154,10.711289,10.949247,
1983-05-31,10.194042,10.780100,10.972795,
1983-06-01,10.224704,10.796595,11.014179,
1983-06-02,10.210205,10.768876,10.973956,
1983-06-03,10.234975,10.824012,10.992404,
1983-06-06,10.256027,10.753781,10.866816,
1983-06-07,10.248712,10.771345,10.921477,
1983-06-08,10.254089,10.812625,10.980224,
1983-06-09,10.206213,10.782608,10.945025,
1983-06-10,10.151648,10.744272,10.893338,
1983-06-13,9.932551,10.562641,10.765946,
1983-06-14,9.955124,10.636210,10.863106,
1983-06-15,10.033588,10.695366,10.927885,
1983-06-16,10.054394,10.714704,10.893981,
1983-06-17,10.053381,10.753872,10.907349,
1983-06-20,10.052686,10.830063,11.005056,
1983-06-21,10.160516,10.926151,11.116873,
1983-06-22,10.168702,10.904831,11.074513,
1983-06-23,10.129234,10.863258,11.058217,
1983-06-24,10.125205,10.843949,11.017698,
1983-06-27,10.209351,10.885946,11.000907,
1983-06-28,10.277298,10.932879,11.081222,
1983-06-29,10.228102,10.904846,11.146439,
1983-06-30,10.126780,10.824451,11.120784,
1983-07-01,10.131644,10.805392,11.076432,
1983-07-04,10.305236,10.945456,11.154094,
1983-07-05,10.473992,11.049586,11.227977,
1983-07-06,10.699359,11.134491,11.311613,
1983-07-07,10.877073,11.194511,11.320051,
1983-07-08,10.944769,11.236341,11.412383,
1983-07-11,10.913922,11.250357,11.476513,
1983-07-12,10.847570,11.186035,11.417643,
1983-07-13,10.854652,11.205925,11.421876,
1983-07-14,10.767995,11.097657,11.281732,
1983-07-15,10.868004,11.201998,11.402082,
1983-07-18,10.831803,11.170908,11.359467,
1983-07-19,10.870549,11.198276,11.359327,
1983-07-20,10.762719,11.121170,11.307730,
1983-07-21,10.763067,11.135392,11.334254,
1983-07-22,10.787216,11.219671,11.408115,
1983-07-25,10.820589,11.350490,11.545033,
1983-07-26,10.731419,11.279310,11.480623,
1983-07-27,10.793040,11.380345,11.603876,
1983-07-28,10.765337,11.404803,11.666514,
1983-07-29,10.835602,11.447877,11.677338,
1983-08-01,10.850375,11.473791,11.711589,
1983-08-02,10.813909,11.419634,11.669906,
1983-08-03,10.797741,11.391525,11.611245,
1983-08-04,10.787573,11.407112,11.603184,
1983-08-05,10.836180,11.469938,11.657774,
1983-08-08,10.795311,11.440527,11.616828,
1983-08-09,10.810763,11.447539,11.606187,
1983-08-10,10.881060,11.526135,11.671334,
1983-08-11,11.007382,11.571004,11.666753,
1983-08-12,10.980552,11.544183,11.625151,
1983-08-15,10.823276,11.367153,11.436717,
1983-08-16,10.909330,11.422380,11.446490,
1983-08-17,10.840580,11.395869,11.440396,
1983-08-18,10.791194,11.486728,11.525698,
1983-08-19,10.850928,11.518640,11.513702,
1983-08-22,10.738965,11.413258,11.460395,
1983-08-23,10.755718,11.433849,11.501225,
1983-08-24,10.792156,11.440743,11.501607,
1983-08-25,10.765860,11.427651,11.514030,
1983-08-26,10.787228,11.439850,11.511062,
1983-08-30,10.849343,11.493056,11.553750,
1983-08-31,10.882259,11.520632,11.590882,
1983-09-01,10.841074,11.488611,11.540359,
1983-09-02,10.820300,11.482187,11.548275,
1983-09-05,10.751364,11.433232,11.507297,
1983-09-06,10.691623,11.422036,11.491295,
1983-09-07,10.603433,11.398614,11.413605,
1983-09-08,10.560280,11.407144,11.436716,
1983-09-09,10.501989,11.389562,11.419431,
1983-09-12,10.222961,11.144626,11.238612,
1983-09-13,10.258867,11.168110,11.240485,
1983-09-14,10.256120,11.157573,11.240284,
1983-09-15,10.252720,11.173653,11.259478,
1983-09-16,10.206762,11.096401,11.218169,
1983-09-19,10.022591,10.973128,11.113856,
1983-09-20,10.016898,10.955120,11.091709,
1983-09-21,9.999251,10.912673,11.071207,
1983-09-22,10.036724,10.936979,11.060659,
1983-09-23,9.949963,10.849742,10.994853,
1983-09-26,9.922771,10.769991,10.899778,
1983-09-27,9.996896,10.863536,10.961725,
1983-09-28,9.982479,10.836563,10.965070,
1983-09-29,10.060218,10.881299,10.987583,
1983-09-30,10.056169,10.873889,10.986626,
1983-10-03,10.083408,10.882148,10.973427,
1983-10-04,10.124375,10.895944,10.988529,
1983-10-05,10.050806,10.798446,10.932491,
1983-10-06,10.054084,10.798227,10.921579,
1983-10-07,10.040164,10.734344,10.868695,
1983-10-10,10.205915,10.810230,10.930206,
1983-10-11,10.261804,10.865408,10.980258,
1983-10-12,10.329183,10.901699,11.048992,
1983-10-13,10.367896,10.952278,11.089537,
1983-10-14,10.439700,10.972154,11.080678,
1983-10-17,10.369253,10.927712,11.049231,
1983-10-18,10.319355,10.937908,11.070285,
1983-10-19,10.266224,10.958246,11.099291,
1983-10-20,10.215267,10.927253,11.054789,
1983-10-21,10.133228,10.868137,10.995946,
1983-10-24,10.169738,10.890086,11.016391,
1983-10-25,10.110431,10.840250,11.005310,
1983-10-26,10.038438,10.756107,10.933143,
1983-10-27,10.110096,10.805396,10.982185,
1983-10-28,10.095406,10.800105,10.976778,
1983-10-31,10.053779,10.734836,10.885001,
1983-11-01,10.046850,10.680923,10.808782,
1983-11-02,10.056865,10.716218,10.829270,
1983-11-03,10.035966,10.696508,10.836268,
1983-11-04,10.015479,10.725799,10.884917,
1983-11-07,10.059013,10.761188,10.904251,
1983-11-08,10.004302,10.710298,10.867480,
1983-11-09,9.983433,10.698577,10.859261,
1983-11-10,9.917735,10.667724,10.808479,
1983-11-11,9.850365,10.563800,10.644869,
1983-11-14,9.858737,10.530679,10.573223,
1983-11-15,9.895767,10.581912,10.621191,
1983-11-16,9.918905,10.555199,10.584513,
1983-11-17,10.027091,10.671746,10.644613,
1983-11-18,10.049543,10.683499,10.645177,
1983-11-21,10.010568,10.652205,10.624982,
1983-11-22,9.971799,10.594722,10.545890,
1983-11-23,10.041110,10.680600,10.619687,
1983-11-24,10.058397,10.711146,10.646474,
1983-11-25,10.115932,10.748745,10.685821,
1983-11-28,10.109043,10.718330,10.665516,
1983-11-29,10.117908,10.719191,10.673499,
1983-11-30,10.044733,10.641037,10.611293,
1983-12-01,10.081924,10.662512,10.627561,
1983-12-02,10.165868,10.726214,10.649999,
1983-12-05,10.202331,10.752722,10.714267,
1983-12-06,10.139623,10.726591,10.740706,
1983-12-07,10.081326,10.666884,10.656930,
1983-12-08,10.086536,10.700987,10.668658,
1983-12-09,10.188113,10.794053,10.744705,
1983-12-12,10.169902,10.826424,10.819206,
1983-12-13,10.235200,10.849453,10.835728,
1983-12-14,10.284785,10.864296,10.877484,
1983-12-15,10.267466,10.877240,10.888367,
1983-12-16,10.234727,10.852548,10.886008,
1983-12-19,10.197092,10.804978,10.839802,
1983-12-20,10.165859,10.776121,10.808887,
1983-12-21,10.128752,10.748655,10.806122,
1983-12-22,10.045408,10.698639,10.783423,
1983-12-23,10.020564,10.658013,10.751136,
1983-12-28,10.001357,10.633156,10.724637,
1983-12-29,10.044162,10.678758,10.764425,
1983-12-30,10.027154,10.682718,10.770434,
1984-01-03,10.075645,10.701805,10.763322,
1984-01-04,10.075389,10.696075,10.768961,
1984-01-05,10.035335,10.638442,10.697258,
1984-01-06,10.018904,10.631129,10.695535,
1984-01-09,10.022400,10.615398,10.648657,
1984-01-10,10.047723,10.634881,10.651225,
1984-01-11,10.157842,10.762851,10.800571,
1984-01-12,10.176651,10.793308,10.819178,
1984-01-13,10.061736,10.712000,10.718520,
1984-01-16,10.037762,10.713421,10.727728,
1984-01-17,10.060024,10.732518,10.750277,
1984-01-18,10.024009,10.762379,10.774478,
1984-01-19,10.035188,10.784279,10.799035,
1984-01-20,10.080345,10.852255,10.886280,
1984-01-23,10.090525,10.877471,10.919513,
1984-01-24,10.041520,10.849433,10.874899,
1984-01-25,10.056340,10.865408,10.874948,
1984-01-26,10.038113,10.889489,10.941490,
1984-01-27,10.008468,10.878328,10.919969,
1984-01-30,9.985123,10.821286,10.871580,
1984-01-31,9.990912,10.832634,10.862987,
1984-02-01,9.977906,10.824249,10.877959,
1984-02-02,9.954649,10.791832,10.851253,
1984-02-03,9.933217,10.746794,10.791197,
1984-02-06,9.998540,10.843721,10.916712,
1984-02-07,10.017915,10.855064,10.933992,
1984-02-08,10.019636,10.871446,10.976053,
1984-02-09,10.029465,10.893080,11.007527,
1984-02-10,10.018067,10.831103,10.945363,
1984-02-13,10.013360,10.808570,10.922256,
1984-02-14,9.968616,10.758344,10.891568,
1984-02-15,9.915061,10.700084,10.861146,
1984-02-16,9.912522,10.674074,10.840489,
1984-02-17,9.935650,10.692767,10.855387,
1984-02-20,9.955295,10.704193,10.856403,
1984-02-21,9.869521,10.641538,10.811785,
1984-02-22,9.915567,10.653704,10.819681,
1984-02-23,9.952553,10.666481,10.806486,
1984-02-24,10.108488,10.727945,10.843982,
1984-02-27,10.011636,10.690383,10.839788,
1984-02-28,9.902099,10.605706,10.795353,
1984-02-29,9.831022,10.591619,10.798809,
1984-03-01,9.757322,10.513545,10.744202,
1984-03-02,9.658951,10.430708,10.667228,
1984-03-05,9.635793,10.426911,10.654485,
1984-03-06,9.566681,10.381806,10.648803,
1984-03-07,9.547710,10.370045,10.631099,
1984-03-08,9.628512,10.447276,10.693024,
1984-03-09,9.651078,10.456503,10.673048,
1984-03-12,9.531479,10.381596,10.635451,
1984-03-13,9.537299,10.379886,10.618412,
1984-03-14,9.542714,10.404135,10.642291,
1984-03-15,9.662081,10.494268,10.704323,
1984-03-16,9.568270,10.395595,10.653612,
1984-03-19,9.633267,10.457898,10.691258,
1984-03-20,9.621172,10.439594,10.679024,
1984-03-21,9.613133,10.429173,10.660480,
1984-03-22,9.690003,10.500074,10.716235,
1984-03-23,9.632138,10.447985,10.678094,
1984-03-26,9.611402,10.402250,10.641499,
1984-03-27,9.619956,10.403533,10.654168,
1984-03-28,9.636980,10.399598,10.646420,
1984-03-29,9.626540,10.394848,10.638360,
1984-03-30,9.632149,10.411357,10.667141,
1984-04-02,9.692315,10.451084,10.695381,
1984-04-03,9.750688,10.526694,10.763308,
1984-04-04,9.783594,10.544158,10.782953,
1984-04-05,9.722572,10.489005,10.744578,
1984-04-06,9.703254,10.465910,10.723934,
1984-04-09,9.674930,10.433899,10.677869,
1984-04-10,9.690475,10.477815,10.714298,
1984-04-11,9.752265,10.524278,10.768478,
1984-04-12,9.718252,10.522890,10.811014,
1984-04-13,9.709995,10.555286,10.850981,
1984-04-16,9.806775,10.641444,10.928897,
1984-04-17,9.786352,10.672086,10.960536,
1984-04-18,9.806103,10.707935,11.011750,
1984-04-19,9.845705,10.748490,11.041706,
1984-04-24,9.854280,10.735155,10.999434,
1984-04-25,9.812088,10.713524,10.969169,
1984-04-26,9.777116,10.704226,10.966369,
1984-04-27,9.770933,10.726455,10.985150,
1984-04-30,9.917863,10.839293,11.034267,
1984-05-01,9.900386,10.824572,11.029110,
1984-05-02,9.936733,10.857098,11.044143,
1984-05-03,10.053280,10.901807,11.076786,
1984-05-04,10.208577,10.987477,11.155285,
1984-05-08,10.400784,11.090775,11.232152,
1984-05-09,10.430814,11.097276,11.237150,
1984-05-10,10.631498,11.216808,11.311155,
1984-05-11,10.745025,11.325455,11.390815,
1984-05-14,10.794254,11.371454,11.400616,
1984-05-15,10.775380,11.366103,11.386659,
1984-05-16,10.730949,11.343630,11.337515,
1984-05-17,10.718746,11.341300,11.338241,
1984-05-18,10.812475,11.458454,11.395939,
1984-05-21,10.780539,11.430268,11.378058,
1984-05-22,10.800351,11.511292,11.484766,
1984-05-23,10.796916,11.520734,11.486808,
1984-05-24,11.162711,11.838296,11.734822,
1984-05-25,11.179449,11.854569,11.714428,
1984-05-29,11.147292,11.834488,11.695141,
1984-05-30,11.200387,11.939084,11.792477,
1984-05-31,11.174096,11.892023,11.737821,
1984-06-01,11.062594,11.745817,11.585350,
1984-06-04,10.896881,11.552924,11.461862,
1984-06-05,10.913240,11.556522,11.460593,
1984-06-06,10.880099,11.584076,11.477982,
1984-06-07,10.948412,11.728468,11.621348,
1984-06-08,10.947605,11.751506,11.626274,
1984-06-11,10.909640,11.682066,11.575996,
1984-06-12,10.952735,11.772479,11.671041,
1984-06-13,10.916306,11.772270,11.681891,
1984-06-14,10.826187,11.720497,11.676526,
1984-06-15,10.831514,11.680798,11.628543,
1984-06-18,10.865718,11.709381,11.665244,
1984-06-19,10.776031,11.587071,11.536164,
1984-06-20,10.887739,11.704819,11.609186,
1984-06-21,10.916036,11.739935,11.691795,
1984-06-22,11.039955,11.811986,11.740286,
1984-06-25,11.112523,11.843327,11.789572,
1984-06-26,11.159117,11.869415,11.786527,
1984-06-27,11.123913,11.801704,11.711060,
1984-06-28,11.156688,11.816730,11.740779,
1984-06-29,11.088377,11.758341,11.689260,
1984-07-02,11.161180,11.829803,11.729044,
1984-07-03,11.208540,11.857969,11.770557,
1984-07-04,11.190535,11.820507,11.706751,
1984-07-05,11.323806,11.903695,11.767768,
1984-07-06,11.395538,11.953036,11.787880,
1984-07-09,11.657678,12.125326,11.871087,
1984-07-10,11.962207,12.346143,12.022721,
1984-07-11,11.946088,12.325400,11.985738,
1984-07-12,12.040203,12.427861,12.044640,
1984-07-13,11.969211,12.339846,11.991138,
1984-07-16,11.931594,12.325786,11.957306,
1984-07-17,11.947960,12.358533,11.993819,
1984-07-18,11.980908,12.419019,12.049040,
1984-07-19,12.089645,12.517511,12.092715,
1984-07-20,12.060759,12.464425,12.065362,
1984-07-23,12.300750,12.661696,12.155074,
1984-07-24,12.186659,12.636306,12.166185,
1984-07-25,12.168687,12.624562,12.133892,
1984-07-26,12.033953,12.562718,12.123864,
1984-07-27,12.135639,12.647301,12.198500,
1984-07-30,12.319244,12.791559,12.308301,
1984-07-31,12.250465,12.737073,12.242134,
1984-08-01,12.218289,12.693679,12.186515,
1984-08-02,11.938761,12.553555,12.057768,
1984-08-03,11.651163,12.269734,11.828189,
1984-08-06,11.740415,12.296000,11.799484,
1984-08-07,11.518097,12.124680,11.695529,
1984-08-08,11.364997,11.923970,11.489933,
1984-08-09,11.218867,11.845755,11.510158,
1984-08-10,10.871276,11.432433,11.220593,
1984-08-13,10.941347,11.515258,11.292045,
1984-08-14,10.693942,11.331431,11.136547,
1984-08-15,10.850057,11.422627,11.167379,
1984-08-16,10.911105,11.461603,11.226265,
1984-08-17,10.865373,11.459430,11.252219,
1984-08-20,10.945028,11.521095,11.291652,
1984-08-21,10.933993,11.448502,11.215316,
1984-08-22,10.959428,11.459260,11.189677,
1984-08-23,11.062229,11.580612,11.286614,
1984-08-24,11.161971,11.608985,11.271143,
1984-08-28,11.182606,11.629972,11.303863,
1984-08-29,11.193127,11.605776,11.263414,
1984-08-30,11.184652,11.629949,11.302767,
1984-08-31,11.207763,11.623628,11.301384,
1984-09-03,11.191733,11.588900,11.253886,
1984-09-04,11.286565,11.684971,11.345861,
1984-09-05,11.572976,11.834410,11.450184,
1984-09-06,11.505741,11.806746,11.456408,
1984-09-07,11.351322,11.702151,11.348588,
1984-09-10,11.290216,11.652300,11.316162,
1984-09-11,11.164271,11.516761,11.218622,
1984-09-12,11.196552,11.542488,11.222252,
1984-09-13,11.130312,11.496054,11.190915,
1984-09-14,11.104748,11.456077,11.163428,
1984-09-17,11.325351,11.631119,11.249585,
1984-09-18,11.449189,11.745719,11.323348,
1984-09-19,11.254412,11.578910,11.178062,
1984-09-20,11.219220,11.534877,11.156612,
1984-09-21,11.289873,11.564013,11.148145,
1984-09-24,11.189203,11.509459,11.117314,
1984-09-25,11.236462,11.504186,11.084417,
1984-09-26,11.134728,11.458705,11.083913,
1984-09-27,11.032403,11.394228,11.011037,
1984-09-28,11.039593,11.414888,11.009951,
1984-10-01,11.081456,11.474825,11.046100,
1984-10-02,11.000177,11.384698,10.987411,
1984-10-03,10.942058,11.377839,11.002800,
1984-10-04,10.964187,11.407726,11.047934,
1984-10-05,10.931486,11.350115,10.991755,
1984-10-08,11.003221,11.327642,10.948206,
1984-10-09,11.058758,11.383203,11.021552,
1984-10-10,11.005524,11.380533,11.065844,
1984-10-11,11.023752,11.400554,11.134706,
1984-10-12,10.942798,11.305518,11.005714,
1984-10-15,10.901805,11.274403,10.959592,
1984-10-16,11.074472,11.435375,11.090158,
1984-10-17,11.276307,11.558584,11.169369,
1984-10-18,11.439753,11.664454,11.270087,
1984-10-19,11.222598,11.502985,11.170010,
1984-10-22,11.174101,11.510172,11.163450,
1984-10-23,11.014182,11.357474,11.061178,
1984-10-24,10.999264,11.340120,11.072698,
1984-10-25,10.890642,11.261364,11.048226,
1984-10-26,10.885003,11.276529,11.050838,
1984-10-29,10.854563,11.278537,11.042897,
1984-10-30,10.803591,11.253820,11.035328,
1984-10-31,10.727576,11.192016,10.961401,
1984-11-01,10.755042,11.202099,10.962503,
1984-11-02,10.540403,11.016579,10.772785,
1984-11-05,10.280003,10.874587,10.742458,
1984-11-06,10.266035,10.808039,10.753387,
1984-11-07,10.263970,10.743119,10.679974,
1984-11-08,10.298813,10.791144,10.755735,
1984-11-09,10.266965,10.737828,10.708973,
1984-11-12,10.093069,10.591431,10.625809,
1984-11-13,10.018460,10.574931,10.643711,
1984-11-14,10.044446,10.574090,10.669293,
1984-11-15,10.010174,10.602393,10.705799,
1984-11-16,9.897665,10.548801,10.690794,
1984-11-19,9.956414,10.593153,10.704789,
1984-11-20,9.931863,10.631249,10.734410,
1984-11-21,10.052803,10.742852,10.811020,
1984-11-22,10.011954,10.681817,10.784140,
1984-11-23,9.952988,10.640311,10.779858,
1984-11-26,10.012215,10.655781,10.762607,
1984-11-27,10.048346,10.650010,10.763521,
1984-11-28,10.067273,10.678883,10.746744,
1984-11-29,10.011385,10.642132,10.751806,
1984-11-30,10.007446,10.667057,10.763085,
1984-12-03,10.022572,10.668502,10.753354,
1984-12-04,9.970180,10.586034,10.662852,
1984-12-05,9.973198,10.578036,10.646155,
1984-12-06,10.028236,10.619109,10.670490,
1984-12-07,10.071700,10.657573,10.685769,
1984-12-10,10.107386,10.674021,10.702958,
1984-12-11,10.115514,10.690142,10.730893,
1984-12-12,10.204132,10.766943,10.791073,
1984-12-13,10.250125,10.807411,10.863327,
1984-12-14,10.337710,10.857204,10.924929,
1984-12-17,10.384783,10.883301,10.915199,
1984-12-18,10.439949,10.896715,10.907176,
1984-12-19,10.462899,10.954152,10.980767,
1984-12-20,10.553157,11.000925,10.996985,
1984-12-21,10.510512,10.968652,10.977602,
1984-12-24,10.465304,10.935123,10.963584,
1984-12-27,10.517918,11.005062,11.034353,
1984-12-28,10.581662,11.042883,11.055698,
1984-12-31,10.587056,11.056140,11.069770,
1985-01-02,10.832847,11.195720,11.133390,
1985-01-03,10.958942,11.276701,11.179517,
1985-01-04,10.818306,11.209546,11.170505,
1985-01-07,10.798465,11.260115,11.249809,
1985-01-08,10.519220,11.050254,11.170384,
1985-01-09,10.448227,10.930673,11.082782,
1985-01-10,10.592301,11.026468,11.114082,
1985-01-11,10.863018,11.164272,11.199781,
1985-01-14,11.388883,11.464754,11.349326,
1985-01-15,11.289483,11.412824,11.331021,
1985-01-16,11.146397,11.351861,11.360811,
1985-01-17,11.194085,11.422098,11.451074,
1985-01-18,11.048882,11.333297,11.371119,
1985-01-21,11.029442,11.316335,11.337017,
1985-01-22,11.010331,11.297170,11.349567,
1985-01-23,11.073337,11.369626,11.402363,
1985-01-24,11.382691,11.537676,11.517913,
1985-01-25,11.188696,11.415439,11.466655,
1985-01-28,11.951401,12.028015,11.740223,
1985-01-29,11.885445,11.897101,11.659640,
1985-01-30,11.356387,11.450746,11.404450,
1985-01-31,11.200292,11.363822,11.365052,
1985-02-01,11.356829,11.482134,11.423265,
1985-02-04,11.577167,11.648504,11.487164,
1985-02-05,11.469061,11.558468,11.462653,
1985-02-06,11.511842,11.540059,11.426496,
1985-02-07,11.408059,11.453428,11.329810,
1985-02-08,11.371418,11.450305,11.377241,
1985-02-11,11.708452,11.666002,11.434952,
1985-02-12,11.875794,11.724756,11.456373,
1985-02-13,11.812256,11.697060,11.481708,
1985-02-14,11.692368,11.582461,11.418777,
1985-02-15,11.476251,11.457906,11.307326,
1985-02-18,11.583593,11.557115,11.377509,
1985-02-19,11.608491,11.572227,11.420019,
1985-02-20,11.595957,11.519889,11.369678,
1985-02-21,11.601946,11.561195,11.413603,
1985-02-22,11.819698,11.660332,11.424176,
1985-02-25,11.820939,11.675450,11.470761,
1985-02-26,11.793370,11.647282,11.437511,
1985-02-27,11.554950,11.408201,11.246600,
1985-02-28,11.656506,11.475518,11.269209,
1985-03-01,11.737556,11.529455,11.330247,
1985-03-04,11.701239,11.493193,11.308890,
1985-03-05,11.704266,11.493102,11.316280,
1985-03-06,11.724056,11.522212,11.327098,
1985-03-07,11.639598,11.497225,11.323826,
1985-03-08,11.610334,11.455531,11.268497,
1985-03-11,11.461455,11.356317,11.222468,
1985-03-12,11.555770,11.409898,11.216925,
1985-03-13,11.650516,11.518343,11.284622,
1985-03-14,11.645137,11.537141,11.355533,
1985-03-15,11.533151,11.441654,11.278057,
1985-03-18,11.518642,11.421718,11.278277,
1985-03-19,11.415713,11.390418,11.257039,
1985-03-20,11.453198,11.386042,11.139569,
1985-03-21,11.416982,11.375390,11.120527,
1985-03-22,11.408869,11.371877,11.102830,
1985-03-25,11.441705,11.386826,11.104026,
1985-03-26,11.480741,11.384249,11.075369,
1985-03-27,11.409007,11.322814,11.022943,
1985-03-28,11.369927,11.309317,11.028123,
1985-03-29,11.386331,11.285254,10.965382,
1985-04-01,11.382501,11.313935,11.036432,
1985-04-02,11.394573,11.343402,11.061053,
1985-04-03,11.369743,11.346602,11.100062,
1985-04-04,11.377275,11.363525,11.124181,
1985-04-09,11.374757,11.344469,11.086025,
1985-04-10,11.348187,11.299663,11.044238,
1985-04-11,11.270496,11.248707,10.999814,
1985-04-12,11.193497,11.170188,10.927324,
1985-04-15,11.115752,11.067090,10.820840,
1985-04-16,11.079436,11.052923,10.819542,
1985-04-17,11.033632,11.039171,10.839254,
1985-04-18,10.862890,10.925336,10.797479,
1985-04-19,10.855091,10.938453,10.824399,
1985-04-22,10.817486,10.904462,10.839313,
1985-04-23,10.899486,10.937436,10.828453,
1985-04-24,11.061988,11.050723,10.907103,
1985-04-25,11.125854,11.092129,10.965992,
1985-04-26,11.153244,11.093081,10.966410,
1985-04-29,11.106788,11.074522,10.933240,
1985-04-30,11.102057,11.079128,10.952512,
1985-05-01,11.163744,11.123020,10.981592,
1985-05-02,11.194626,11.166727,11.031940,
1985-05-03,11.139164,11.145936,11.017767,
1985-05-07,11.364774,11.283260,11.108890,
1985-05-08,11.459447,11.349742,11.226160,
1985-05-09,11.464030,11.345937,11.264689,
1985-05-10,11.381273,11.281213,11.203873,
1985-05-13,11.310180,11.217589,11.126623,
1985-05-14,11.293888,11.221561,11.124230,
1985-05-15,11.287725,11.238284,11.147682,
1985-05-16,11.355228,11.303503,11.211489,
1985-05-17,11.321994,11.294955,11.228709,
1985-05-20,11.117558,11.131018,11.084827,
1985-05-21,11.148195,11.121942,11.046990,
1985-05-22,11.146871,11.120419,11.043895,
1985-05-23,11.188952,11.153570,11.066455,
1985-05-24,11.176963,11.161292,11.074369,
1985-05-28,11.202646,11.161997,11.081278,
1985-05-29,11.187811,11.123805,11.040709,
1985-05-30,11.140739,11.079808,11.016355,
1985-05-31,11.131013,11.025185,10.958188,
1985-06-03,11.043142,10.903451,10.823772,
1985-06-04,11.041047,10.906302,10.803516,
1985-06-05,11.067746,10.948358,10.845388,
1985-06-06,11.104706,10.978937,10.857431,
1985-06-07,11.083383,10.965939,10.860476,
1985-06-10,11.140342,11.041239,10.918460,
1985-06-11,11.098565,11.006308,10.912675,
1985-06-12,11.067009,10.995711,10.891675,
1985-06-13,11.106361,11.059969,10.951160,
1985-06-14,11.019228,10.984903,10.876446,
1985-06-17,11.025251,10.993295,10.887726,
1985-06-18,10.988438,10.960738,10.855498,
1985-06-19,10.904086,10.873071,10.785082,
1985-06-20,10.973773,10.940677,10.821179,
1985-06-21,11.007551,10.973249,10.825024,
1985-06-24,11.028513,10.968250,10.825356,
1985-06-25,11.055593,11.000960,10.887157,
1985-06-26,11.031701,10.982703,10.874141,
1985-06-27,11.035583,10.979875,10.866291,
1985-06-28,11.095813,11.013249,10.871871,
1985-07-01,10.996817,10.954362,10.838192,
1985-07-02,11.008285,10.954087,10.819455,
1985-07-03,11.007076,10.976153,10.829844,
1985-07-04,11.012352,10.989657,10.861094,
1985-07-05,10.952217,10.913197,10.768208,
1985-07-08,10.921036,10.875810,10.738604,
1985-07-09,10.852965,10.822450,10.677170,
1985-07-10,10.821224,10.795708,10.648236,
1985-07-11,10.828273,10.800470,10.639667,
1985-07-12,10.758815,10.777918,10.579830,
1985-07-15,10.703917,10.730843,10.520902,
1985-07-16,10.669957,10.694569,10.499502,
1985-07-17,10.524218,10.618428,10.455091,
1985-07-18,10.477799,10.648601,10.503731,
1985-07-19,10.534934,10.704972,10.562211,
1985-07-22,10.630995,10.755419,10.598906,
1985-07-23,10.502656,10.637186,10.508996,
1985-07-24,10.511030,10.654200,10.535858,
1985-07-25,10.550674,10.710637,10.584142,
1985-07-26,10.424223,10.616442,10.536903,
1985-07-29,10.319667,10.492006,10.468338,
1985-07-30,10.304291,10.452551,10.476935,
1985-07-31,10.374948,10.549736,10.567895,
1985-08-01,10.542147,10.648145,10.624984,
1985-08-02,10.627598,10.703199,10.650795,
1985-08-05,10.590325,10.681240,10.642264,
1985-08-06,10.602827,10.682663,10.647203,
1985-08-07,10.584469,10.632748,10.613680,
1985-08-08,10.517124,10.560164,10.540281,
1985-08-09,10.544732,10.591901,10.552000,
1985-08-12,10.443055,10.499481,10.497267,
1985-08-13,10.428480,10.476978,10.506575,
1985-08-14,10.408418,10.463208,10.511878,
1985-08-15,10.366133,10.438177,10.494590,
1985-08-16,10.347996,10.434859,10.503791,
1985-08-19,10.309258,10.423567,10.513668,
1985-08-20,10.366328,10.480200,10.586230,
1985-08-21,10.316783,10.439124,10.552523,
1985-08-22,10.277773,10.377541,10.518527,
1985-08-23,10.285674,10.372786,10.491549,
1985-08-27,10.353377,10.394511,10.500284,
1985-08-28,10.360896,10.401048,10.504582,
1985-08-29,10.322504,10.385310,10.514936,
1985-08-30,10.330218,10.388018,10.513967,
1985-09-02,10.368249,10.445405,10.543620,
1985-09-03,10.367216,10.452810,10.548853,
1985-09-04,10.323233,10.401553,10.498183,
1985-09-05,10.302014,10.418547,10.514941,
1985-09-06,10.400059,10.493143,10.546271,
1985-09-09,10.524855,10.601096,10.620200,
1985-09-10,10.617243,10.657756,10.650300,
1985-09-11,10.551550,10.618524,10.644133,
1985-09-12,10.568205,10.632178,10.675000,
1985-09-13,10.502608,10.565255,10.598638,
1985-09-16,10.494455,10.558996,10.580980,
1985-09-17,10.434078,10.474929,10.517176,
1985-09-18,10.462169,10.494958,10.517947,
1985-09-19,10.500274,10.525896,10.524384,
1985-09-20,10.449110,10.484687,10.496862,
1985-09-23,10.245392,10.297755,10.347354,
1985-09-24,10.298865,10.354636,10.416132,
1985-09-25,10.325694,10.330742,10.383261,
1985-09-26,10.273226,10.292898,10.332913,
1985-09-27,10.318149,10.300565,10.319904,
1985-09-30,10.325175,10.312039,10.342700,
1985-10-01,10.320044,10.309093,10.349622,
1985-10-02,10.305666,10.289848,10.336523,
1985-10-03,10.293688,10.304626,10.353632,
1985-10-04,10.282231,10.263871,10.303115,
1985-10-07,10.289445,10.310198,10.328605,
1985-10-08,10.315748,10.368178,10.381489,
1985-10-09,10.308362,10.353932,10.387043,
1985-10-10,10.311922,10.334831,10.359394,
1985-10-11,10.306256,10.350584,10.376777,
1985-10-14,10.271182,10.307271,10.380480,
1985-10-15,10.241946,10.300483,10.374635,
1985-10-16,10.258514,10.242622,10.335246,
1985-10-17,10.241175,10.282514,10.360250,
1985-10-18,10.293988,10.276238,10.289953,
1985-10-21,10.285001,10.269581,10.312035,
1985-10-22,10.319723,10.276294,10.315090,
1985-10-23,10.306320,10.251948,10.305481,
1985-10-24,10.315253,10.288914,10.348955,
1985-10-25,10.366646,10.352558,10.420123,
1985-10-28,10.499908,10.452588,10.538182,
1985-10-29,10.479319,10.393052,10.480149,
1985-10-30,10.382530,10.326953,10.393621,
1985-10-31,10.378982,10.338444,10.421193,
1985-11-01,10.403706,10.362630,10.443623,
1985-11-04,10.413498,10.338609,10.406469,
1985-11-05,10.449940,10.363382,10.427376,
1985-11-06,10.484733,10.410478,10.494443,
1985-11-07,10.520095,10.451400,10.546593,
1985-11-08,10.591882,10.480639,10.585623,
1985-11-11,10.575217,10.488335,10.592356,
1985-11-12,10.624811,10.507768,10.625443,
1985-11-13,10.590713,10.474745,10.594572,
1985-11-14,10.624878,10.564119,10.704681,
1985-11-15,10.635670,10.553647,10.693690,
1985-11-18,10.618694,10.515378,10.637829,
1985-11-19,10.578043,10.469158,10.576977,
1985-11-20,10.576662,10.493929,10.582150,
1985-11-21,10.513365,10.464122,10.561491,
1985-11-22,10.516347,10.469578,10.556594,
1985-11-25,10.506325,10.415710,10.437714,
1985-11-26,10.548360,10.452387,10.438728,
1985-11-27,10.559248,10.460906,10.436632,
1985-11-28,10.605459,10.486853,10.447796,
1985-11-29,10.620998,10.502475,10.446095,
1985-12-02,10.619207,10.488385,10.428888,
1985-12-03,10.703935,10.555692,10.512310,
1985-12-04,10.671682,10.534523,10.478658,
1985-12-05,10.754047,10.613412,10.545822,
1985-12-06,10.781013,10.626708,10.538785,
1985-12-09,10.844236,10.671442,10.577663,
1985-12-10,11.001784,10.774314,10.636238,
1985-12-11,11.053114,10.823299,10.647182,
1985-12-12,10.951145,10.732558,10.541946,
1985-12-13,10.920420,10.724298,10.546154,
1985-12-16,10.980346,10.797513,10.630368,
1985-12-17,10.984994,10.781452,10.607815,
1985-12-18,11.026334,10.828908,10.648219,
1985-12-19,11.045935,10.851582,10.657819,
1985-12-20,11.053678,10.833205,10.630267,
1985-12-23,11.064858,10.813489,10.603962,
1985-12-24,11.067767,10.831913,10.618555,
1985-12-27,11.044873,10.793230,10.584490,
1985-12-30,11.061811,10.807632,10.591518,
1985-12-31,11.084218,10.838239,10.612820,
1986-01-02,11.102603,10.876815,10.631005,
1986-01-03,11.198855,10.930764,10.685623,
1986-01-06,11.374016,11.039425,10.734793,
1986-01-07,11.496008,11.155548,10.815003,
1986-01-08,11.596143,11.228140,10.820700,
1986-01-09,11.630529,11.306829,10.922488,
1986-01-10,11.563602,11.249562,10.867003,
1986-01-13,11.730155,11.375034,10.980863,
1986-01-14,11.842731,11.455261,11.057358,
1986-01-15,11.853619,11.445052,11.037092,
1986-01-16,11.558606,11.264464,10.930752,
1986-01-17,11.612721,11.296890,10.945982,
1986-01-20,11.853207,11.492217,11.101540,
1986-01-21,11.787730,11.435727,11.065090,
1986-01-22,11.824264,11.435315,11.050478,
1986-01-23,11.931146,11.473288,11.085462,
1986-01-24,11.819753,11.378930,11.023236,
1986-01-27,11.834565,11.385275,11.038562,
1986-01-28,11.583766,11.201162,10.948696,
1986-01-29,11.610910,11.229785,10.989852,
1986-01-30,11.562439,11.198414,10.955825,
1986-01-31,11.572369,11.191686,10.931068,
1986-02-03,11.696726,11.269184,10.984417,
1986-02-04,11.596434,11.206099,10.980547,
1986-02-05,11.532281,11.122604,10.856063,
1986-02-06,11.493862,11.068200,10.802616,
1986-02-07,11.493085,11.100323,10.816605,
1986-02-10,11.392499,10.985264,10.702453,
1986-02-11,11.390180,11.014942,10.725894,
1986-02-12,11.419001,11.024853,10.714461,
1986-02-13,11.481154,11.049501,10.739579,
1986-02-14,11.432745,10.989901,10.653744,
1986-02-17,11.313522,10.902654,10.553310,
1986-02-18,11.173113,10.748558,10.440162,
1986-02-19,11.013609,10.652454,10.400152,
1986-02-20,11.001662,10.675126,10.437308,
1986-02-21,10.987651,10.624674,10.392635,
1986-02-24,10.803404,10.377547,10.198389,
1986-02-25,10.679130,10.297359,10.148600,
1986-02-26,10.710199,10.261540,10.114715,
1986-02-27,10.540717,10.155405,10.069734,
1986-02-28,10.607604,10.188833,10.067888,
1986-03-03,10.726507,10.310112,10.171130,
1986-03-04,10.560578,10.060758,9.894815,
1986-03-05,10.572917,10.073728,9.903049,
1986-03-06,10.520969,10.040748,9.877786,
1986-03-07,10.411994,9.959468,9.827809,
1986-03-10,10.151551,9.791103,9.671050,
1986-03-11,10.036233,9.588853,9.488688,
1986-03-12,10.066807,9.595849,9.497886,
1986-03-13,10.309738,9.726247,9.561619,
1986-03-14,10.224372,9.667813,9.494069,
1986-03-17,10.206888,9.639257,9.505582,
1986-03-18,10.063401,9.554897,9.480359,
1986-03-19,9.867206,9.367458,9.297301,
1986-03-20,9.686489,9.187318,9.092981,
1986-03-21,9.691996,9.143189,9.054749,
1986-03-24,9.680548,9.120126,9.034696,
1986-03-25,9.907154,9.334931,9.191039,
1986-03-26,9.733381,9.178946,9.061422,
1986-03-27,9.515635,9.010705,8.915819,
1986-04-01,9.425521,8.844854,8.785503,
1986-04-02,9.455973,8.896681,8.814874,
1986-04-03,9.444454,8.909013,8.813644,
1986-04-04,9.496429,9.057164,8.968708,
1986-04-07,9.355753,8.971328,8.938829,
1986-04-08,9.029070,8.677980,8.726521,
1986-04-09,8.870888,8.602652,8.705095,
1986-04-10,8.908570,8.618027,8.700925,
1986-04-11,8.770402,8.548079,8.673149,
1986-04-14,8.770908,8.544458,8.668298,
1986-04-15,8.830482,8.640021,8.742064,
1986-04-16,8.722768,8.557370,8.685783,
1986-04-17,8.388759,8.374579,8.613151,
1986-04-18,8.353946,8.296490,8.585553,
1986-04-21,8.373187,8.322635,8.636577,
1986-04-22,8.358407,8.278659,8.605024,
1986-04-23,8.650260,8.470645,8.736561,
1986-04-24,8.600087,8.439628,8.750579,
1986-04-25,8.601204,8.460745,8.746863,
1986-04-28,8.661250,8.501644,8.794845,
1986-04-29,8.618588,8.443556,8.743302,
1986-04-30,8.589066,8.427938,8.735289,
1986-05-01,8.650440,8.501330,8.771130,
1986-05-02,8.699338,8.590524,8.858875,
1986-05-06,8.631616,8.541971,8.813097,
1986-05-07,8.813915,8.671130,8.888190,
1986-05-08,8.751243,8.633353,8.863708,
1986-05-09,8.863538,8.704531,8.878897,
1986-05-12,8.869642,8.783885,9.031960,
1986-05-13,8.784761,8.722647,8.991182,
1986-05-14,8.640326,8.569971,8.900841,
1986-05-15,8.684350,8.654237,8.972809,
1986-05-16,8.794218,8.721686,9.069895,
1986-05-19,8.777206,8.701956,9.055486,
1986-05-20,8.754357,8.661647,9.050290,
1986-05-21,8.684173,8.584290,8.982301,
1986-05-22,8.724834,8.599031,8.994848,
1986-05-23,8.710415,8.568301,8.956913,
1986-05-27,8.696449,8.559613,8.960152,
1986-05-28,8.640324,8.547783,8.959382,
1986-05-29,8.634335,8.597087,9.028650,
1986-05-30,8.713216,8.691016,9.129719,
1986-06-02,8.679450,8.667643,9.135363,
1986-06-03,8.674667,8.678028,9.164032,
1986-06-04,8.643313,8.646978,9.117761,
1986-06-05,8.681175,8.700252,9.188861,
1986-06-06,8.618836,8.625994,9.089732,
1986-06-09,8.587854,8.590049,9.033530,
1986-06-10,8.700038,8.725736,9.182317,
1986-06-11,8.886654,8.873324,9.332949,
1986-06-12,8.875154,8.868305,9.342414,
1986-06-13,8.816892,8.786787,9.261211,
1986-06-16,8.797059,8.737161,9.203286,
1986-06-17,8.825145,8.798982,9.264651,
1986-06-18,8.871587,8.875225,9.329802,
1986-06-19,8.922638,8.914229,9.350914,
1986-06-20,8.992587,8.970799,9.363400,
1986-06-23,8.968195,8.953576,9.341493,
1986-06-24,8.946541,8.916083,9.296050,
1986-06-25,8.888089,8.868900,9.240610,
1986-06-26,8.929426,8.885002,9.247105,
1986-06-27,8.955370,8.894419,9.253097,
1986-06-30,9.061750,8.983572,9.323577,
1986-07-01,9.060152,8.992037,9.334533,
1986-07-02,9.043384,8.940739,9.285465,
1986-07-03,8.928428,8.859193,9.191462,
1986-07-04,8.884398,8.804085,9.123321,
1986-07-07,8.890950,8.817334,9.091981,
1986-07-08,9.064573,8.925224,9.204164,
1986-07-09,9.060613,8.967603,9.268525,
1986-07-10,9.184088,9.023633,9.308520,
1986-07-11,9.156471,9.029475,9.347358,
1986-07-14,9.440714,9.300040,9.562791,
1986-07-15,9.436081,9.290850,9.520976,
1986-07-16,9.397153,9.219503,9.455411,
1986-07-17,9.388998,9.236134,9.449311,
1986-07-18,9.446408,9.302894,9.538048,
1986-07-21,9.523745,9.387491,9.608679,
1986-07-22,9.524048,9.366766,9.556498,
1986-07-23,9.514755,9.354178,9.553791,
1986-07-24,9.481670,9.276685,9.492240,
1986-07-25,9.498568,9.295794,9.474876,
1986-07-28,9.576920,9.373894,9.548966,
1986-07-29,9.531389,9.311192,9.499036,
1986-07-30,9.432271,9.253791,9.454822,
1986-07-31,9.462682,9.307613,9.512363,
1986-08-01,9.445839,9.327559,9.549542,
1986-08-04,9.522810,9.368472,9.596254,
1986-08-05,9.357458,9.258281,9.509955,
1986-08-06,9.388321,9.274899,9.517169,
1986-08-07,9.433418,9.318282,9.561836,
1986-08-08,9.416102,9.310530,9.550110,
1986-08-11,9.406312,9.296395,9.547148,
1986-08-12,9.350264,9.253416,9.486570,
1986-08-13,9.366339,9.323608,9.567388,
1986-08-14,9.343886,9.292976,9.531422,
1986-08-15,9.285615,9.236192,9.473279,
1986-08-18,9.303521,9.236079,9.482906,
1986-08-19,9.225762,9.161586,9.418369,
1986-08-20,9.153955,9.089665,9.334703,
1986-08-21,9.144457,9.121740,9.379284,
1986-08-22,9.183479,9.158738,9.411164,
1986-08-26,9.178374,9.116914,9.380295,
1986-08-27,9.200869,9.149608,9.407722,
1986-08-28,9.245590,9.138550,9.396080,
1986-08-29,9.238381,9.142692,9.411755,
1986-09-01,9.242372,9.111201,9.371222,
1986-09-02,9.237177,9.133001,9.404565,
1986-09-03,9.359228,9.249749,9.527050,
1986-09-04,9.360163,9.235337,9.510591,
1986-09-05,9.471763,9.329608,9.600657,
1986-09-08,9.551213,9.489421,9.742123,
1986-09-09,9.665526,9.553459,9.764906,
1986-09-10,9.654070,9.556565,9.764126,
1986-09-11,9.669072,9.625107,9.846894,
1986-09-12,9.831566,9.722417,9.951655,
1986-09-15,9.761533,9.735433,9.948685,
1986-09-16,9.895942,9.975541,10.135037,
1986-09-17,9.979102,10.075930,10.206384,
1986-09-18,10.283941,10.340780,10.369453,
1986-09-19,10.336606,10.468977,10.426205,
1986-09-22,10.506373,10.563457,10.439287,
1986-09-23,10.432248,10.468133,10.367194,
1986-09-24,10.723651,10.730848,10.515394,
1986-09-25,10.877565,10.796244,10.561193,
1986-09-26,10.954196,10.822098,10.588154,
1986-09-29,11.298113,11.133346,10.839126,
1986-09-30,11.016582,10.943782,10.769439,
1986-10-01,10.898410,10.833335,10.680688,
1986-10-02,11.119492,11.031045,10.820952,
1986-10-03,11.059752,10.945270,10.751762,
1986-10-06,10.999408,10.936024,10.754924,
1986-10-07,10.893771,10.843735,10.696092,
1986-10-08,10.945042,10.920919,10.780408,
1986-10-09,10.862045,10.745072,10.648577,
1986-10-10,10.717121,10.644651,10.554605,
1986-10-13,10.755050,10.699836,10.587786,
1986-10-14,10.855059,10.884086,10.748427,
1986-10-15,10.884036,10.846104,10.716415,
1986-10-16,10.900574,10.840210,10.730289,
1986-10-17,10.994509,10.917941,10.842284,
1986-10-20,10.998473,10.919983,10.852944,
1986-10-21,10.868296,10.818046,10.796680,
1986-10-22,10.774699,10.744323,10.713411,
1986-10-23,10.932882,10.856690,10.756382,
1986-10-24,10.913318,10.842393,10.729101,
1986-10-27,10.922435,10.853537,10.730852,
1986-10-28,10.896437,10.850202,10.740497,
1986-10-29,10.936810,10.911939,10.765386,
1986-10-30,10.977401,10.938230,10.786659,
1986-10-31,10.838919,10.842245,10.731960,
1986-11-03,10.751308,10.743977,10.618578,
1986-11-04,10.752649,10.739644,10.622378,
1986-11-05,10.772507,10.764642,10.609390,
1986-11-06,10.779062,10.779468,10.618102,
1986-11-07,10.815799,10.841850,10.711724,
1986-11-10,10.871932,10.928791,10.791431,
1986-11-11,10.874646,10.916492,10.818092,
1986-11-12,10.952400,11.019701,10.929931,
1986-11-13,10.999024,11.122751,11.047663,
1986-11-14,10.945945,11.087713,11.018863,
1986-11-17,10.927717,11.072634,11.015345,
1986-11-18,10.971411,11.125285,11.068658,
1986-11-19,11.076332,11.222830,11.188496,
1986-11-20,11.092020,11.219708,11.187135,
1986-11-21,11.048305,11.164988,11.133713,
1986-11-24,11.023054,11.099320,11.078387,
1986-11-25,11.012357,11.114883,11.130737,
1986-11-26,10.997920,11.080322,11.085979,
1986-11-27,10.915230,10.973492,10.961225,
1986-11-28,10.935158,11.003787,11.000318,
1986-12-01,11.019281,11.106508,11.070184,
1986-12-02,11.019049,11.075982,11.045232,
1986-12-03,11.044363,11.069746,11.058383,
1986-12-04,11.012276,11.012491,10.963938,
1986-12-05,11.038926,11.029536,10.998301,
1986-12-08,11.059547,11.049367,11.053179,
1986-12-09,11.023186,10.995349,10.973039,
1986-12-10,11.009808,10.991698,10.964223,
1986-12-11,10.977123,10.904953,10.823632,
1986-12-12,10.923975,10.822388,10.765124,
1986-12-15,10.958724,10.884822,10.835247,
1986-12-16,10.945033,10.866589,10.786052,
1986-12-17,10.934430,10.852231,10.773941,
1986-12-18,10.914870,10.825325,10.755084,
1986-12-19,10.874681,10.797516,10.707442,
1986-12-22,10.759948,10.653321,10.581274,
1986-12-23,10.741564,10.656291,10.571419,
1986-12-24,10.694468,10.591716,10.518154,
1986-12-29,10.642959,10.505438,10.412921,
1986-12-30,10.675765,10.522662,10.414756,
1986-12-31,10.626363,10.459786,10.337922,
1987-01-02,10.364674,10.259060,10.146351,
1987-01-05,10.448988,10.328232,10.249611,
1987-01-06,10.423756,10.286162,10.195242,
1987-01-07,10.415164,10.285273,10.196854,
1987-01-08,10.328632,10.201947,10.079748,
1987-01-09,10.338697,10.206239,10.048664,
1987-01-12,10.337712,10.198108,10.052641,
1987-01-13,10.460648,10.333362,10.155403,
1987-01-14,10.470896,10.353462,10.177243,
1987-01-15,10.457623,10.316917,10.128066,
1987-01-16,10.335508,10.187124,10.000143,
1987-01-19,10.320155,10.185525,10.028301,
1987-01-20,10.240076,10.102200,10.006947,
1987-01-21,10.110634,9.985742,9.938990,
1987-01-22,10.092482,10.000181,9.999852,
1987-01-23,10.091048,9.983049,10.002680,
1987-01-26,10.073961,9.983930,10.044537,
1987-01-27,10.091133,10.008889,10.064696,
1987-01-28,10.095412,10.010160,10.075560,
1987-01-29,10.086012,10.031632,10.095455,
1987-01-30,10.086802,10.024970,10.092742,
1987-02-02,10.094902,10.034252,10.089895,
1987-02-03,10.100928,10.042244,10.100695,
1987-02-04,10.035843,9.978479,10.023336,
1987-02-05,9.991677,9.930273,9.982445,
1987-02-06,9.932736,9.849601,9.930707,
1987-02-09,9.940382,9.834595,9.919059,
1987-02-10,9.996381,9.899369,9.972190,
1987-02-11,10.030155,9.908068,9.950595,
1987-02-12,10.058155,9.918625,9.941181,
1987-02-13,10.019471,9.880507,9.916955,
1987-02-16,9.990821,9.874174,9.909556,
1987-02-17,9.941369,9.817216,9.901764,
1987-02-18,9.774120,9.690909,9.832416,
1987-02-19,9.701193,9.624182,9.745422,
1987-02-20,9.593560,9.536251,9.665107,
1987-02-23,9.585138,9.537556,9.652712,
1987-02-24,9.581896,9.546396,9.646284,
1987-02-25,9.647687,9.610959,9.690066,
1987-02-26,9.625379,9.580233,9.675812,
1987-02-27,9.566720,9.498340,9.604898,
1987-03-02,9.483411,9.383918,9.546718,
1987-03-03,9.494523,9.368400,9.517240,
1987-03-04,9.371554,9.231921,9.401473,
1987-03-05,9.325003,9.137504,9.291678,
1987-03-06,9.290407,9.111579,9.247897,
1987-03-09,9.340317,9.235528,9.372935,
1987-03-10,9.216613,9.088144,9.238524,
1987-03-11,9.108772,8.990281,9.155107,
1987-03-12,9.133424,9.047324,9.219759,
1987-03-13,9.046576,9.005823,9.235059,
1987-03-16,8.959311,8.985433,9.229282,
1987-03-17,8.762089,8.767891,9.021013,
1987-03-18,8.587278,8.575278,8.904524,
1987-03-19,8.542408,8.560134,8.892035,
1987-03-20,8.491003,8.508304,8.802400,
1987-03-23,8.498643,8.526854,8.805099,
1987-03-24,8.587806,8.641358,8.902960,
1987-03-25,8.611347,8.672051,8.945250,
1987-03-26,8.769871,8.802863,9.036871,
1987-03-27,8.763541,8.847316,9.105163,
1987-03-30,8.993553,9.005530,9.257046,
1987-03-31,8.963648,8.927212,9.180133,
1987-04-01,9.009289,8.966585,9.226904,
1987-04-02,9.044859,8.983361,9.243421,
1987-04-03,9.048646,8.997247,9.277616,
1987-04-06,8.916644,8.829296,9.080867,
1987-04-07,8.907045,8.843526,9.103756,
1987-04-08,8.915589,8.835080,9.075952,
1987-04-09,8.956496,8.906468,9.136324,
1987-04-10,9.098446,9.152277,9.315137,
1987-04-13,9.120775,9.145817,9.303653,
1987-04-14,9.110202,9.092254,9.249079,
1987-04-15,9.102177,9.118255,9.253437,
1987-04-16,9.013928,9.010649,9.178495,
1987-04-21,9.004647,9.020494,9.201424,
1987-04-22,8.965691,8.956069,9.098410,
1987-04-23,8.906770,8.899090,9.065147,
1987-04-24,8.807867,8.758694,8.929818,
1987-04-27,8.791696,8.766300,9.009583,
1987-04-28,8.765743,8.727761,9.001748,
1987-04-29,8.617126,8.656064,8.908680,
1987-04-30,8.562624,8.651932,8.934368,
1987-05-01,8.472943,8.647929,8.927043,
1987-05-05,8.261757,8.470194,8.816944,
1987-05-06,8.288688,8.471915,8.807602,
1987-05-07,8.305033,8.461673,8.811115,
1987-05-08,8.102073,8.329973,8.736786,
1987-05-11,8.146271,8.369353,8.799248,
1987-05-12,8.199504,8.391881,8.806312,
1987-05-13,8.246119,8.420901,8.818662,
1987-05-14,8.299466,8.458288,8.827826,
1987-05-15,8.324981,8.508331,8.880417,
1987-05-18,8.450815,8.608181,8.941434,
1987-05-19,8.409795,8.544909,8.882406,
1987-05-20,8.510220,8.601470,8.927738,
1987-05-21,8.554467,8.641284,8.919237,
1987-05-22,8.621028,8.697013,8.971784,
1987-05-26,8.836170,8.898345,9.075569,
1987-05-27,8.844914,8.882470,9.085029,
1987-05-28,8.603555,8.696435,8.931636,
1987-05-29,8.543200,8.591771,8.836523,
1987-06-01,8.553749,8.625238,8.858716,
1987-06-02,8.532177,8.633496,8.856373,
1987-06-03,8.550477,8.656433,8.897756,
1987-06-04,8.667417,8.764434,8.999695,
1987-06-05,8.588536,8.699142,8.941340,
1987-06-08,8.553369,8.682227,8.907503,
1987-06-09,8.439660,8.561559,8.818914,
1987-06-10,8.465830,8.588504,8.852181,
1987-06-11,8.441141,8.601410,8.867147,
1987-06-12,8.374398,8.552032,8.814225,
1987-06-15,8.525855,8.683353,8.952882,
1987-06-16,8.493869,8.634097,8.912351,
1987-06-17,8.451280,8.590467,8.874643,
1987-06-18,8.557087,8.724469,8.977084,
1987-06-19,8.792907,8.913806,9.092361,
1987-06-22,8.983321,9.076453,9.245793,
1987-06-23,8.901544,8.956316,9.190245,
1987-06-24,8.799192,8.875306,9.124393,
1987-06-25,8.818586,8.899069,9.153652,
1987-06-26,8.927522,8.966110,9.203391,
1987-06-29,9.041089,9.052791,9.294971,
1987-06-30,8.978760,8.975086,9.218630,
1987-07-01,9.061703,9.054181,9.251801,
1987-07-02,9.110553,9.097625,9.286744,
1987-07-03,9.081760,9.066344,9.296401,
1987-07-06,8.923230,8.947591,9.178509,
1987-07-07,8.904394,8.913122,9.180161,
1987-07-08,8.891400,8.896532,9.145713,
1987-07-09,8.906459,8.906710,9.157648,
1987-07-10,8.910211,8.918864,9.148195,
1987-07-13,8.873554,8.888876,9.131957,
1987-07-14,8.910867,8.920125,9.150386,
1987-07-15,8.836905,8.851869,9.078906,
1987-07-16,8.793717,8.826202,9.061653,
1987-07-17,8.769692,8.813180,9.038927,
1987-07-20,8.905595,8.955962,9.163040,
1987-07-21,8.962749,9.015731,9.222344,
1987-07-22,9.258108,9.283106,9.447717,
1987-07-23,9.158928,9.173066,9.428882,
1987-07-24,9.108077,9.165217,9.444208,
1987-07-27,9.371268,9.441432,9.625112,
1987-07-28,9.300488,9.335616,9.575543,
1987-07-29,9.284211,9.323109,9.565159,
1987-07-30,9.425438,9.452568,9.692136,
1987-07-31,9.498040,9.571955,9.826778,
1987-08-03,9.587528,9.659878,9.867779,
1987-08-04,9.483615,9.591216,9.828927,
1987-08-05,9.392575,9.517719,9.780824,
1987-08-06,9.900150,9.936019,10.053954,
1987-08-07,9.949472,9.958591,10.044439,
1987-08-10,10.085334,9.993537,10.023635,
1987-08-11,9.946836,9.863063,9.912680,
1987-08-12,9.905162,9.847895,9.919623,
1987-08-13,9.929528,9.875378,9.927911,
1987-08-14,9.866624,9.791378,9.828108,
1987-08-17,9.972391,9.890300,9.890873,
1987-08-18,10.023082,9.944679,9.934513,
1987-08-19,10.027040,9.943432,9.934453,
1987-08-20,10.363582,10.283960,10.236780,
1987-08-21,10.265748,10.212555,10.174677,
1987-08-24,10.181117,10.159307,10.108385,
1987-08-25,10.279016,10.240046,10.183265,
1987-08-26,10.327096,10.278352,10.238094,
1987-08-27,10.301118,10.231211,10.246807,
1987-08-28,10.288740,10.210681,10.230802,
1987-09-01,10.218852,10.120223,10.141422,
1987-09-02,10.086197,10.072452,10.129083,
1987-09-03,10.007120,9.984883,10.055619,
1987-09-04,10.043017,10.040908,10.095427,
1987-09-07,10.016547,10.016873,10.083464,
1987-09-08,10.042685,10.036546,10.093751,
1987-09-09,10.186690,10.185577,10.204577,
1987-09-10,10.146549,10.136879,10.161654,
1987-09-11,10.104886,10.124179,10.135088,
1987-09-14,10.078966,10.100833,10.148641,
1987-09-15,10.042326,10.087863,10.174698,
1987-09-16,10.022586,10.086318,10.191049,
1987-09-17,9.882185,9.921437,10.059314,
1987-09-18,9.737410,9.758502,9.876367,
1987-09-21,9.785586,9.806017,9.858588,
1987-09-22,9.795313,9.800311,9.898631,
1987-09-23,9.823113,9.840812,9.969261,
1987-09-24,10.003637,10.071955,10.165382,
1987-09-25,9.962384,10.032711,10.143286,
1987-09-28,9.867787,9.937892,10.100643,
1987-09-29,9.927187,10.022228,10.183169,
1987-09-30,9.940356,10.005756,10.139366,
1987-10-01,9.965630,10.044690,10.197055,
1987-10-02,9.957790,10.020577,10.163024,
1987-10-05,9.935290,9.985926,10.129948,
1987-10-06,9.954870,10.016055,10.155750,
1987-10-07,9.933672,9.979297,10.137107,
1987-10-08,9.955475,10.003535,10.155244,
1987-10-09,9.989990,10.029381,10.170878,
1987-10-12,9.973899,10.002284,10.136707,
1987-10-13,9.958853,9.993001,10.106693,
1987-10-14,9.986733,10.037781,10.155802,
1987-10-15,10.043299,10.136961,10.310296,
1987-10-16,10.055825,10.142309,10.299016,
1987-10-19,10.247430,10.352653,10.557709,
1987-10-20,9.797054,9.990050,10.282854,
1987-10-21,9.770900,10.005939,10.246253,
1987-10-22,9.701011,9.912561,10.130122,
1987-10-23,9.313437,9.542356,9.845336,
1987-10-26,8.990056,9.224588,9.571887,
1987-10-27,9.053584,9.287475,9.624124,
1987-10-28,8.928202,9.190632,9.519019,
1987-10-29,8.887220,9.103282,9.408611,
1987-10-30,8.945445,9.111004,9.424601,
1987-11-02,8.937510,9.106612,9.440739,
1987-11-03,8.836796,9.024535,9.347137,
1987-11-04,8.750061,8.966941,9.282143,
1987-11-05,8.547454,8.693153,9.135559,
1987-11-06,8.483855,8.655131,9.098848,
1987-11-09,8.117797,8.325062,8.903795,
1987-11-10,8.256927,8.526977,8.984697,
1987-11-11,8.594567,8.748319,9.190099,
1987-11-12,8.604919,8.721804,9.171319,
1987-11-13,8.649229,8.826038,9.279723,
1987-11-16,8.675701,8.831540,9.305280,
1987-11-17,8.579163,8.728353,9.190286,
1987-11-18,8.617306,8.768337,9.207000,
1987-11-19,8.595450,8.747408,9.208255,
1987-11-20,8.575945,8.737289,9.218053,
1987-11-23,8.732792,8.884592,9.343566,
1987-11-24,8.700546,8.877321,9.352053,
1987-11-25,8.735617,8.943807,9.447009,
1987-11-26,8.694149,8.924351,9.431028,
1987-11-27,8.618386,8.872799,9.381756,
1987-11-30,8.546912,8.817165,9.371528,
1987-12-01,8.557218,8.847502,9.427208,
1987-12-02,8.506703,8.825143,9.419558,
1987-12-03,8.490715,8.800515,9.399896,
1987-12-04,8.593183,8.920927,9.576131,
1987-12-07,8.529468,8.909645,9.614246,
1987-12-08,8.558286,8.936555,9.637380,
1987-12-09,8.545320,8.913269,9.625208,
1987-12-10,8.643276,9.023919,9.687981,
1987-12-11,8.768939,9.187786,9.847644,
1987-12-14,8.776885,9.210468,9.814909,
1987-12-15,8.935606,9.329099,9.864452,
1987-12-16,9.119372,9.404959,9.883391,
1987-12-17,9.181030,9.392596,9.856861,
1987-12-18,9.102607,9.312401,9.821186,
1987-12-21,9.029236,9.242200,9.749404,
1987-12-22,9.007042,9.233349,9.741380,
1987-12-23,9.001196,9.220160,9.727769,
1987-12-24,8.869963,9.104188,9.644451,
1987-12-29,8.835118,9.073589,9.598085,
1987-12-30,8.907059,9.157586,9.674960,
1987-12-31,8.860779,9.135478,9.661391,
1988-01-04,8.958654,9.202387,9.712641,
1988-01-05,8.991216,9.277672,9.793883,
1988-01-06,9.080191,9.328243,9.842415,
1988-01-07,9.170464,9.418541,9.874268,
1988-01-08,9.271100,9.502585,9.934358,
1988-01-11,9.194734,9.449731,9.894239,
1988-01-12,9.218008,9.465373,9.896365,
1988-01-13,9.297993,9.593548,10.047868,
1988-01-14,9.164392,9.464497,9.927561,
1988-01-15,9.172713,9.386566,9.813180,
1988-01-18,9.058408,9.312625,9.692683,
1988-01-19,9.142231,9.376835,9.760990,
1988-01-20,9.105964,9.342936,9.693858,
1988-01-21,9.095081,9.296984,9.634389,
1988-01-22,8.973218,9.197634,9.572385,
1988-01-25,8.864564,9.094566,9.503083,
1988-01-26,8.955574,9.193361,9.604541,
1988-01-27,8.906505,9.139488,9.566494,
1988-01-28,8.802208,9.023285,9.438199,
1988-01-29,8.903636,9.025705,9.393771,
1988-02-01,9.083680,9.147627,9.489761,
1988-02-02,9.065722,9.134038,9.439350,
1988-02-03,9.060418,9.164071,9.441546,
1988-02-04,9.106108,9.200779,9.486841,
1988-02-05,9.151839,9.259353,9.562799,
1988-02-08,9.336400,9.431765,9.697911,
1988-02-09,9.214688,9.353461,9.638676,
1988-02-10,9.166624,9.326549,9.613129,
1988-02-11,9.270210,9.398597,9.641768,
1988-02-12,9.316012,9.410414,9.656473,
1988-02-15,9.329862,9.410651,9.669118,
1988-02-16,9.268398,9.374598,9.649010,
1988-02-17,9.233187,9.334004,9.569575,
1988-02-18,9.203784,9.300442,9.532162,
1988-02-19,9.154820,9.207664,9.422655,
1988-02-22,9.167600,9.230437,9.428983,
1988-02-23,9.140342,9.187586,9.376133,
1988-02-24,9.116756,9.146377,9.355603,
1988-02-25,9.031265,9.077260,9.287157,
1988-02-26,9.039575,9.093585,9.318805,
1988-02-29,9.006474,9.043803,9.244590,
1988-03-01,8.954544,8.990894,9.215317,
1988-03-02,8.954734,9.012025,9.233984,
1988-03-03,8.920165,8.986820,9.220076,
1988-03-04,8.943215,9.003419,9.288049,
1988-03-07,8.844978,8.931099,9.190496,
1988-03-08,8.876431,8.955326,9.182651,
1988-03-09,8.870934,8.943001,9.161134,
1988-03-10,8.909946,8.992781,9.210004,
1988-03-11,8.903279,9.037258,9.199239,
1988-03-14,8.832581,8.957048,9.133474,
1988-03-15,8.915274,8.988236,9.117360,
1988-03-16,8.871193,9.011487,9.213450,
1988-03-17,8.737620,8.983842,9.249550,
1988-03-18,8.664760,8.947424,9.282362,
1988-03-21,8.673284,8.979424,9.321672,
1988-03-22,8.649762,8.938101,9.290867,
1988-03-23,8.615637,8.912416,9.259527,
1988-03-24,8.636857,8.912289,9.248432,
1988-03-25,8.733064,8.976265,9.326040,
1988-03-28,8.718808,8.962954,9.308383,
1988-03-29,8.624086,8.907764,9.272217,
1988-03-30,8.589248,8.874739,9.212942,
1988-03-31,8.489061,8.802704,9.134108,
1988-04-05,8.521492,8.811044,9.141256,
1988-04-06,8.567347,8.846107,9.194967,
1988-04-07,8.590547,8.862764,9.196414,
1988-04-08,8.331721,8.710518,9.182628,
1988-04-11,8.363715,8.709605,9.191116,
1988-04-12,8.373763,8.703094,9.183034,
1988-04-13,8.406210,8.710056,9.187506,
1988-04-14,8.369824,8.697043,9.180846,
1988-04-15,8.267860,8.629083,9.147816,
1988-04-18,8.182737,8.586022,9.122091,
1988-04-19,8.186700,8.598144,9.156262,
1988-04-20,8.241068,8.661992,9.186216,
1988-04-21,8.293363,8.682042,9.209683,
1988-04-22,8.564350,8.907696,9.351544,
1988-04-25,8.766939,9.014460,9.402471,
1988-04-26,8.770087,8.988130,9.390856,
1988-04-27,8.773732,9.005413,9.394306,
1988-04-28,8.878608,9.097465,9.441761,
1988-04-29,8.654576,8.961800,9.388438,
1988-05-03,8.830255,9.101705,9.456289,
1988-05-04,8.798355,9.086711,9.453561,
1988-05-05,8.783350,9.078822,9.437861,
1988-05-06,8.810121,9.101680,9.443063,
1988-05-09,8.717978,9.064104,9.440287,
1988-05-10,8.720527,9.060604,9.430421,
1988-05-11,8.744369,9.081343,9.445443,
1988-05-12,8.720248,9.074034,9.436764,
1988-05-13,8.619213,8.986337,9.375994,
1988-05-16,8.531876,8.935971,9.372409,
1988-05-17,8.471865,8.928887,9.445400,
1988-05-18,8.520071,8.959623,9.456523,
1988-05-19,8.498865,8.952229,9.482629,
1988-05-20,8.486857,8.926268,9.435467,
1988-05-23,8.437272,8.889607,9.421318,
1988-05-24,8.455834,8.893701,9.412459,
1988-05-25,8.472824,8.895107,9.411869,
1988-05-26,8.558663,8.948421,9.445048,
1988-05-27,8.601130,8.984193,9.453463,
1988-05-31,8.650150,9.024320,9.478870,
1988-06-01,8.843098,9.082391,9.472447,
1988-06-02,8.977304,9.155110,9.462021,
1988-06-03,8.971736,9.172239,9.459755,
1988-06-06,8.893303,9.119480,9.402271,
1988-06-07,8.835098,9.107992,9.401165,
1988-06-08,8.796652,9.101023,9.391555,
1988-06-09,8.751223,9.061248,9.364942,
1988-06-10,8.766009,9.086343,9.386454,
1988-06-13,8.743056,9.078257,9.396271,
1988-06-14,8.791869,9.028969,9.292581,
1988-06-15,8.795731,9.016942,9.281258,
1988-06-16,8.911956,9.098016,9.375768,
1988-06-17,9.022261,9.171638,9.441002,
1988-06-20,9.185605,9.230229,9.472017,
1988-06-21,9.107598,9.231922,9.486569,
1988-06-22,9.111538,9.239436,9.481989,
1988-06-23,9.259407,9.327280,9.550464,
1988-06-24,9.454686,9.440845,9.604020,
1988-06-27,9.582489,9.565591,9.706265,
1988-06-28,9.508176,9.514714,9.663030,
1988-06-29,9.517300,9.549189,9.702536,
1988-06-30,9.540519,9.558718,9.703891,
1988-07-01,9.579090,9.569447,9.706353,
1988-07-04,9.764953,9.669853,9.768787,
1988-07-05,9.531697,9.479282,9.635358,
1988-07-06,9.573346,9.531419,9.669104,
1988-07-07,9.637667,9.574005,9.683874,
1988-07-08,9.725944,9.626892,9.660042,
1988-07-11,9.741974,9.680292,9.702439,
1988-07-12,9.786652,9.713696,9.702739,
1988-07-13,9.764639,9.691995,9.709387,
1988-07-14,9.828808,9.730485,9.703626,
1988-07-15,10.039221,9.850676,9.742839,
1988-07-18,10.129768,9.897874,9.739382,
1988-07-19,9.948675,9.789369,9.683331,
1988-07-20,9.918174,9.780976,9.688634,
1988-07-21,9.737064,9.681052,9.661239,
1988-07-22,9.695613,9.687202,9.659858,
1988-07-25,9.704877,9.688960,9.664432,
1988-07-26,9.780350,9.720113,9.691411,
1988-07-27,9.794864,9.710431,9.657923,
1988-07-28,9.673617,9.657298,9.633065,
1988-07-29,9.740086,9.667185,9.636843,
1988-08-01,9.729309,9.679309,9.639550,
1988-08-02,9.740157,9.694164,9.636491,
1988-08-03,9.753146,9.690225,9.606475,
1988-08-04,9.731053,9.654087,9.573826,
1988-08-05,9.800595,9.687496,9.596782,
1988-08-08,9.959499,9.746717,9.609931,
1988-08-09,9.980828,9.813087,9.653487,
1988-08-10,10.069356,9.865185,9.672814,
1988-08-11,10.027020,9.869372,9.682700,
1988-08-12,9.948974,9.802068,9.633306,
1988-08-15,10.082878,9.917859,9.708235,
1988-08-16,10.141966,9.918615,9.703990,
1988-08-17,10.141009,9.925439,9.703844,
1988-08-18,10.094571,9.902757,9.698092,
1988-08-19,9.931465,9.818153,9.675878,
1988-08-22,10.121175,9.922951,9.708415,
1988-08-23,10.189710,9.957603,9.722610,
1988-08-24,10.218984,9.973011,9.748344,
1988-08-25,10.256218,10.005706,9.778165,
1988-08-26,10.405376,10.108307,9.889208,
1988-08-30,10.433095,10.141285,9.918112,
1988-08-31,10.437641,10.150886,9.936100,
1988-09-01,10.456861,10.184171,9.956543,
1988-09-02,10.494771,10.227488,9.959561,
1988-09-05,10.368808,10.143816,9.902539,
1988-09-06,10.342084,10.111969,9.880007,
1988-09-07,10.351976,10.106833,9.862930,
1988-09-08,10.445409,10.157783,9.904887,
1988-09-09,10.443955,10.156925,9.900820,
1988-09-12,10.378735,10.119734,9.872956,
1988-09-13,10.316430,10.085769,9.867419,
1988-09-14,10.275614,10.066189,9.853309,
1988-09-15,10.363601,10.124616,9.888816,
1988-09-16,10.375555,10.140154,9.884158,
1988-09-19,10.444996,10.194255,9.912983,
1988-09-20,10.215123,10.038648,9.816134,
1988-09-21,10.213867,10.033840,9.810709,
1988-09-22,10.244336,10.063038,9.844469,
1988-09-23,10.194805,10.043644,9.803912,
1988-09-26,10.107338,10.006416,9.764805,
1988-09-27,9.833597,9.852348,9.724924,
1988-09-28,9.904031,9.886689,9.713185,
1988-09-29,9.905957,9.868119,9.687344,
1988-09-30,9.884072,9.850465,9.669016,
1988-10-03,9.913584,9.859834,9.665667,
1988-10-04,9.986175,9.870952,9.644389,
1988-10-05,9.992192,9.852209,9.618355,
1988-10-06,9.897378,9.793068,9.556763,
1988-10-07,9.810583,9.723896,9.491016,
1988-10-10,9.803947,9.665941,9.434926,
1988-10-11,9.825559,9.673217,9.459777,
1988-10-12,9.854243,9.682184,9.481207,
1988-10-13,9.914598,9.728538,9.514745,
1988-10-14,9.932375,9.720986,9.501347,
1988-10-17,9.831403,9.635932,9.438419,
1988-10-18,9.820513,9.623992,9.430600,
1988-10-19,9.807048,9.594761,9.398445,
1988-10-20,9.840672,9.605599,9.418074,
1988-10-21,10.016398,9.614297,9.403659,
1988-10-24,10.126945,9.695333,9.453664,
1988-10-25,10.158380,9.702219,9.459640,
1988-10-26,10.168630,9.711925,9.452875,
1988-10-27,9.876973,9.597364,9.361990,
1988-10-28,9.868432,9.598293,9.364725,
1988-10-31,9.996777,9.637431,9.374286,
1988-11-01,10.032841,9.626845,9.371473,
1988-11-02,10.128170,9.665959,9.371871,
1988-11-03,10.239825,9.706694,9.404696,
1988-11-04,10.282114,9.733070,9.420784,
1988-11-07,10.356494,9.800235,9.441809,
1988-11-08,10.309050,9.791453,9.447465,
1988-11-09,10.366145,9.839733,9.492531,
1988-11-10,10.237700,9.794628,9.470311,
1988-11-11,10.304992,9.854114,9.531999,
1988-11-14,10.299413,9.846991,9.533527,
1988-11-15,10.381173,9.893534,9.586555,
1988-11-16,10.428871,9.941114,9.609394,
1988-11-17,10.425912,9.950421,9.613093,
1988-11-18,10.338691,9.929387,9.582045,
1988-11-21,10.307873,9.919308,9.579837,
1988-11-22,10.322012,9.957255,9.617988,
1988-11-23,10.348588,9.990434,9.631371,
1988-11-24,10.407453,10.025478,9.634141,
1988-11-25,10.944104,10.312796,9.723592,
1988-11-28,11.069193,10.412676,9.793238,
1988-11-29,11.020849,10.408893,9.779972,
1988-11-30,11.009410,10.408408,9.785144,
1988-12-01,11.016550,10.421063,9.784076,
1988-12-02,11.074453,10.440658,9.790315,
1988-12-05,11.001035,10.410120,9.769440,
1988-12-06,10.876979,10.323605,9.720183,
1988-12-07,10.861414,10.317387,9.726798,
1988-12-08,10.937278,10.377401,9.786585,
1988-12-09,11.056143,10.429142,9.806766,
1988-12-12,11.018622,10.419156,9.801760,
1988-12-13,11.042700,10.445776,9.851526,
1988-12-14,11.036036,10.552504,9.966364,
1988-12-15,10.791623,10.369362,9.843257,
1988-12-16,10.714532,10.299084,9.848505,
1988-12-19,10.658424,10.253514,9.824448,
1988-12-20,10.590621,10.199745,9.787950,
1988-12-21,10.605833,10.189263,9.761817,
1988-12-22,10.614572,10.166398,9.757581,
1988-12-23,10.616540,10.154752,9.736504,
1988-12-28,10.736183,10.192897,9.762064,
1988-12-29,10.811094,10.212447,9.769537,
1988-12-30,10.872843,10.241510,9.785383,
1989-01-03,10.924858,10.273970,9.804263,
1989-01-04,10.930494,10.280083,9.828924,
1989-01-05,10.955019,10.329019,9.854662,
1989-01-06,10.945510,10.323087,9.846019,
1989-01-09,10.858726,10.268184,9.798620,
1989-01-10,10.780358,10.229333,9.780149,
1989-01-11,10.748575,10.195619,9.775031,
1989-01-12,10.824175,10.249326,9.815721,
1989-01-13,10.779859,10.201009,9.787582,
1989-01-16,10.509134,9.993925,9.670983,
1989-01-17,10.650751,10.037709,9.662634,
1989-01-18,10.598866,10.016369,9.639796,
1989-01-19,10.435151,9.889782,9.541327,
1989-01-20,10.531345,9.892795,9.518988,
1989-01-23,10.452045,9.826847,9.470824,
1989-01-24,10.439981,9.839431,9.453930,
1989-01-25,10.406943,9.834248,9.463357,
1989-01-26,10.384944,9.841031,9.462534,
1989-01-27,10.272100,9.750504,9.395617,
1989-01-30,10.327701,9.805526,9.430482,
1989-01-31,10.402230,9.818343,9.423699,
1989-02-01,10.449557,9.835416,9.413193,
1989-02-02,10.407624,9.793749,9.379352,
1989-02-03,10.325213,9.742151,9.320319,
1989-02-06,10.339698,9.750963,9.329997,
1989-02-07,10.337558,9.750484,9.336019,
1989-02-08,10.264063,9.664723,9.264713,
1989-02-09,10.286306,9.687357,9.284657,
1989-02-10,10.344090,9.726023,9.326509,
1989-02-13,10.374826,9.754947,9.345728,
1989-02-14,10.435803,9.797960,9.341415,
1989-02-15,10.435033,9.796196,9.322402,
1989-02-16,10.433241,9.801790,9.317813,
1989-02-17,10.474539,9.834477,9.330904,
1989-02-20,10.568254,9.893016,9.356421,
1989-02-21,10.608290,9.946278,9.421561,
1989-02-22,10.788558,10.033773,9.491477,
1989-02-23,10.810087,10.040520,9.507478,
1989-02-24,10.870331,10.086419,9.590006,
1989-02-27,11.029895,10.160729,9.636136,
1989-02-28,10.897010,10.115453,9.598788,
1989-03-01,10.940719,10.134206,9.620751,
1989-03-02,10.776380,10.021577,9.540751,
1989-03-03,10.704144,9.974509,9.518644,
1989-03-06,10.602029,9.902383,9.469049,
1989-03-07,10.682053,9.930192,9.486620,
1989-03-08,10.664016,9.919798,9.474788,
1989-03-09,10.668201,9.928015,9.490770,
1989-03-10,10.692636,9.945360,9.512589,
1989-03-13,10.746382,9.975516,9.516924,
1989-03-14,10.638928,9.903946,9.446451,
1989-03-15,10.782776,9.961415,9.455065,
1989-03-16,10.809135,9.984016,9.469042,
1989-03-17,10.948019,10.079541,9.542207,
1989-03-20,10.968681,10.102650,9.577691,
1989-03-21,10.821102,10.037562,9.540603,
1989-03-22,10.773981,10.028507,9.545925,
1989-03-23,10.791590,10.043312,9.560537,
1989-03-28,10.877144,10.101823,9.598791,
1989-03-29,10.882305,10.120207,9.622275,
1989-03-30,10.905475,10.157020,9.652788,
1989-03-31,10.897658,10.159177,9.646361,
1989-04-03,10.989293,10.230230,9.691869,
1989-04-04,10.940814,10.203047,9.689982,
1989-04-05,10.977849,10.251856,9.721356,
1989-04-06,10.990872,10.239838,9.741771,
1989-04-07,11.158060,10.348984,9.812938,
1989-04-10,11.155768,10.336943,9.790647,
1989-04-11,11.268911,10.400820,9.828041,
1989-04-12,11.314447,10.449374,9.852417,
1989-04-13,11.391656,10.538247,9.911023,
1989-04-14,11.166287,10.397838,9.795698,
1989-04-17,11.083985,10.336842,9.751101,
1989-04-18,11.041445,10.327008,9.761417,
1989-04-19,11.016073,10.308212,9.730956,
1989-04-20,11.452968,10.512077,9.863617,
1989-04-21,11.397365,10.490807,9.828008,
1989-04-24,11.319214,10.455285,9.823547,
1989-04-25,11.198412,10.412557,9.828926,
1989-04-26,11.061318,10.304921,9.749091,
1989-04-27,11.025397,10.281618,9.726632,
1989-04-28,11.003817,10.269624,9.702261,
1989-05-02,11.087285,10.343473,9.765416,
1989-05-03,11.017392,10.322268,9.753812,
1989-05-04,10.943289,10.264980,9.712000,
1989-05-05,10.994320,10.304387,9.724674,
1989-05-08,10.952256,10.262234,9.724525,
1989-05-09,11.074882,10.339968,9.778553,
1989-05-10,11.065718,10.343617,9.780092,
1989-05-11,11.065784,10.329616,9.782551,
1989-05-12,10.957724,10.238530,9.717261,
1989-05-15,10.966636,10.258665,9.746567,
1989-05-16,11.013657,10.279615,9.768203,
1989-05-17,11.104340,10.322328,9.769891,
1989-05-18,11.059035,10.275545,9.747874,
1989-05-19,11.083264,10.288362,9.748386,
1989-05-22,11.318051,10.419835,9.819694,
1989-05-23,11.382807,10.484737,9.853725,
1989-05-24,11.393662,10.466241,9.839538,
1989-05-25,11.331308,10.430549,9.815534,
1989-05-26,11.314382,10.385293,9.793087,
1989-05-30,11.482684,10.449163,9.880652,
1989-05-31,11.638953,10.551557,10.018964,
1989-06-01,11.502753,10.539774,10.078040,
1989-06-02,11.467540,10.575132,10.124413,
1989-06-05,11.495231,10.644663,10.190110,
1989-06-06,11.479003,10.667241,10.206787,
1989-06-07,11.384884,10.577635,10.138634,
1989-06-08,11.359403,10.531996,10.085478,
1989-06-09,11.452412,10.592247,10.124157,
1989-06-12,11.659535,10.704768,10.219659,
1989-06-13,11.776082,10.782978,10.292818,
1989-06-14,11.843762,10.823698,10.310850,
1989-06-15,11.779268,10.745430,10.164629,
1989-06-16,11.635004,10.685770,10.134994,
1989-06-19,11.585765,10.651223,10.073236,
1989-06-20,11.628198,10.696747,10.109073,
1989-06-21,11.644123,10.709321,10.116717,
1989-06-22,11.683048,10.741446,10.152386,
1989-06-23,11.713616,10.741425,10.155322,
1989-06-26,11.761744,10.742437,10.148762,
1989-06-27,11.391721,10.484181,9.952514,
1989-06-28,11.372259,10.448822,9.933337,
1989-06-29,11.497916,10.487053,9.975523,
1989-06-30,11.508751,10.508988,9.973895,
1989-07-03,11.420118,10.425621,9.929340,
1989-07-04,11.349681,10.367104,9.894993,
1989-07-05,11.344529,10.377885,9.877808,
1989-07-06,11.404587,10.439163,9.962189,
1989-07-07,11.355700,10.383120,9.922306,
1989-07-10,11.261780,10.373238,9.905129,
1989-07-11,11.269099,10.345564,9.834458,
1989-07-12,11.269501,10.340639,9.823551,
1989-07-13,11.165041,10.260628,9.753571,
1989-07-14,11.059283,10.167588,9.739338,
1989-07-17,11.010319,10.146535,9.750983,
1989-07-18,11.054968,10.170827,9.768490,
1989-07-19,11.104837,10.204964,9.774580,
1989-07-20,11.016295,10.140972,9.689704,
1989-07-21,11.034938,10.149361,9.737971,
1989-07-24,11.047034,10.148971,9.747218,
1989-07-25,11.055194,10.145240,9.744625,
1989-07-26,10.922632,10.043891,9.642197,
1989-07-27,10.846759,9.968249,9.583169,
1989-07-28,10.797104,9.939328,9.547423,
1989-07-31,10.811832,9.931530,9.536800,
1989-08-01,10.876379,9.983347,9.568386,
1989-08-02,10.899513,10.011733,9.630014,
1989-08-03,10.970033,10.061384,9.660346,
1989-08-04,10.965465,10.074458,9.671113,
1989-08-07,10.913056,10.035506,9.603086,
1989-08-08,10.793528,9.949090,9.551291,
1989-08-09,10.790296,9.930639,9.509361,
1989-08-10,10.759028,9.897088,9.502781,
1989-08-11,10.824833,9.947734,9.525596,
1989-08-14,10.814115,9.940392,9.520614,
1989-08-15,10.836702,9.954360,9.553154,
1989-08-16,10.800278,9.908898,9.503251,
1989-08-17,10.774986,9.901607,9.514421,
1989-08-18,10.733851,9.868376,9.493486,
1989-08-21,10.723965,9.859479,9.485236,
1989-08-22,10.725577,9.864861,9.487660,
1989-08-23,10.848906,9.961835,9.585475,
1989-08-24,10.831442,9.947050,9.551342,
1989-08-25,10.856667,9.958096,9.587621,
1989-08-29,10.901948,9.998116,9.610764,
1989-08-30,10.870122,9.981831,9.604180,
1989-08-31,11.045318,10.088938,9.648476,
1989-09-01,11.088496,10.129413,9.681812,
1989-09-04,11.123262,10.145509,9.690788,
1989-09-05,11.265829,10.251883,9.731081,
1989-09-06,11.286110,10.265206,9.737815,
1989-09-07,11.215046,10.211185,9.733382,
1989-09-08,11.273394,10.257011,9.765267,
1989-09-11,11.223275,10.234637,9.746827,
1989-09-12,11.217970,10.248336,9.767693,
1989-09-13,11.230536,10.248958,9.765981,
1989-09-14,11.232475,10.278072,9.773505,
1989-09-15,11.272944,10.309447,9.798863,
1989-09-18,11.270340,10.283432,9.765528,
1989-09-19,11.268670,10.297626,9.782003,
1989-09-20,11.240963,10.292323,9.793922,
1989-09-21,11.262305,10.304853,9.803894,
1989-09-22,11.258245,10.299545,9.804322,
1989-09-25,11.279786,10.297222,9.794242,
1989-09-26,11.625375,10.507753,9.901116,
1989-09-27,11.789311,10.605933,9.961944,
1989-09-28,11.834539,10.637900,9.975241,
1989-09-29,11.874450,10.677629,9.976730,
1989-10-02,11.857763,10.653615,9.968637,
1989-10-03,11.840412,10.647261,9.961986,
1989-10-04,11.917016,10.727769,10.054820,
1989-10-05,11.991750,10.712319,9.983970,
1989-10-06,11.936109,10.611943,9.891682,
1989-10-09,12.034608,10.707974,10.012141,
1989-10-10,12.062782,10.749021,10.074365,
1989-10-11,12.037625,10.750348,10.093042,
1989-10-12,12.037925,10.730791,10.071716,
1989-10-13,12.097133,10.754141,10.081008,
1989-10-16,11.708268,10.514977,9.971741,
1989-10-17,11.697450,10.503327,9.917849,
1989-10-18,11.723788,10.533063,9.952600,
1989-10-19,11.724160,10.537415,9.961421,
1989-10-20,11.712828,10.529221,9.986348,
1989-10-23,11.675628,10.510887,9.977702,
1989-10-24,11.582211,10.436257,9.916169,
1989-10-25,11.521568,10.383829,9.859584,
1989-10-26,11.502694,10.357808,9.811745,
1989-10-27,11.703909,10.584319,10.026905,
1989-10-30,11.588313,10.526130,9.999341,
1989-10-31,11.591900,10.519732,9.980047,
1989-11-01,11.686772,10.577581,10.028565,
1989-11-02,11.849936,10.713733,10.133455,
1989-11-03,11.845553,10.703846,10.124616,
1989-11-06,11.744868,10.628513,10.071268,
1989-11-07,11.722919,10.614486,10.054819,
1989-11-08,11.644168,10.534295,9.993488,
1989-11-09,11.593269,10.504747,9.974559,
1989-11-10,11.593112,10.533561,9.997037,
1989-11-13,11.600443,10.569154,10.050527,
1989-11-14,11.614682,10.562299,10.027804,
1989-11-15,11.655216,10.586680,10.036328,
1989-11-16,11.742383,10.626551,10.065050,
1989-11-17,11.864749,10.715487,10.117914,
1989-11-20,11.914367,10.748856,10.156905,
1989-11-21,11.895420,10.752784,10.139288,
1989-11-22,11.891242,10.744481,10.131612,
1989-11-23,11.822519,10.666181,10.079798,
1989-11-24,11.820103,10.661708,10.038408,
1989-11-27,11.959364,10.759580,10.141681,
1989-11-28,11.995525,10.775542,10.165649,
1989-11-29,12.047689,10.840524,10.206651,
1989-11-30,12.083643,10.878778,10.219387,
1989-12-01,12.078722,10.884329,10.227657,
1989-12-04,12.123056,10.938923,10.282750,
1989-12-05,12.085986,10.905976,10.224882,
1989-12-06,12.133436,10.945213,10.269742,
1989-12-07,12.116239,10.922417,10.231664,
1989-12-08,12.053950,10.864947,10.157510,
1989-12-11,12.003709,10.780177,10.090117,
1989-12-12,11.990202,10.765404,10.077307,
1989-12-13,12.038446,10.794367,10.088370,
1989-12-14,12.041333,10.789406,10.074507,
1989-12-15,11.991599,10.703778,9.992802,
1989-12-18,11.999334,10.708346,10.002051,
1989-12-19,11.939776,10.651769,9.963761,
1989-12-20,11.866432,10.575671,9.917839,
1989-12-21,11.839496,10.545116,9.913255,
1989-12-22,11.833810,10.540340,9.913496,
1989-12-27,11.857419,10.579524,9.963455,
1989-12-28,11.904448,10.599491,9.977315,
1989-12-29,11.889035,10.568079,9.933204,
1990-01-02,11.938173,10.636360,9.959653,
1990-01-03,11.959631,10.662457,10.011793,
1990-01-04,11.917770,10.627603,9.978281,
1990-01-05,11.876287,10.638641,10.013562,
1990-01-08,11.954072,10.732067,10.103279,
1990-01-09,12.068832,10.842339,10.179820,
1990-01-10,12.109045,10.888196,10.236538,
1990-01-11,12.161687,10.904188,10.256813,
1990-01-12,12.153915,10.916011,10.205375,
1990-01-15,12.413442,11.093197,10.343039,
1990-01-16,12.452152,11.136444,10.379037,
1990-01-17,12.617795,11.273296,10.507056,
1990-01-18,12.770012,11.450570,10.634024,
1990-01-19,12.636146,11.362048,10.513777,
1990-01-22,12.735781,11.437832,10.578491,
1990-01-23,12.724741,11.429930,10.581163,
1990-01-24,12.619685,11.380304,10.606280,
1990-01-25,12.509137,11.249980,10.511715,
1990-01-26,12.525387,11.237510,10.562476,
1990-01-29,12.467186,11.171983,10.494670,
1990-01-30,12.487854,11.214391,10.540096,
1990-01-31,12.464629,11.204649,10.565288,
1990-02-01,12.409889,11.176054,10.553156,
1990-02-02,12.437217,11.206492,10.584874,
1990-02-05,12.514391,11.337106,10.705104,
1990-02-06,12.477197,11.312153,10.656706,
1990-02-07,12.502347,11.388644,10.755820,
1990-02-08,12.429715,11.308415,10.665096,
1990-02-09,12.504238,11.365835,10.661995,
1990-02-12,12.546014,11.396512,10.723363,
1990-02-13,12.460921,11.303857,10.600200,
1990-02-14,12.507356,11.289263,10.615534,
1990-02-15,12.639194,11.392887,10.731647,
1990-02-16,12.728461,11.456887,10.793554,
1990-02-19,12.847498,11.600507,10.894758,
1990-02-20,12.913641,11.666208,10.953778,
1990-02-21,12.795923,11.599191,10.876027,
1990-02-22,12.795262,11.620996,10.916154,
1990-02-23,12.723475,11.550514,10.851280,
1990-02-26,12.715181,11.557954,10.878149,
1990-02-27,12.690221,11.530778,10.842786,
1990-02-28,12.865683,11.725998,11.035267,
1990-03-01,13.016292,11.880833,11.189362,
1990-03-02,13.061852,11.944233,11.276794,
1990-03-05,13.256695,12.110896,11.398637,
1990-03-06,13.311137,12.184898,11.516106,
1990-03-07,13.269658,12.145611,11.438374,
1990-03-08,13.208828,12.117540,11.443597,
1990-03-09,13.438367,12.366415,11.681312,
1990-03-12,13.421133,12.300695,11.601757,
1990-03-13,13.497193,12.353450,11.606488,
1990-03-14,13.409345,12.281802,11.529452,
1990-03-15,13.440800,12.339937,11.586324,
1990-03-16,13.339398,12.205743,11.425874,
1990-03-19,13.425443,12.333557,11.569637,
1990-03-20,13.485386,12.395496,11.637245,
1990-03-21,13.601368,12.572634,11.868156,
1990-03-22,13.542248,12.517193,11.833600,
1990-03-23,13.548307,12.514686,11.825444,
1990-03-26,13.340572,12.334903,11.656958,
1990-03-27,13.413157,12.432179,11.763652,
1990-03-28,13.425806,12.442190,11.779974,
1990-03-29,13.380993,12.375754,11.693025,
1990-03-30,13.391360,12.389263,11.688866,
1990-04-02,13.363098,12.335621,11.644952,
1990-04-03,13.332788,12.291285,11.585558,
1990-04-04,13.211894,12.209349,11.512076,
1990-04-05,13.129240,12.125909,11.457983,
1990-04-06,13.229651,12.206066,11.542819,
1990-04-09,13.295741,12.256945,11.611697,
1990-04-10,13.355212,12.356606,11.694604,
1990-04-11,13.360497,12.380710,11.736949,
1990-04-12,13.423510,12.456202,11.826992,
1990-04-17,13.520321,12.553086,11.930337,
1990-04-18,13.555539,12.592699,11.967768,
1990-04-19,13.538249,12.620168,12.030232,
1990-04-20,13.500980,12.593455,11.994707,
1990-04-23,13.534074,12.628387,12.039111,
1990-04-24,13.511778,12.610722,12.024661,
1990-04-25,13.607493,12.779827,12.247098,
1990-04-26,13.638056,12.826305,12.289116,
1990-04-27,13.695637,12.927149,12.381257,
1990-04-30,13.724548,12.931622,12.368109,
1990-05-01,13.707089,12.913235,12.296765,
1990-05-02,13.742007,12.928685,12.279873,
1990-05-03,13.642490,12.810751,12.133736,
1990-05-04,13.314733,12.483624,11.811670,
1990-05-08,13.355154,12.545912,11.872310,
1990-05-09,13.385520,12.603288,11.942571,
1990-05-10,13.337372,12.546349,11.860372,
1990-05-11,13.248123,12.436888,11.726664,
1990-05-14,13.148475,12.356255,11.652533,
1990-05-15,13.149729,12.361075,11.720422,
1990-05-16,13.154064,12.359884,11.718878,
1990-05-17,12.678587,11.896532,11.393292,
1990-05-18,12.613779,11.849742,11.371260,
1990-05-21,12.402244,11.695841,11.272639,
1990-05-22,12.394199,11.674052,11.297733,
1990-05-23,12.513975,11.754265,11.403533,
1990-05-24,12.640724,11.826302,11.449808,
1990-05-25,12.727862,11.895889,11.504844,
1990-05-29,12.718019,11.887602,11.499400,
1990-05-30,12.644972,11.795210,11.436017,
1990-05-31,12.689045,11.841096,11.472168,
1990-06-01,12.533221,11.694866,11.334640,
1990-06-04,12.484201,11.663046,11.284581,
1990-06-05,12.525825,11.689221,11.330002,
1990-06-06,12.612993,11.801279,11.424114,
1990-06-07,12.521544,11.751723,11.379410,
1990-06-08,12.489462,11.724698,11.366931,
1990-06-11,12.544414,11.784974,11.400216,
1990-06-12,12.460853,11.717946,11.278318,
1990-06-13,12.327900,11.590064,11.148900,
1990-06-14,12.184984,11.398438,10.949598,
1990-06-15,12.292233,11.482926,11.054318,
1990-06-18,12.429576,11.628253,11.197769,
1990-06-19,12.419519,11.614343,11.175431,
1990-06-20,12.244938,11.408594,10.974139,
1990-06-21,12.260964,11.435415,11.020978,
1990-06-22,12.237586,11.409514,10.964847,
1990-06-25,12.245537,11.421002,10.967732,
1990-06-26,12.212149,11.369397,10.916925,
1990-06-27,12.317353,11.504369,11.031371,
1990-06-28,12.275953,11.483734,11.025063,
1990-06-29,12.227885,11.439745,11.011093,
1990-07-02,12.265727,11.488657,11.084895,
1990-07-03,12.325204,11.555396,11.190325,
1990-07-04,12.261620,11.549563,11.186227,
1990-07-05,12.426293,11.735620,11.340548,
1990-07-06,12.443981,11.755527,11.347642,
1990-07-09,12.505706,11.810695,11.403879,
1990-07-10,12.441671,11.746714,11.288368,
1990-07-11,12.439254,11.745628,11.297982,
1990-07-12,12.436706,11.743567,11.297992,
1990-07-13,12.305656,11.630583,11.199403,
1990-07-16,12.170728,11.500513,11.062244,
1990-07-17,12.211493,11.565586,11.157948,
1990-07-18,12.215505,11.539489,11.130693,
1990-07-19,12.273699,11.586977,11.208004,
1990-07-20,12.189580,11.526237,11.135472,
1990-07-23,12.070225,11.413642,11.089699,
1990-07-24,12.149349,11.517760,11.174427,
1990-07-25,12.265279,11.622503,11.271963,
1990-07-26,12.226901,11.598543,11.242336,
1990-07-27,12.116657,11.494717,11.120641,
1990-07-30,12.084813,11.465282,11.090487,
1990-07-31,12.097134,11.499108,11.159765,
1990-08-01,11.984256,11.385609,11.055041,
1990-08-02,11.981238,11.414440,11.141153,
1990-08-03,12.122533,11.577891,11.308138,
1990-08-06,12.198815,11.770953,11.596827,
1990-08-07,12.091673,11.669644,11.583236,
1990-08-08,12.133417,11.708572,11.609690,
1990-08-09,12.133436,11.717826,11.538510,
1990-08-10,12.106281,11.722219,11.521046,
1990-08-13,12.155171,11.792698,11.620437,
1990-08-14,12.159781,11.791824,11.620256,
1990-08-15,12.141278,11.760368,11.582140,
1990-08-16,12.141681,11.799901,11.681375,
1990-08-17,12.194795,11.882001,11.786557,
1990-08-20,12.191014,11.891366,11.826751,
1990-08-21,12.207917,11.924962,11.896466,
1990-08-22,12.149011,11.866953,11.833584,
1990-08-23,12.018842,11.799039,11.775183,
1990-08-24,11.971299,11.758893,11.769270,
1990-08-28,11.835822,11.641826,11.676696,
1990-08-29,11.847120,11.640979,11.651889,
1990-08-30,11.923020,11.662768,11.610698,
1990-08-31,11.841346,11.572998,11.507925,
1990-09-03,11.907992,11.655376,11.579143,
1990-09-04,11.865031,11.583717,11.489435,
1990-09-05,11.903634,11.642828,11.557760,
1990-09-06,11.901748,11.636120,11.537315,
1990-09-07,12.044683,11.752984,11.643803,
1990-09-10,11.951605,11.683095,11.598517,
1990-09-11,11.898530,11.622660,11.498465,
1990-09-12,11.978232,11.701411,11.530337,
1990-09-13,11.981016,11.690668,11.499911,
1990-09-14,12.028040,11.725308,11.574834,
1990-09-17,11.986111,11.700003,11.580004,
1990-09-18,11.994618,11.711904,11.563799,
1990-09-19,11.991969,11.703314,11.576181,
1990-09-20,11.934568,11.609937,11.471758,
1990-09-21,11.937321,11.627598,11.515516,
1990-09-24,11.977230,11.659268,11.542196,
1990-09-25,12.011259,11.677189,11.552346,
1990-09-26,12.110647,11.807307,11.645203,
1990-09-27,12.130494,11.785647,11.640520,
1990-09-28,12.034271,11.700319,11.575926,
1990-10-01,12.014913,11.692054,11.529053,
1990-10-02,11.985937,11.660222,11.523578,
1990-10-03,11.971680,11.643466,11.507733,
1990-10-04,11.921177,11.597602,11.471941,
1990-10-05,11.012609,10.968132,11.136336,
1990-10-08,11.089441,10.974543,11.094162,
1990-10-09,11.247346,11.117391,11.186483,
1990-10-10,11.273121,11.141749,11.186313,
1990-10-11,11.245247,11.179653,11.235036,
1990-10-12,11.234870,11.165641,11.234645,
1990-10-15,11.301318,11.235688,11.315157,
1990-10-16,11.309193,11.224853,11.316275,
1990-10-17,11.306187,11.217170,11.317364,
1990-10-18,11.375363,11.262544,11.288794,
1990-10-19,11.437346,11.301486,11.364650,
1990-10-22,11.364672,11.220164,11.256108,
1990-10-23,11.320050,11.196429,11.227876,
1990-10-24,11.246191,11.178326,11.216062,
1990-10-25,11.263958,11.208995,11.248468,
1990-10-26,11.210781,11.190361,11.250283,
1990-10-29,11.215360,11.179148,11.248429,
1990-10-30,11.109263,11.093265,11.202951,
1990-10-31,11.006668,11.023314,11.105187,
1990-11-01,11.124375,11.111276,11.190221,
1990-11-02,11.166880,11.138870,11.215670,
1990-11-05,11.029976,11.038734,11.160628,
1990-11-06,11.017790,11.043309,11.151502,
1990-11-07,11.014327,11.047523,11.162650,
1990-11-08,11.032558,11.086329,11.183597,
1990-11-09,11.050143,11.109184,11.221756,
1990-11-12,10.970837,11.060456,11.190091,
1990-11-13,10.992904,11.077762,11.171156,
1990-11-14,11.117458,11.160616,11.254863,
1990-11-15,11.004379,11.067692,11.188220,
1990-11-16,10.934924,11.006569,11.138869,
1990-11-19,10.893920,10.986995,11.091574,
1990-11-20,10.816419,10.877923,10.973872,
1990-11-21,10.796767,10.812459,10.903058,
1990-11-22,10.662086,10.732718,10.838110,
1990-11-23,10.599868,10.682967,10.780408,
1990-11-26,10.539913,10.578636,10.643451,
1990-11-27,10.589849,10.650910,10.692605,
1990-11-28,10.742199,10.750069,10.751307,
1990-11-29,10.671438,10.639658,10.619108,
1990-11-30,10.700819,10.649447,10.554395,
1990-12-03,10.707267,10.645908,10.527017,
1990-12-04,10.699001,10.617345,10.501883,
1990-12-05,10.686067,10.613942,10.498921,
1990-12-06,10.661979,10.563358,10.389464,
1990-12-07,10.629289,10.504334,10.360608,
1990-12-10,10.681037,10.563093,10.372387,
1990-12-11,10.688676,10.530177,10.297095,
1990-12-12,10.742419,10.551226,10.259423,
1990-12-13,10.813045,10.552012,10.243076,
1990-12-14,10.852016,10.595784,10.320761,
1990-12-17,10.898762,10.626130,10.372156,
1990-12-18,11.032906,10.710829,10.405580,
1990-12-19,10.966038,10.657255,10.366154,
1990-12-20,11.041608,10.752990,10.491192,
1990-12-21,11.004302,10.773290,10.491738,
1990-12-24,11.041876,10.818712,10.537168,
1990-12-27,11.028330,10.818715,10.546001,
1990-12-28,11.027483,10.826512,10.572876,
1990-12-31,11.024742,10.845807,10.604851,
1991-01-02,11.068034,10.815841,10.531007,
1991-01-03,10.912137,10.614583,10.315762,
1991-01-04,10.912185,10.624546,10.354397,
1991-01-07,10.828105,10.559519,10.326304,
1991-01-08,10.824089,10.555379,10.380529,
1991-01-09,10.766978,10.454210,10.235203,
1991-01-10,10.851036,10.504439,10.261294,
1991-01-11,10.900157,10.507495,10.246627,
1991-01-14,11.014110,10.607450,10.383016,
1991-01-15,10.970642,10.615181,10.383189,
1991-01-16,11.011987,10.682976,10.461354,
1991-01-17,10.855050,10.429771,10.139319,
1991-01-18,10.830911,10.370349,10.059446,
1991-01-21,10.784370,10.352131,10.033047,
1991-01-22,10.792009,10.359303,10.062117,
1991-01-23,10.836192,10.385746,10.065968,
1991-01-24,10.788317,10.312205,9.979797,
1991-01-25,10.778390,10.323207,10.011542,
1991-01-28,10.777687,10.323428,10.025234,
1991-01-29,10.805867,10.352373,10.023862,
1991-01-30,10.777038,10.300360,9.960076,
1991-01-31,10.800849,10.239750,9.876312,
1991-02-01,10.788069,10.195268,9.842745,
1991-02-04,10.750082,10.202925,9.890390,
1991-02-05,10.607654,10.149360,9.892265,
1991-02-06,10.556061,10.117779,9.875229,
1991-02-07,10.458932,10.058650,9.841242,
1991-02-08,10.368681,10.025949,9.885667,
1991-02-11,10.389659,10.039419,9.871541,
1991-02-12,10.359945,10.004926,9.832677,
1991-02-13,10.248308,9.908867,9.771513,
1991-02-14,10.193847,9.891066,9.731270,
1991-02-15,10.214178,9.908476,9.774322,
1991-02-18,10.121649,9.844058,9.758002,
1991-02-19,10.033447,9.826845,9.779800,
1991-02-20,10.028571,9.834648,9.807066,
1991-02-21,10.067253,9.849621,9.833635,
1991-02-22,10.093319,9.871026,9.814051,
1991-02-25,10.106171,9.886099,9.839837,
1991-02-26,10.118276,9.920714,9.879825,
1991-02-27,10.050242,9.925888,9.902872,
1991-02-28,10.099177,9.995914,9.963045,
1991-03-01,10.163556,10.063217,10.039241,
1991-03-04,10.210371,10.109585,10.098813,
1991-03-05,10.166990,10.050130,10.019657,
1991-03-06,10.165436,10.040732,10.007650,
1991-03-07,10.081316,9.980784,9.936901,
1991-03-08,10.033054,9.927965,9.956594,
1991-03-11,9.984522,9.924225,9.978799,
1991-03-12,10.022355,9.972513,10.040036,
1991-03-13,10.072781,10.069143,10.164018,
1991-03-14,9.993742,10.026686,10.128051,
1991-03-15,9.976271,10.032054,10.163532,
1991-03-18,10.004036,10.052710,10.158982,
1991-03-19,10.082021,10.111422,10.191086,
1991-03-20,10.085946,10.118467,10.050722,
1991-03-21,9.959966,10.023685,10.004305,
1991-03-22,10.033471,10.065689,10.036866,
1991-03-25,10.107511,10.130105,10.087549,
1991-03-26,10.108541,10.111607,10.045742,
1991-03-27,10.070128,10.077083,10.002270,
1991-03-28,9.990787,10.001938,9.917483,
1991-04-02,10.025704,10.025277,9.924068,
1991-04-03,9.992915,9.983460,9.862203,
1991-04-04,9.970019,9.930334,9.784233,
1991-04-05,9.997454,9.965914,9.879605,
1991-04-08,9.951454,9.948661,9.837065,
1991-04-09,9.944975,9.955471,9.863894,
1991-04-10,9.961330,9.981331,9.878201,
1991-04-11,9.954163,9.975767,9.851464,
1991-04-12,10.007714,10.066005,9.920970,
1991-04-15,10.057245,10.085059,9.954907,
1991-04-16,10.078294,10.091294,9.966953,
1991-04-17,10.072501,10.083928,9.957093,
1991-04-18,10.046769,10.121243,10.036231,
1991-04-19,10.011436,10.116652,10.028706,
1991-04-22,10.063102,10.150412,10.029825,
1991-04-23,10.065880,10.142020,10.001279,
1991-04-24,10.085901,10.125863,9.997306,
1991-04-25,10.013420,10.089076,9.959103,
1991-04-26,10.061874,10.157228,10.053472,
1991-04-29,10.047895,10.159706,10.055381,
1991-04-30,9.978762,10.126034,10.036986,
1991-05-01,9.972288,10.090698,9.976103,
1991-05-02,9.959636,10.082141,9.989432,
1991-05-03,9.978509,10.105697,10.059137,
1991-05-07,9.941562,10.059614,9.995310,
1991-05-08,9.913153,10.068265,10.029600,
1991-05-09,9.918920,10.074471,10.017393,
1991-05-10,9.922908,10.076219,10.025542,
1991-05-13,9.941786,10.126254,10.096095,
1991-05-14,10.014113,10.213929,10.202840,
1991-05-15,10.035405,10.223172,10.192098,
1991-05-16,10.010234,10.222826,10.196121,
1991-05-17,10.007663,10.246035,10.243289,
1991-05-20,9.961604,10.204347,10.209899,
1991-05-21,9.943958,10.178102,10.167927,
1991-05-22,9.920790,10.174538,10.151994,
1991-05-23,9.859285,10.143607,10.157886,
1991-05-24,9.878875,10.174157,10.220364,
1991-05-28,9.869288,10.160228,10.186441,
1991-05-29,9.901326,10.185565,10.188813,
1991-05-30,9.928603,10.207752,10.227427,
1991-05-31,9.919377,10.211922,10.237127,
1991-06-03,9.950876,10.254802,10.278596,
1991-06-04,10.000762,10.309209,10.347728,
1991-06-05,9.995815,10.309880,10.339423,
1991-06-06,10.008968,10.317404,10.334334,
1991-06-07,9.964021,10.323065,10.310693,
1991-06-10,9.907981,10.272787,10.245797,
1991-06-11,9.939443,10.282395,10.243173,
1991-06-12,9.970798,10.312408,10.290015,
1991-06-13,9.940895,10.280784,10.238332,
1991-06-14,9.970205,10.318107,10.291141,
1991-06-17,9.999329,10.338734,10.329995,
1991-06-18,9.993357,10.320279,10.299510,
1991-06-19,9.965348,10.322043,10.313344,
1991-06-20,9.938057,10.320046,10.322072,
1991-06-21,9.947743,10.331636,10.319793,
1991-06-24,9.980101,10.360805,10.333463,
1991-06-25,10.011134,10.392179,10.375704,
1991-06-26,10.032816,10.408719,10.380896,
1991-06-27,10.030816,10.424233,10.374702,
1991-06-28,10.001964,10.385638,10.270507,
1991-07-01,9.964320,10.337200,10.268554,
1991-07-02,9.950187,10.318057,10.233107,
1991-07-03,9.937790,10.231768,10.086571,
1991-07-04,9.901364,10.187132,10.066877,
1991-07-05,9.878665,10.131256,10.028320,
1991-07-08,9.878261,10.146296,10.060265,
1991-07-09,9.842195,10.117707,9.972006,
1991-07-10,9.834425,10.127002,10.004939,
1991-07-11,9.828300,10.106881,9.955782,
1991-07-12,9.873237,10.136664,9.982620,
1991-07-15,9.899141,10.126267,9.958932,
1991-07-16,9.905191,10.143093,9.968140,
1991-07-17,9.892984,10.130145,9.955267,
1991-07-18,9.888052,10.109768,9.925695,
1991-07-19,9.900467,10.136380,9.983807,
1991-07-22,9.896850,10.128747,9.957770,
1991-07-23,9.901855,10.147137,9.984179,
1991-07-24,9.903648,10.142338,9.990380,
1991-07-25,9.895394,10.125479,9.970450,
1991-07-26,9.873035,10.102807,9.943154,
1991-07-29,9.887699,10.098887,9.921480,
1991-07-30,9.882286,10.097975,9.921661,
1991-07-31,9.880994,10.094302,9.913202,
1991-08-01,9.875371,10.083631,9.898542,
1991-08-02,9.815824,10.005795,9.779330,
1991-08-05,9.774854,9.960835,9.759556,
1991-08-06,9.765117,9.962871,9.781318,
1991-08-07,9.754449,9.947534,9.760051,
1991-08-08,9.746840,9.927057,9.750547,
1991-08-09,9.738266,9.940051,9.777144,
1991-08-12,9.783193,9.995993,9.830473,
1991-08-13,9.785256,9.965378,9.790170,
1991-08-14,9.774051,9.955636,9.781843,
1991-08-15,9.750729,9.923720,9.746858,
1991-08-16,9.748238,9.943058,9.777663,
1991-08-19,9.696338,9.929411,9.811982,
1991-08-20,9.696876,9.905742,9.786971,
1991-08-21,9.710588,9.890149,9.754478,
1991-08-22,9.740493,9.893004,9.715384,
1991-08-23,9.744675,9.898831,9.721957,
1991-08-27,9.733575,9.900507,9.749443,
1991-08-28,9.708606,9.884744,9.731939,
1991-08-29,9.677049,9.841460,9.689873,
1991-08-30,9.676042,9.853859,9.699966,
1991-09-02,9.595867,9.785371,9.626817,
1991-09-03,9.583499,9.743355,9.584109,
1991-09-04,9.529494,9.721190,9.609705,
1991-09-05,9.468435,9.683448,9.593261,
1991-09-06,9.438360,9.631925,9.531360,
1991-09-09,9.348373,9.571538,9.483400,
1991-09-10,9.342908,9.558532,9.505768,
1991-09-11,9.339073,9.564226,9.481772,
1991-09-12,9.319591,9.524763,9.414814,
1991-09-13,9.296868,9.510202,9.367321,
1991-09-16,9.350311,9.542052,9.365244,
1991-09-17,9.374795,9.537327,9.368238,
1991-09-18,9.343907,9.490761,9.282364,
1991-09-19,9.329750,9.490681,9.290529,
1991-09-20,9.320920,9.470659,9.286021,
1991-09-23,9.374299,9.525097,9.333765,
1991-09-24,9.355293,9.523766,9.345079,
1991-09-25,9.315189,9.524965,9.377276,
1991-09-26,9.300109,9.541719,9.420566,
1991-09-27,9.306891,9.540894,9.412129,
1991-09-30,9.305101,9.527643,9.378828,
1991-10-01,9.281096,9.499171,9.318323,
1991-10-02,9.278319,9.508667,9.339434,
1991-10-03,9.275868,9.506685,9.337786,
1991-10-04,9.289989,9.528261,9.392835,
1991-10-07,9.273860,9.513920,9.348157,
1991-10-08,9.340516,9.602765,9.447260,
1991-10-09,9.400012,9.656297,9.506712,
1991-10-10,9.444037,9.702843,9.560934,
1991-10-11,9.402912,9.654046,9.493650,
1991-10-14,9.421991,9.680951,9.514906,
1991-10-15,9.421153,9.679992,9.539116,
1991-10-16,9.428560,9.682577,9.556988,
1991-10-17,9.402527,9.674333,9.587099,
1991-10-18,9.411007,9.680382,9.587479,
1991-10-21,9.479542,9.766121,9.654273,
1991-10-22,9.519172,9.770345,9.629048,
1991-10-23,9.502259,9.748430,9.600607,
1991-10-24,9.507926,9.756781,9.616538,
1991-10-25,9.492257,9.709219,9.559019,
1991-10-28,9.491355,9.699055,9.537768,
1991-10-29,9.420619,9.621513,9.460043,
1991-10-30,9.404909,9.595537,9.435239,
1991-10-31,9.414358,9.613636,9.464567,
1991-11-01,9.481916,9.683431,9.552323,
1991-11-04,9.483650,9.690838,9.556633,
1991-11-05,9.464621,9.681514,9.567286,
1991-11-06,9.394201,9.597556,9.458251,
1991-11-07,9.393462,9.614663,9.511257,
1991-11-08,9.317035,9.540259,9.412440,
1991-11-11,9.332216,9.549767,9.430899,
1991-11-12,9.380012,9.565252,9.425014,
1991-11-13,9.374900,9.558453,9.415593,
1991-11-14,9.375926,9.563075,9.387559,
1991-11-15,9.424782,9.611043,9.433373,
1991-11-18,9.482480,9.652930,9.459207,
1991-11-19,9.464397,9.652811,9.456385,
1991-11-20,9.487411,9.683233,9.484173,
1991-11-21,9.521990,9.730990,9.554304,
1991-11-22,9.657445,9.867889,9.684935,
1991-11-25,9.718825,9.928598,9.723013,
1991-11-26,9.724591,9.923267,9.711401,
1991-11-27,9.711751,9.907821,9.683608,
1991-11-28,9.705180,9.896743,9.663367,
1991-11-29,9.667464,9.840172,9.609408,
1991-12-02,9.708507,9.874224,9.661454,
1991-12-03,9.720028,9.852608,9.611272,
1991-12-04,9.702233,9.815528,9.554512,
1991-12-05,9.655575,9.756025,9.464226,
1991-12-06,9.628886,9.713778,9.450823,
1991-12-09,9.637831,9.716720,9.428489,
1991-12-10,9.623041,9.703414,9.415465,
1991-12-11,9.568991,9.655905,9.353261,
1991-12-12,9.530081,9.622043,9.314824,
1991-12-13,9.457126,9.563050,9.288237,
1991-12-16,9.445204,9.572336,9.288293,
1991-12-17,9.469810,9.597031,9.289137,
1991-12-18,9.475124,9.603590,9.301758,
1991-12-19,9.560142,9.667284,9.313423,
1991-12-20,9.641201,9.720816,9.329079,
1991-12-23,9.789395,9.802561,9.420699,
1991-12-24,9.778949,9.795855,9.392759,
1991-12-27,9.759980,9.763654,9.380509,
1991-12-30,9.815359,9.830964,9.456816,
1991-12-31,9.810212,9.818198,9.443616,
1992-01-02,9.741630,9.719157,9.251896,
1992-01-03,9.650952,9.668660,9.283552,
1992-01-06,9.648873,9.652101,9.245359,
1992-01-07,9.618219,9.599382,9.180313,
1992-01-08,9.595867,9.587284,9.189082,
1992-01-09,9.541949,9.536647,9.149218,
1992-01-10,9.584797,9.623741,9.270860,
1992-01-13,9.613067,9.667449,9.332983,
1992-01-14,9.561154,9.620766,9.280822,
1992-01-15,9.525373,9.573276,9.213882,
1992-01-16,9.478983,9.541998,9.193485,
1992-01-17,9.432391,9.497904,9.145945,
1992-01-20,9.419412,9.479147,9.150869,
1992-01-21,9.431414,9.509749,9.189312,
1992-01-22,9.418010,9.506463,9.211066,
1992-01-23,9.355292,9.471610,9.175357,
1992-01-24,9.335473,9.493289,9.225590,
1992-01-27,9.293205,9.467403,9.224106,
1992-01-28,9.243738,9.440675,9.179549,
1992-01-29,9.249259,9.426404,9.171292,
1992-01-30,9.275337,9.435941,9.172291,
1992-01-31,9.327190,9.462001,9.162286,
1992-02-03,9.330439,9.458643,9.158445,
1992-02-04,9.336625,9.442744,9.113590,
1992-02-05,9.293286,9.390621,9.080845,
1992-02-06,9.280098,9.382949,9.092376,
1992-02-07,9.266877,9.387326,9.128597,
1992-02-10,9.219557,9.336631,9.105464,
1992-02-11,9.182032,9.321593,9.100952,
1992-02-12,9.197156,9.314971,9.067651,
1992-02-13,9.193752,9.311454,9.069041,
1992-02-14,9.224963,9.373367,9.135779,
1992-02-17,9.202651,9.341768,9.093229,
1992-02-18,9.152700,9.306581,9.063275,
1992-02-19,9.194553,9.324675,9.078981,
1992-02-20,9.184387,9.311221,9.060888,
1992-02-21,9.241440,9.349616,9.101340,
1992-02-24,9.235512,9.339637,9.095311,
1992-02-25,9.207877,9.303039,9.039363,
1992-02-26,9.200779,9.278011,8.997417,
1992-02-27,9.182037,9.258692,8.993420,
1992-02-28,9.195026,9.291982,9.044367,
1992-03-02,9.228085,9.316884,9.056917,
1992-03-03,9.243405,9.335214,9.091714,
1992-03-04,9.288779,9.440758,9.220111,
1992-03-05,9.361436,9.495110,9.277277,
1992-03-06,9.391644,9.527543,9.266168,
1992-03-09,9.371564,9.486857,9.227945,
1992-03-10,9.389728,9.509336,9.275547,
1992-03-11,9.485853,9.626400,9.392273,
1992-03-12,9.599038,9.698301,9.413281,
1992-03-13,9.791411,9.798309,9.486481,
1992-03-16,9.778568,9.795445,9.469163,
1992-03-17,9.730308,9.752208,9.404902,
1992-03-18,9.795703,9.806322,9.463297,
1992-03-19,9.834763,9.834536,9.507677,
1992-03-20,9.861138,9.855799,9.542160,
1992-03-23,9.897741,9.853468,9.506301,
1992-03-24,9.895683,9.845286,9.466713,
1992-03-25,9.895747,9.823818,9.442401,
1992-03-26,9.910719,9.864070,9.513519,
1992-03-27,9.994155,9.954285,9.597672,
1992-03-30,9.987945,9.931431,9.540555,
1992-03-31,10.026063,9.963323,9.553511,
1992-04-01,10.247948,10.131470,9.653103,
1992-04-02,10.262551,10.109746,9.615755,
1992-04-03,10.280669,10.113229,9.616242,
1992-04-06,10.243628,10.098075,9.625513,
1992-04-07,10.154640,10.047707,9.567423,
1992-04-08,10.032395,9.963728,9.513615,
1992-04-09,9.938816,9.868598,9.444347,
1992-04-10,9.365683,9.330524,8.948877,
1992-04-13,9.298552,9.264452,8.893048,
1992-04-14,9.255392,9.238756,8.869616,
1992-04-15,9.199755,9.193961,8.846828,
1992-04-16,9.201175,9.215831,8.907156,
1992-04-21,9.238530,9.246825,8.931929,
1992-04-22,9.239304,9.235530,8.911498,
1992-04-23,9.308293,9.298987,8.968910,
1992-04-24,9.313589,9.284743,8.965017,
1992-04-27,9.246818,9.228789,8.912725,
1992-04-28,9.246206,9.224408,8.924432,
1992-04-29,9.236997,9.207933,8.921709,
1992-04-30,9.256900,9.214322,8.937674,
1992-05-01,9.195125,9.164017,8.886578,
1992-05-05,9.219168,9.201297,8.951287,
1992-05-06,9.196666,9.168555,8.911950,
1992-05-07,9.157157,9.159255,8.900110,
1992-05-08,9.161054,9.157184,8.891902,
1992-05-11,9.127552,9.152737,8.901841,
1992-05-12,9.132222,9.151945,8.918559,
1992-05-13,9.072451,9.102019,8.850036,
1992-05-14,9.083725,9.127343,8.862238,
1992-05-15,9.072965,9.081253,8.821008,
1992-05-18,9.042660,9.042081,8.785223,
1992-05-19,9.043203,9.045767,8.799443,
1992-05-20,9.027771,9.008443,8.726764,
1992-05-21,9.015426,9.004484,8.736123,
1992-05-22,8.996038,8.989051,8.699826,
1992-05-26,9.010664,9.002373,8.736999,
1992-05-27,9.010998,8.990629,8.726407,
1992-05-28,8.999132,8.971051,8.694491,
1992-05-29,8.973356,8.955432,8.686370,
1992-06-01,9.000577,8.983758,8.706065,
1992-06-02,8.990142,8.976697,8.712191,
1992-06-03,9.080225,9.084561,8.852474,
1992-06-04,9.067244,9.072678,8.856131,
1992-06-05,9.092660,9.081350,8.877133,
1992-06-08,9.137287,9.137038,8.931752,
1992-06-09,9.140000,9.137342,8.929757,
1992-06-10,9.129928,9.121050,8.910836,
1992-06-11,9.109683,9.100167,8.890231,
1992-06-12,9.066493,9.077779,8.896101,
1992-06-15,9.086995,9.099239,8.939701,
1992-06-16,9.078651,9.092339,8.922800,
1992-06-17,9.069588,9.078134,8.924232,
1992-06-18,9.050957,9.078572,8.930970,
1992-06-19,9.032527,9.076695,8.934556,
1992-06-22,9.075599,9.113550,8.961596,
1992-06-23,9.110661,9.168831,9.018491,
1992-06-24,9.105290,9.160701,8.996217,
1992-06-25,9.096777,9.140162,8.958290,
1992-06-26,9.061752,9.092219,8.898845,
1992-06-29,9.114495,9.136155,8.933022,
1992-06-30,9.111793,9.129455,8.894570,
1992-07-01,9.047712,9.054229,8.839744,
1992-07-02,8.994606,9.010885,8.774558,
1992-07-03,8.885954,8.907880,8.712228,
1992-07-06,8.923441,8.948127,8.753091,
1992-07-07,8.981920,8.966514,8.745944,
1992-07-08,9.060367,8.997673,8.755084,
1992-07-09,9.035302,8.966985,8.724672,
1992-07-10,9.057539,8.958274,8.722667,
1992-07-13,9.209153,9.060642,8.778705,
1992-07-14,9.201479,9.050183,8.732229,
1992-07-15,9.215656,9.067075,8.761024,
1992-07-16,9.189610,9.036933,8.745238,
1992-07-17,9.284266,9.102523,8.813291,
1992-07-20,9.335073,9.137669,8.831842,
1992-07-21,9.310850,9.115787,8.795897,
1992-07-22,9.306514,9.104455,8.794818,
1992-07-23,9.326094,9.123305,8.798566,
1992-07-24,9.322779,9.120196,8.793839,
1992-07-27,9.312583,9.138417,8.789713,
1992-07-28,9.336276,9.160256,8.819486,
1992-07-29,9.353216,9.196079,8.842456,
1992-07-30,9.423843,9.269342,8.926982,
1992-07-31,9.530848,9.387079,9.005773,
1992-08-03,9.527281,9.386623,8.942701,
1992-08-04,9.518698,9.416743,8.991169,
1992-08-05,9.545180,9.444755,9.022122,
1992-08-06,9.537763,9.429845,9.014870,
1992-08-07,9.480056,9.378248,8.989131,
1992-08-10,9.453509,9.368788,9.001281,
1992-08-11,9.449601,9.377093,9.030506,
1992-08-12,9.493812,9.426638,9.075195,
1992-08-13,9.501910,9.445591,9.094233,
1992-08-14,9.365890,9.277849,8.942875,
1992-08-17,9.382310,9.268193,8.927667,
1992-08-18,9.425885,9.295149,8.920067,
1992-08-19,9.450013,9.321030,8.938228,
1992-08-20,9.456066,9.317874,8.917357,
1992-08-21,9.547500,9.371063,8.966782,
1992-08-24,9.736525,9.546411,9.084964,
1992-08-25,9.919047,9.658192,9.151598,
1992-08-26,9.894678,9.708056,9.234680,
1992-08-27,9.920660,9.764500,9.298795,
1992-08-28,9.860751,9.752031,9.314995,
1992-09-01,9.866943,9.757090,9.331400,
1992-09-02,9.680090,9.637821,9.225212,
1992-09-03,9.542140,9.417545,8.985301,
1992-09-04,9.493159,9.359545,8.922545,
1992-09-07,9.463227,9.370727,8.915660,
1992-09-08,9.613808,9.520639,8.998810,
1992-09-09,9.801931,9.640374,9.032153,
1992-09-10,9.754697,9.584812,8.959480,
1992-09-11,9.867184,9.624450,8.949916,
1992-09-14,9.443592,9.329001,8.769008,
1992-09-15,9.824008,9.582446,8.902577,
1992-09-16,10.194196,9.639153,8.908180,
1992-09-17,8.951399,9.171990,8.995515,
1992-09-18,8.798248,9.033984,8.961594,
1992-09-21,8.449217,8.944137,9.114549,
1992-09-22,8.150370,8.729002,9.040995,
1992-09-23,8.113080,8.622203,8.955441,
1992-09-24,8.111047,8.609875,8.936897,
1992-09-25,8.126991,8.598159,8.930069,
1992-09-28,8.073499,8.542533,8.935819,
1992-09-29,8.110913,8.560856,8.939920,
1992-09-30,8.119170,8.574864,8.967903,
1992-10-01,8.050668,8.580111,9.061849,
1992-10-02,8.106503,8.623251,9.137114,
1992-10-05,8.168124,8.748998,9.293102,
1992-10-06,8.082458,8.694250,9.287913,
1992-10-07,8.031869,8.651965,9.217020,
1992-10-08,7.946292,8.566201,9.080214,
1992-10-09,7.960889,8.546857,9.012178,
1992-10-12,7.884005,8.527234,9.040322,
1992-10-13,7.841165,8.466203,8.907729,
1992-10-14,7.818974,8.436849,8.912034,
1992-10-15,7.685526,8.295215,8.817426,
1992-10-16,7.185997,7.900307,8.626458,
1992-10-19,7.017737,7.859221,8.816652,
1992-10-20,6.820430,7.681758,8.668260,
1992-10-21,6.784617,7.537805,8.561710,
1992-10-22,6.704479,7.501074,8.544589,
1992-10-23,6.688796,7.486772,8.412227,
1992-10-26,6.678415,7.525466,8.433725,
1992-10-27,6.615447,7.475791,8.406377,
1992-10-28,6.550298,7.400226,8.339905,
1992-10-29,6.610662,7.403114,8.283994,
1992-10-30,6.732621,7.480331,8.281597,
1992-11-02,6.640730,7.494192,8.420887,
1992-11-03,6.566708,7.477215,8.409568,
1992-11-04,6.563784,7.482072,8.447287,
1992-11-05,6.443427,7.349365,8.321698,
1992-11-06,6.438134,7.299252,8.251409,
1992-11-09,6.345610,7.223944,8.218353,
1992-11-10,6.353722,7.218370,8.187155,
1992-11-11,6.364627,7.238867,8.198039,
1992-11-12,6.406825,7.284113,8.209485,
1992-11-13,6.579520,7.382396,8.331617,
1992-11-16,6.671588,7.526901,8.468447,
1992-11-17,6.615656,7.504539,8.513835,
1992-11-18,6.592687,7.476032,8.462759,
1992-11-19,6.592131,7.483106,8.502249,
1992-11-20,6.612544,7.513127,8.518391,
1992-11-23,6.628412,7.522045,8.513832,
1992-11-24,6.603241,7.494363,8.474599,
1992-11-25,6.632247,7.549890,8.495258,
1992-11-26,6.686502,7.608716,8.528398,
1992-11-27,6.741239,7.671477,8.590554,
1992-11-30,6.982013,7.844986,8.657262,
1992-12-01,6.961736,7.809036,8.613587,
1992-12-02,6.947132,7.796274,8.663477,
1992-12-03,6.832334,7.685725,8.516876,
1992-12-04,6.819325,7.659992,8.512953,
1992-12-07,6.977375,7.746764,8.496619,
1992-12-08,6.949497,7.696013,8.467701,
1992-12-09,6.925063,7.668658,8.434634,
1992-12-10,6.962818,7.717413,8.498023,
1992-12-11,6.882498,7.668142,8.447476,
1992-12-14,6.887872,7.658403,8.437890,
1992-12-15,6.922386,7.693754,8.491363,
1992-12-16,6.922022,7.671150,8.469149,
1992-12-17,6.883504,7.642221,8.455338,
1992-12-18,6.869077,7.658523,8.473814,
1992-12-21,6.895828,7.676370,8.500124,
1992-12-22,6.844535,7.608917,8.426701,
1992-12-23,6.789377,7.555902,8.386975,
1992-12-24,6.758008,7.538846,8.384230,
1992-12-29,6.780856,7.533955,8.340194,
1992-12-30,6.755637,7.508696,8.305544,
1992-12-31,6.768396,7.537550,8.324830,
1993-01-04,6.789196,7.542745,8.369001,
1993-01-05,6.796017,7.562918,8.422059,
1993-01-06,6.778657,7.540420,8.402223,
1993-01-07,6.788028,7.536363,8.442567,
1993-01-08,6.776461,7.537082,8.468153,
1993-01-11,6.797410,7.604367,8.562249,
1993-01-12,6.774031,7.604856,8.604037,
1993-01-13,6.716386,7.553555,8.573481,
1993-01-14,6.676820,7.522305,8.561502,
1993-01-15,6.607788,7.495996,8.550995,
1993-01-18,6.595262,7.525841,8.617183,
1993-01-19,6.585746,7.538844,8.607099,
1993-01-20,6.500501,7.459859,8.603015,
1993-01-21,6.381368,7.390699,8.532128,
1993-01-22,6.360626,7.394469,8.560693,
1993-01-25,6.413465,7.473537,8.584564,
1993-01-26,6.031014,7.254701,8.460873,
1993-01-27,6.052770,7.288988,8.468661,
1993-01-28,6.062733,7.205711,8.359724,
1993-01-29,6.033673,7.202868,8.375181,
1993-02-01,5.832495,7.099942,8.341803,
1993-02-02,5.844370,7.106310,8.324750,
1993-02-03,5.802874,7.073722,8.328195,
1993-02-04,5.780587,7.101937,8.370644,
1993-02-05,5.772189,7.069829,8.361919,
1993-02-08,5.798304,7.086731,8.373098,
1993-02-09,5.844637,7.128548,8.401201,
1993-02-10,5.841528,7.118308,8.378507,
1993-02-11,5.866726,7.162812,8.422741,
1993-02-12,5.780782,7.052428,8.219732,
1993-02-15,5.826530,7.065140,8.198152,
1993-02-16,5.842801,7.076110,8.172254,
1993-02-17,5.873096,7.078588,8.165765,
1993-02-18,5.857787,7.077392,8.174384,
1993-02-19,5.785684,7.005283,8.114631,
1993-02-22,5.759410,6.982246,8.118282,
1993-02-23,5.743815,6.952465,8.091910,
1993-02-24,5.786256,7.000176,8.160425,
1993-02-25,5.773556,6.976756,8.132488,
1993-02-26,5.739170,6.955915,8.090552,
1993-03-01,5.721926,6.920566,7.976743,
1993-03-02,5.778512,6.941258,7.986835,
1993-03-03,5.763534,6.907982,7.941793,
1993-03-04,5.788951,6.928920,7.960525,
1993-03-05,5.719549,6.843693,7.873393,
1993-03-08,5.686670,6.807220,7.843487,
1993-03-09,5.737549,6.862595,7.877886,
1993-03-10,5.771472,6.863594,7.832874,
1993-03-11,5.732957,6.872910,7.915382,
1993-03-12,5.679989,6.808694,7.884893,
1993-03-15,5.696100,6.835969,7.881395,
1993-03-16,5.835560,6.970659,7.984351,
1993-03-17,5.806618,6.919652,7.959772,
1993-03-18,5.841244,6.894507,7.871853,
1993-03-19,5.938168,6.913484,7.908334,
1993-03-22,6.039335,6.992612,7.965835,
1993-03-23,6.061298,7.029771,8.018983,
1993-03-24,6.064333,7.034584,8.001054,
1993-03-25,6.063106,7.036479,8.013422,
1993-03-26,6.090597,7.076638,8.078752,
1993-03-29,6.039150,7.073816,8.102044,
1993-03-30,5.990867,7.068253,8.082265,
1993-03-31,6.012970,7.062103,7.980234,
1993-04-01,6.055414,7.103082,7.995990,
1993-04-02,6.028506,7.060069,7.946569,
1993-04-05,6.037945,7.084622,8.004499,
1993-04-06,6.034144,7.080461,7.971409,
1993-04-07,6.016057,7.042726,7.937596,
1993-04-08,5.970977,7.027218,7.931848,
1993-04-13,5.951840,6.983368,7.871892,
1993-04-14,6.054357,7.117528,7.964793,
1993-04-15,6.126327,7.161075,7.980249,
1993-04-16,6.316440,7.255542,8.080835,
1993-04-19,6.441275,7.285448,8.041039,
1993-04-20,6.389648,7.255459,8.070337,
1993-04-21,6.369232,7.279872,8.103779,
1993-04-22,6.479358,7.324719,8.118094,
1993-04-23,6.492963,7.350172,8.149624,
1993-04-26,6.535253,7.387854,8.151429,
1993-04-27,6.463390,7.339764,8.084812,
1993-04-28,6.488851,7.401945,8.191858,
1993-04-29,6.587655,7.565005,8.350848,
1993-04-30,6.521959,7.521880,8.329337,
1993-05-04,6.438948,7.468478,8.280733,
1993-05-05,6.427873,7.463550,8.281040,
1993-05-06,6.460551,7.531405,8.334295,
1993-05-07,6.371031,7.479947,8.322152,
1993-05-10,6.324221,7.470487,8.327750,
1993-05-11,6.321126,7.493539,8.343668,
1993-05-12,6.291881,7.456399,8.293667,
1993-05-13,6.325473,7.480443,8.327447,
1993-05-14,6.373896,7.493778,8.362202,
1993-05-17,6.405122,7.506715,8.354938,
1993-05-18,6.419894,7.513383,8.347008,
1993-05-19,6.374757,7.461538,8.306030,
1993-05-20,6.381473,7.467910,8.306536,
1993-05-21,6.373934,7.467224,8.320013,
1993-05-24,6.338484,7.469536,8.323022,
1993-05-25,6.305356,7.453996,8.320032,
1993-05-26,6.280037,7.416719,8.265572,
1993-05-27,6.296496,7.430599,8.266839,
1993-05-28,6.336443,7.496829,8.364576,
1993-06-01,6.219183,7.448317,8.355205,
1993-06-02,6.210614,7.434825,8.306349,
1993-06-03,6.219696,7.418494,8.279989,
1993-06-04,6.218315,7.431337,8.304543,
1993-06-07,6.228842,7.432053,8.289758,
1993-06-08,6.232908,7.432674,8.279876,
1993-06-09,6.217786,7.414042,8.219502,
1993-06-10,6.219031,7.395092,8.194777,
1993-06-11,6.213472,7.398526,8.195647,
1993-06-14,6.187365,7.381466,8.168035,
1993-06-15,6.195138,7.395246,8.186387,
1993-06-16,6.177407,7.369245,8.157546,
1993-06-17,6.206001,7.376952,8.098453,
1993-06-18,6.198813,7.361942,8.064754,
1993-06-21,6.134929,7.284162,7.982300,
1993-06-22,6.106616,7.257962,7.999085,
1993-06-23,6.111607,7.246573,7.969759,
1993-06-24,6.097349,7.200683,7.912346,
1993-06-25,6.128267,7.228644,7.924269,
1993-06-28,6.094405,7.179574,7.868333,
1993-06-29,6.086992,7.187132,7.905275,
1993-06-30,6.037020,7.151418,7.862866,
1993-07-01,5.982645,7.123311,7.879380,
1993-07-02,5.939100,7.097305,7.862374,
1993-07-05,5.914078,7.052411,7.836978,
1993-07-06,5.883692,7.004079,7.791296,
1993-07-07,5.899548,7.022283,7.810465,
1993-07-08,5.901063,7.004013,7.802030,
1993-07-09,5.886600,6.987615,7.777375,
1993-07-12,5.892638,6.976780,7.755213,
1993-07-13,5.952643,7.022154,7.765336,
1993-07-14,5.902817,6.942873,7.655779,
1993-07-15,5.871100,6.926760,7.643338,
1993-07-16,5.897381,6.978504,7.676512,
1993-07-19,5.956229,7.015583,7.698139,
1993-07-20,5.971389,7.032027,7.683293,
1993-07-21,6.085136,7.121131,7.732195,
1993-07-22,6.038217,7.087119,7.723415,
1993-07-23,6.019128,7.095329,7.749524,
1993-07-26,5.971922,7.072591,7.749965,
1993-07-27,5.973312,7.093509,7.796289,
1993-07-28,5.839897,6.984664,7.709769,
1993-07-29,5.797653,6.948327,7.659280,
1993-07-30,5.673571,6.846821,7.577795,
1993-08-02,5.668562,6.846774,7.591247,
1993-08-03,5.654130,6.751984,7.503881,
1993-08-04,5.686281,6.778162,7.487502,
1993-08-05,5.667939,6.738322,7.453686,
1993-08-06,5.630655,6.667952,7.345692,
1993-08-09,5.666856,6.668793,7.338078,
1993-08-10,5.647466,6.636585,7.274755,
1993-08-11,5.575405,6.521563,7.148835,
1993-08-12,5.597816,6.565651,7.221839,
1993-08-13,5.589662,6.520831,7.110582,
1993-08-16,5.589694,6.528243,7.142517,
1993-08-17,5.597710,6.507421,7.071895,
1993-08-18,5.640370,6.551673,7.095474,
1993-08-19,5.694993,6.599960,7.157310,
1993-08-20,5.686972,6.620688,7.172525,
1993-08-23,5.667960,6.602461,7.161962,
1993-08-24,5.635145,6.627765,7.217580,
1993-08-25,5.620562,6.606656,7.190190,
1993-08-26,5.667465,6.620860,7.178966,
1993-08-27,5.642779,6.545583,7.045327,
1993-08-31,5.630112,6.538611,6.994326,
1993-09-01,5.625445,6.511945,6.996045,
1993-09-02,5.696194,6.559683,7.046338,
1993-09-03,5.692949,6.544382,7.005935,
1993-09-06,5.698819,6.551776,7.026389,
1993-09-07,5.688967,6.514655,6.970263,
1993-09-08,5.692260,6.493377,6.954478,
1993-09-09,5.730064,6.521824,6.981157,
1993-09-10,5.721703,6.496102,6.966541,
1993-09-13,5.708330,6.481872,6.970177,
1993-09-14,5.757794,6.558305,7.052913,
1993-09-15,5.864826,6.708239,7.262761,
1993-09-16,5.864485,6.697500,7.203748,
1993-09-17,5.839343,6.664967,7.154702,
1993-09-20,5.864159,6.669275,7.199923,
1993-09-21,5.867480,6.674214,7.206055,
1993-09-22,5.848506,6.686992,7.249232,
1993-09-23,5.814430,6.642383,7.191971,
1993-09-24,5.768119,6.596065,7.171011,
1993-09-27,5.733418,6.582654,7.151767,
1993-09-28,5.748569,6.592921,7.129706,
1993-09-29,5.746082,6.588189,7.095815,
1993-09-30,5.747861,6.590961,7.092956,
1993-10-01,5.762969,6.592543,7.094749,
1993-10-04,5.722347,6.557295,7.070455,
1993-10-05,5.704410,6.530650,7.043980,
1993-10-06,5.692557,6.512175,7.005119,
1993-10-07,5.714940,6.548382,7.040662,
1993-10-08,5.688977,6.489112,6.968183,
1993-10-11,5.683441,6.504345,6.984251,
1993-10-12,5.656816,6.483556,6.973249,
1993-10-13,5.616029,6.484464,6.999374,
1993-10-14,5.583109,6.480221,7.054389,
1993-10-15,5.546067,6.418260,7.011311,
1993-10-18,5.514480,6.401960,7.014677,
1993-10-19,5.498826,6.350572,6.982713,
1993-10-20,5.459468,6.317262,6.921158,
1993-10-21,5.416228,6.282611,6.905322,
1993-10-22,5.365129,6.231219,6.870690,
1993-10-25,5.437081,6.312688,6.950976,
1993-10-26,5.436185,6.306025,6.933931,
1993-10-27,5.490035,6.403708,7.051915,
1993-10-28,5.465875,6.382533,7.037645,
1993-10-29,5.454049,6.404599,7.047791,
1993-11-01,5.567751,6.475981,7.088262,
1993-11-02,5.542636,6.447072,7.064986,
1993-11-03,5.474864,6.390741,7.025024,
1993-11-04,5.453596,6.367631,7.031728,
1993-11-05,5.455423,6.429252,7.160321,
1993-11-08,5.434463,6.426653,7.140009,
1993-11-09,5.434706,6.385189,7.053948,
1993-11-10,5.445766,6.403950,7.075352,
1993-11-11,5.462375,6.401989,7.083192,
1993-11-12,5.442586,6.353357,6.985547,
1993-11-15,5.462618,6.356305,6.981136,
1993-11-16,5.474922,6.354354,6.955500,
1993-11-17,5.418520,6.284589,6.866701,
1993-11-18,5.418024,6.289424,6.858689,
1993-11-19,5.392126,6.271621,6.855698,
1993-11-22,5.430875,6.317569,6.940447,
1993-11-23,5.391862,6.300684,6.920475,
1993-11-24,5.379322,6.311182,6.927515,
1993-11-25,5.364342,6.301544,6.896741,
1993-11-26,5.338497,6.286394,6.880372,
1993-11-29,5.344833,6.281772,6.850134,
1993-11-30,5.332317,6.253569,6.788066,
1993-12-01,5.273464,6.137513,6.661214,
1993-12-02,5.204831,6.116318,6.697270,
1993-12-03,5.129679,6.043544,6.660509,
1993-12-06,5.070191,5.963882,6.626362,
1993-12-07,5.089200,5.977560,6.629978,
1993-12-08,5.044222,5.920772,6.564232,
1993-12-09,4.996112,5.884108,6.537195,
1993-12-10,5.016932,5.884186,6.508463,
1993-12-13,5.002074,5.863976,6.478615,
1993-12-14,5.006128,5.862259,6.482476,
1993-12-15,5.047624,5.863919,6.445204,
1993-12-16,5.067368,5.837441,6.398075,
1993-12-17,5.088050,5.804817,6.332033,
1993-12-20,5.110117,5.829864,6.320010,
1993-12-21,5.136772,5.858614,6.378529,
1993-12-22,5.154396,5.883790,6.381321,
1993-12-23,5.128392,5.830087,6.329461,
1993-12-24,5.097405,5.814798,6.315126,
1993-12-29,5.097420,5.771970,6.241023,
1993-12-30,5.095411,5.776065,6.258363,
1993-12-31,5.080304,5.779249,6.249295,
1994-01-04,5.165839,5.869632,6.367916,
1994-01-05,5.207008,5.913788,6.416534,
1994-01-06,5.199348,5.904554,6.408819,
1994-01-07,5.169165,5.861939,6.324062,
1994-01-10,5.182687,5.868880,6.342721,
1994-01-11,5.266124,5.916794,6.408634,
1994-01-12,5.271375,5.929360,6.395782,
1994-01-13,5.293315,5.989409,6.485207,
1994-01-14,5.308291,6.023913,6.519905,
1994-01-17,5.288496,5.979664,6.500589,
1994-01-18,5.222573,5.906305,6.423525,
1994-01-19,5.124033,5.799632,6.296876,
1994-01-20,5.156186,5.827332,6.304368,
1994-01-21,5.180241,5.858162,6.325486,
1994-01-24,5.157643,5.838636,6.318627,
1994-01-25,5.161571,5.843192,6.345457,
1994-01-26,5.188360,5.880390,6.395584,
1994-01-27,5.202688,5.926810,6.480713,
1994-01-28,5.180413,5.884266,6.421860,
1994-01-31,5.184981,5.866022,6.369416,
1994-02-01,5.168185,5.870099,6.449724,
1994-02-02,5.190075,5.893747,6.454493,
1994-02-03,5.233010,5.961112,6.535347,
1994-02-04,5.236353,6.025328,6.604077,
1994-02-07,5.368188,6.164442,6.690584,
1994-02-08,5.256361,6.098087,6.719674,
1994-02-09,5.264292,6.145472,6.753036,
1994-02-10,5.301632,6.191737,6.770165,
1994-02-11,5.291649,6.183732,6.737544,
1994-02-14,5.319015,6.202351,6.741593,
1994-02-15,5.318186,6.220566,6.751775,
1994-02-16,5.291072,6.190647,6.721394,
1994-02-17,5.254169,6.144188,6.691177,
1994-02-18,5.262981,6.183996,6.798337,
1994-02-21,5.321457,6.288442,6.949484,
1994-02-22,5.412501,6.419356,6.948007,
1994-02-23,5.409786,6.446504,6.948437,
1994-02-24,5.589811,6.726790,7.199306,
1994-02-25,5.557241,6.636778,7.151531,
1994-02-28,5.472733,6.550114,7.063556,
1994-03-01,5.563386,6.694889,7.258749,
1994-03-02,5.574207,6.726130,7.264548,
1994-03-03,5.584852,6.754017,7.298293,
1994-03-04,5.546563,6.681918,7.190361,
1994-03-07,5.499853,6.595307,7.067176,
1994-03-08,5.505078,6.631456,7.164238,
1994-03-09,5.569877,6.699197,7.184634,
1994-03-10,5.532548,6.679026,7.170204,
1994-03-11,5.644202,6.861951,7.382944,
1994-03-14,5.613405,6.804843,7.318362,
1994-03-15,5.570828,6.697816,7.161318,
1994-03-16,5.695908,6.859977,7.329173,
1994-03-17,5.669816,6.861960,7.364531,
1994-03-18,5.702978,6.998457,7.496120,
1994-03-21,5.707583,6.964434,7.516627,
1994-03-22,5.654332,6.897642,7.431883,
1994-03-23,5.741216,7.007344,7.523385,
1994-03-24,5.989804,7.299340,7.781134,
1994-03-25,6.162243,7.458500,7.922179,
1994-03-28,6.169734,7.436783,7.834230,
1994-03-29,6.315827,7.590508,7.916853,
1994-03-30,6.337682,7.473489,7.699796,
1994-03-31,6.231113,7.368174,7.604684,
1994-04-05,6.313355,7.483270,7.663228,
1994-04-06,6.212775,7.388771,7.618797,
1994-04-07,6.211582,7.422714,7.659704,
1994-04-08,6.222781,7.463116,7.744404,
1994-04-11,6.192246,7.405298,7.640032,
1994-04-12,6.203090,7.419938,7.663282,
1994-04-13,6.209562,7.458211,7.740178,
1994-04-14,6.207283,7.459070,7.731019,
1994-04-15,6.174729,7.385855,7.610444,
1994-04-18,6.263392,7.621743,7.877989,
1994-04-19,6.278038,7.654866,7.893795,
1994-04-20,6.412374,7.755859,7.986642,
1994-04-21,6.491730,7.723067,7.875320,
1994-04-22,6.432760,7.651788,7.784735,
1994-04-25,6.522954,7.819375,7.933895,
1994-04-26,6.477876,7.747943,7.864259,
1994-04-27,6.472183,7.719763,7.850390,
1994-04-28,6.497189,7.779225,7.970368,
1994-04-29,6.458096,7.743594,7.941915,
1994-05-03,6.581096,7.870358,8.100052,
1994-05-04,6.701798,8.083866,8.280912,
1994-05-05,6.659697,8.018789,8.214475,
1994-05-06,6.673510,8.095186,8.343324,
1994-05-09,6.764270,8.177033,8.387973,
1994-05-10,6.725630,8.134459,8.357773,
1994-05-11,6.655859,8.053032,8.323569,
1994-05-12,6.596097,7.991208,8.280094,
1994-05-13,6.511783,7.869525,8.141827,
1994-05-16,6.505976,7.863558,8.149111,
1994-05-17,6.496569,7.825047,8.107884,
1994-05-18,6.519765,7.790943,8.041163,
1994-05-19,6.414610,7.674556,7.942107,
1994-05-20,6.404164,7.685261,7.964438,
1994-05-23,6.444018,7.753744,8.063727,
1994-05-24,6.523402,7.898365,8.213966,
1994-05-25,6.583644,8.047537,8.409870,
1994-05-26,6.634357,8.083076,8.399751,
1994-05-27,6.699728,8.222012,8.540043,
1994-05-31,6.796587,8.340177,8.636400,
1994-06-01,7.082766,8.705397,8.933253,
1994-06-02,7.004946,8.488258,8.622445,
1994-06-03,6.792148,8.206107,8.437882,
1994-06-06,6.789452,8.231370,8.466512,
1994-06-07,6.872775,8.377171,8.612044,
1994-06-08,6.802383,8.273537,8.451882,
1994-06-09,6.842045,8.335939,8.528979,
1994-06-10,6.826484,8.285025,8.467454,
1994-06-13,6.957044,8.474165,8.692508,
1994-06-14,6.966275,8.466208,8.644576,
1994-06-15,6.803331,8.334827,8.602900,
1994-06-16,6.943177,8.533170,8.743644,
1994-06-17,6.979184,8.516100,8.740418,
1994-06-20,7.062941,8.704599,8.902591,
1994-06-21,7.087788,8.750770,8.963110,
1994-06-22,7.003694,8.556800,8.762478,
1994-06-23,6.937305,8.439485,8.648198,
1994-06-24,7.030121,8.545444,8.729664,
1994-06-27,7.014192,8.395729,8.537720,
1994-06-28,6.995232,8.417910,8.586732,
1994-06-29,6.959780,8.357154,8.516259,
1994-06-30,7.041138,8.549176,8.731166,
1994-07-01,7.036617,8.532092,8.720507,
1994-07-04,7.015367,8.487211,8.671495,
1994-07-05,7.025192,8.492921,8.695761,
1994-07-06,7.003220,8.472520,8.673772,
1994-07-07,7.047123,8.492516,8.656301,
1994-07-08,7.042219,8.468692,8.597238,
1994-07-11,7.015083,8.372733,8.535184,
1994-07-12,6.920454,8.208280,8.353313,
1994-07-13,6.804409,8.123450,8.334818,
1994-07-14,6.731025,8.032399,8.222808,
1994-07-15,6.712876,8.046889,8.308672,
1994-07-18,6.715526,8.022362,8.263343,
1994-07-19,6.720898,8.012876,8.266638,
1994-07-20,6.766182,8.093918,8.362368,
1994-07-21,6.782914,8.091157,8.348979,
1994-07-22,6.819083,8.131825,8.378121,
1994-07-25,6.847163,8.147064,8.319777,
1994-07-26,6.862885,8.159591,8.369781,
1994-07-27,7.085331,8.449395,8.600223,
1994-07-28,7.174288,8.458686,8.630404,
1994-07-29,7.357561,8.452250,8.550947,
1994-08-01,7.338425,8.440867,8.544586,
1994-08-02,7.219828,8.257981,8.326489,
1994-08-03,7.175525,8.286321,8.351673,
1994-08-04,7.247230,8.352026,8.450440,
1994-08-05,7.282997,8.354540,8.452986,
1994-08-08,7.256746,8.303307,8.409442,
1994-08-09,7.259806,8.382223,8.513614,
1994-08-10,7.222982,8.360429,8.474708,
1994-08-11,7.385969,8.569513,8.667718,
1994-08-12,7.443681,8.582693,8.666954,
1994-08-15,7.483546,8.604414,8.689418,
1994-08-16,7.462143,8.535571,8.614596,
1994-08-17,7.417389,8.492560,8.563460,
1994-08-18,7.500519,8.579282,8.670239,
1994-08-19,7.504147,8.592016,8.666685,
1994-08-22,7.501044,8.586223,8.655273,
1994-08-23,7.521172,8.584027,8.633876,
1994-08-24,7.532100,8.599696,8.642092,
1994-08-25,7.492836,8.512812,8.535342,
1994-08-26,7.491929,8.437772,8.455710,
1994-08-30,7.491002,8.464723,8.503074,
1994-08-31,7.460757,8.440641,8.494812,
1994-09-01,7.390682,8.388346,8.453485,
1994-09-02,7.452577,8.504490,8.590723,
1994-09-05,7.475942,8.494315,8.583028,
1994-09-06,7.540412,8.626141,8.727169,
1994-09-07,7.522203,8.585428,8.680197,
1994-09-08,7.385360,8.450195,8.574161,
1994-09-09,7.493014,8.615217,8.813811,
1994-09-12,7.623551,8.630266,8.708322,
1994-09-13,7.633549,8.619048,8.691168,
1994-09-14,7.771011,8.797494,8.874788,
1994-09-15,7.680712,8.668714,8.760693,
1994-09-16,7.846707,8.860936,8.959772,
1994-09-19,7.925954,8.877989,8.937166,
1994-09-20,8.013430,8.923604,8.991485,
1994-09-21,8.012775,8.951663,8.976957,
1994-09-22,7.941378,8.846239,8.860522,
1994-09-23,7.921705,8.833472,8.822931,
1994-09-26,7.941269,8.816383,8.838810,
1994-09-27,7.908791,8.816348,8.864668,
1994-09-28,7.859056,8.729734,8.755947,
1994-09-29,7.860235,8.772930,8.794177,
1994-09-30,7.875378,8.751800,8.742038,
1994-10-03,7.953951,8.839768,8.852307,
1994-10-04,7.937299,8.826599,8.797912,
1994-10-05,7.958066,8.833428,8.840190,
1994-10-06,7.850576,8.743725,8.774748,
1994-10-07,7.820108,8.660384,8.678029,
1994-10-10,7.735044,8.616609,8.638680,
1994-10-11,7.709389,8.592474,8.626320,
1994-10-12,7.595781,8.520069,8.561734,
1994-10-13,7.558174,8.472022,8.484044,
1994-10-14,7.611868,8.515405,8.498483,
1994-10-17,7.550328,8.401417,8.406542,
1994-10-18,7.600589,8.475581,8.473462,
1994-10-19,7.635810,8.508933,8.528460,
1994-10-20,7.659621,8.555472,8.561701,
1994-10-21,7.695427,8.579960,8.580742,
1994-10-24,7.739634,8.647983,8.660946,
1994-10-25,7.850690,8.779276,8.783101,
1994-10-26,7.888939,8.823252,8.768037,
1994-10-27,7.820366,8.714967,8.681969,
1994-10-28,7.716851,8.630827,8.602276,
1994-10-31,7.783014,8.689864,8.653832,
1994-11-01,7.739360,8.596839,8.582143,
1994-11-02,7.731371,8.675396,8.669496,
1994-11-03,7.695655,8.620584,8.621497,
1994-11-04,7.624853,8.569670,8.591202,
1994-11-07,7.690277,8.652669,8.661211,
1994-11-08,7.701141,8.646083,8.643866,
1994-11-09,7.655496,8.559469,8.556622,
1994-11-10,7.626710,8.550355,8.562248,
1994-11-11,7.671562,8.572450,8.596427,
1994-11-14,7.686512,8.549308,8.550144,
1994-11-15,7.620754,8.491195,8.518815,
1994-11-16,7.570678,8.465595,8.493621,
1994-11-17,7.558565,8.476949,8.538198,
1994-11-18,7.535766,8.416542,8.489912,
1994-11-21,7.563278,8.425876,8.468154,
1994-11-22,7.563863,8.402689,8.448578,
1994-11-23,7.485516,8.314204,8.366462,
1994-11-24,7.482881,8.308460,8.351566,
1994-11-25,7.545079,8.345619,8.362057,
1994-11-28,7.525503,8.306418,8.318569,
1994-11-29,7.607658,8.399434,8.395642,
1994-11-30,7.629186,8.397120,8.361341,
1994-12-01,7.673662,8.408650,8.362484,
1994-12-02,7.661724,8.408537,8.380946,
1994-12-05,7.729715,8.473844,8.436138,
1994-12-06,7.823669,8.533955,8.488067,
1994-12-07,7.783728,8.514383,8.465950,
1994-12-08,7.753610,8.486656,8.450277,
1994-12-09,7.711446,8.414806,8.359242,
1994-12-12,7.789896,8.473211,8.412180,
1994-12-13,7.834140,8.523603,8.474694,
1994-12-14,7.805682,8.496578,8.429120,
1994-12-15,7.777901,8.453732,8.397968,
1994-12-16,7.784302,8.472182,8.401088,
1994-12-19,7.772126,8.460834,8.377520,
1994-12-20,7.779349,8.476396,8.401107,
1994-12-21,7.760712,8.449732,8.381831,
1994-12-22,7.771703,8.441295,8.380971,
1994-12-23,7.780069,8.449017,8.379720,
1994-12-28,7.811965,8.447020,8.356821,
1994-12-29,7.998038,8.683679,8.604701,
1994-12-30,7.992560,8.641528,8.589144,
1995-01-03,8.030953,8.697908,8.651742,
1995-01-04,8.017573,8.638076,8.605651,
1995-01-05,8.026244,8.648744,8.614914,
1995-01-06,7.997903,8.609487,8.552239,
1995-01-09,8.009046,8.685173,8.614990,
1995-01-10,8.015047,8.677360,8.603918,
1995-01-11,7.942432,8.672761,8.606440,
1995-01-12,7.922297,8.647629,8.591392,
1995-01-13,7.916230,8.647734,8.584143,
1995-01-16,7.894690,8.592806,8.536856,
1995-01-17,7.892344,8.583046,8.529587,
1995-01-18,7.961350,8.668388,8.603380,
1995-01-19,7.966403,8.620100,8.540503,
1995-01-20,7.964286,8.635100,8.559347,
1995-01-23,7.988964,8.682260,8.624427,
1995-01-24,7.989664,8.678961,8.621566,
1995-01-25,7.997178,8.682831,8.624197,
1995-01-26,7.966694,8.626505,8.549789,
1995-01-27,7.907416,8.557920,8.479520,
1995-01-30,7.893402,8.531654,8.481313,
1995-01-31,7.858867,8.512787,8.468611,
1995-02-01,7.844751,8.494102,8.442982,
1995-02-02,7.872022,8.514280,8.452011,
1995-02-03,7.853471,8.511478,8.470233,
1995-02-06,7.881942,8.517416,8.474163,
1995-02-07,7.799858,8.416536,8.380730,
1995-02-08,7.816655,8.436035,8.405572,
1995-02-09,7.823938,8.429602,8.391757,
1995-02-10,7.859331,8.452357,8.409114,
1995-02-13,8.034086,8.646837,8.603985,
1995-02-14,8.060486,8.642013,8.591962,
1995-02-15,7.905647,8.513714,8.507506,
1995-02-16,7.913034,8.523546,8.516678,
1995-02-17,7.929080,8.534158,8.529666,
1995-02-20,7.955498,8.590488,8.562391,
1995-02-21,7.975444,8.635357,8.613986,
1995-02-22,7.932794,8.579772,8.560470,
1995-02-23,7.813815,8.478541,8.486685,
1995-02-24,7.898373,8.555013,8.532758,
1995-02-27,7.893547,8.562281,8.555962,
1995-02-28,7.888548,8.546536,8.535840,
1995-03-01,7.869446,8.491380,8.469559,
1995-03-02,7.813813,8.452724,8.464982,
1995-03-03,7.820727,8.467297,8.470351,
1995-03-06,7.855425,8.549971,8.569052,
1995-03-07,8.035267,8.705546,8.708310,
1995-03-08,7.986670,8.656598,8.635739,
1995-03-09,7.963922,8.621436,8.625589,
1995-03-10,7.948912,8.576494,8.556121,
1995-03-13,7.954935,8.594730,8.568814,
1995-03-14,7.826312,8.447625,8.433095,
1995-03-15,7.791825,8.425766,8.422548,
1995-03-16,7.722140,8.323135,8.307791,
1995-03-17,7.775375,8.405061,8.393932,
1995-03-20,7.755852,8.362935,8.360700,
1995-03-21,7.707807,8.329714,8.328184,
1995-03-22,7.704266,8.331384,8.338939,
1995-03-23,7.696867,8.355833,8.366862,
1995-03-24,7.663388,8.321969,8.329783,
1995-03-27,7.668393,8.344728,8.366096,
1995-03-28,7.703281,8.376725,8.398680,
1995-03-29,7.754955,8.430067,8.454337,
1995-03-30,7.643119,8.314669,8.371434,
1995-03-31,7.734404,8.381817,8.412518,
1995-04-03,7.699652,8.326243,8.354741,
1995-04-04,7.674194,8.289671,8.314696,
1995-04-05,7.649916,8.267132,8.303900,
1995-04-06,7.681459,8.287097,8.328360,
1995-04-07,7.575659,8.225202,8.303447,
1995-04-10,7.618502,8.280063,8.370328,
1995-04-11,7.616454,8.282573,8.368919,
1995-04-12,7.560372,8.207721,8.305635,
1995-04-13,7.545794,8.177320,8.245212,
1995-04-18,7.543596,8.168889,8.244076,
1995-04-19,7.656421,8.288864,8.356777,
1995-04-20,7.642872,8.258633,8.298254,
1995-04-21,7.578549,8.207197,8.271068,
1995-04-24,7.625445,8.221777,8.271490,
1995-04-25,7.717939,8.279363,8.321550,
1995-04-26,7.686400,8.211635,8.272626,
1995-04-27,7.733322,8.249162,8.306742,
1995-04-28,7.767000,8.299492,8.353929,
1995-05-01,7.788835,8.304245,8.345291,
1995-05-02,7.773224,8.292605,8.341433,
1995-05-03,7.719713,8.229100,8.267134,
1995-05-04,7.672460,8.176176,8.230259,
1995-05-05,7.553876,8.107760,8.218630,
1995-05-09,7.565006,8.129765,8.257112,
1995-05-10,7.465190,7.949026,8.046914,
1995-05-11,7.568980,8.023902,8.097497,
1995-05-12,7.573454,8.052281,8.111485,
1995-05-15,7.567835,8.038420,8.120582,
1995-05-16,7.501221,7.969404,8.056943,
1995-05-17,7.492192,7.969398,8.082853,
1995-05-18,7.368888,7.869604,8.007890,
1995-05-19,7.357569,7.879855,8.033864,
1995-05-22,7.344684,7.866358,7.997462,
1995-05-23,7.321155,7.844712,7.987337,
1995-05-24,7.119881,7.657523,7.821811,
1995-05-25,7.099702,7.652461,7.823487,
1995-05-26,7.208520,7.707645,7.888717,
1995-05-30,7.159522,7.652701,7.837320,
1995-05-31,7.140398,7.667428,7.876562,
1995-06-01,7.008889,7.548594,7.777862,
1995-06-02,6.863831,7.399456,7.688862,
1995-06-05,6.795807,7.371367,7.680964,
1995-06-06,6.819790,7.344890,7.662019,
1995-06-07,6.921925,7.440144,7.739759,
1995-06-08,7.015414,7.567289,7.836233,
1995-06-09,7.231701,7.801922,8.066047,
1995-06-12,7.247202,7.844872,8.081332,
1995-06-13,7.069724,7.693669,7.957797,
1995-06-14,7.128767,7.756580,8.011318,
1995-06-15,7.199420,7.807336,8.050839,
1995-06-16,7.283637,7.887039,8.139425,
1995-06-19,7.207265,7.805052,8.054688,
1995-06-20,7.199718,7.794289,8.066514,
1995-06-21,7.188391,7.808834,8.084964,
1995-06-22,7.092595,7.688870,7.955277,
1995-06-23,7.189251,7.818850,8.130826,
1995-06-26,7.383824,8.032634,8.329372,
1995-06-27,7.510374,8.090022,8.328050,
1995-06-28,7.522406,8.134736,8.391706,
1995-06-29,7.531107,8.180534,8.419872,
1995-06-30,7.522625,8.166036,8.402279,
1995-07-03,7.492355,8.138566,8.391895,
1995-07-04,7.467849,8.089117,8.336268,
1995-07-05,7.341453,8.013744,8.266948,
1995-07-06,7.362726,8.020109,8.275479,
1995-07-07,7.176010,7.811558,8.101328,
1995-07-10,7.158540,7.763728,8.072430,
1995-07-11,7.158804,7.778147,8.070294,
1995-07-12,7.150691,7.757147,8.063566,
1995-07-13,7.171527,7.827248,8.116891,
1995-07-14,7.248488,7.884528,8.166926,
1995-07-17,7.221614,7.861926,8.161413,
1995-07-18,7.242102,7.893923,8.196582,
1995-07-19,7.240116,7.924643,8.235557,
1995-07-20,7.256426,7.956704,8.278281,
1995-07-21,7.236464,7.963412,8.305898,
1995-07-24,7.195322,7.908752,8.252408,
1995-07-25,7.147881,7.875098,8.238673,
1995-07-26,7.093981,7.790837,8.149550,
1995-07-27,7.117990,7.777048,8.137267,
1995-07-28,7.191469,7.839042,8.198587,
1995-07-31,7.197033,7.833161,8.174996,
1995-08-01,7.199930,7.861245,8.208262,
1995-08-02,7.128969,7.751364,8.088616,
1995-08-03,7.137980,7.762068,8.104425,
1995-08-04,7.116564,7.694840,8.021449,
1995-08-07,7.099016,7.660295,7.993631,
1995-08-08,7.056253,7.643751,7.994787,
1995-08-09,7.056221,7.653814,8.023692,
1995-08-10,7.008691,7.602681,7.962453,
1995-08-11,7.076955,7.686219,8.047352,
1995-08-14,7.211549,7.816295,8.166615,
1995-08-15,7.266306,7.887613,8.206034,
1995-08-16,7.171420,7.794058,8.150150,
1995-08-17,7.118870,7.750592,8.142141,
1995-08-18,7.066852,7.713627,8.110008,
1995-08-21,7.013065,7.643538,8.039661,
1995-08-22,7.011660,7.638200,8.039272,
1995-08-23,7.023002,7.657226,8.056297,
1995-08-24,6.992673,7.645571,8.062620,
1995-08-25,6.965259,7.620844,8.029518,
1995-08-29,6.912297,7.601010,8.032777,
1995-08-30,6.888824,7.603698,8.041941,
1995-08-31,6.909396,7.629820,8.078601,
1995-09-01,6.803965,7.503337,7.936182,
1995-09-04,6.757573,7.465168,7.939231,
1995-09-05,6.792085,7.463678,7.928314,
1995-09-06,6.770745,7.456505,7.896001,
1995-09-07,6.759779,7.471941,7.919069,
1995-09-08,6.728994,7.449031,7.908112,
1995-09-11,6.731667,7.446574,7.907914,
1995-09-12,6.657365,7.377981,7.846153,
1995-09-13,6.615443,7.309380,7.776517,
1995-09-14,6.566925,7.273085,7.770812,
1995-09-15,6.622205,7.344405,7.828469,
1995-09-18,6.707367,7.390645,7.862546,
1995-09-19,6.705402,7.393104,7.862599,
1995-09-20,6.701097,7.375431,7.832770,
1995-09-21,6.727471,7.402373,7.842035,
1995-09-22,6.859700,7.570506,7.993665,
1995-09-25,6.888420,7.596767,8.022889,
1995-09-26,6.853928,7.559092,8.000030,
1995-09-27,6.948591,7.698229,8.141983,
1995-09-28,6.907877,7.698480,8.144701,
1995-09-29,6.816587,7.637087,8.137895,
1995-10-02,6.732323,7.536396,8.064715,
1995-10-03,6.689972,7.477891,8.036350,
1995-10-04,6.686022,7.457294,8.019827,
1995-10-05,6.696386,7.485385,8.052605,
1995-10-06,6.718449,7.508508,8.069741,
1995-10-09,6.838735,7.586382,8.124904,
1995-10-10,6.842005,7.605830,8.137253,
1995-10-11,6.897970,7.635196,8.144779,
1995-10-12,6.961346,7.677742,8.151577,
1995-10-13,6.912956,7.602282,8.062779,
1995-10-16,6.916830,7.621709,8.121942,
1995-10-17,6.930013,7.636607,8.147476,
1995-10-18,6.815854,7.558264,8.095701,
1995-10-19,6.810402,7.549131,8.082208,
1995-10-20,6.868527,7.625124,8.158824,
1995-10-23,6.914028,7.668519,8.212399,
1995-10-24,6.907698,7.663546,8.219785,
1995-10-25,6.799552,7.504484,8.040095,
1995-10-26,6.784542,7.485396,8.023135,
1995-10-27,6.792643,7.520585,8.075868,
1995-10-30,6.776641,7.489944,8.033094,
1995-10-31,6.731279,7.431109,7.952346,
1995-11-01,6.715263,7.391264,7.901265,
1995-11-02,6.690718,7.359366,7.874957,
1995-11-03,6.681277,7.379788,7.937839,
1995-11-06,6.628731,7.323577,7.881469,
1995-11-07,6.629574,7.325936,7.897347,
1995-11-08,6.556982,7.241116,7.808070,
1995-11-09,6.565843,7.277105,7.862917,
1995-11-10,6.648377,7.328031,7.882011,
1995-11-13,6.589163,7.286335,7.864432,
1995-11-14,6.585255,7.268519,7.848164,
1995-11-15,6.564440,7.251499,7.830622,
1995-11-16,6.452269,7.142552,7.724550,
1995-11-17,6.489019,7.168448,7.761911,
1995-11-20,6.516597,7.207540,7.798270,
1995-11-21,6.512741,7.208560,7.793138,
1995-11-22,6.451382,7.146424,7.731835,
1995-11-23,6.414278,7.105633,7.697622,
1995-11-24,6.396819,7.082696,7.672940,
1995-11-27,6.327740,6.983635,7.580032,
1995-11-28,6.388857,7.064195,7.661271,
1995-11-29,6.284823,7.013781,7.642213,
1995-11-30,6.264347,6.974624,7.605374,
1995-12-01,6.213850,6.912854,7.578291,
1995-12-04,6.226824,6.913279,7.579161,
1995-12-05,6.217956,6.897899,7.538450,
1995-12-06,6.180340,6.814609,7.421477,
1995-12-07,6.211054,6.864166,7.489997,
1995-12-08,6.252083,6.926683,7.531304,
1995-12-11,6.247081,6.906561,7.510053,
1995-12-12,6.246773,6.899088,7.495819,
1995-12-13,6.204209,6.872054,7.482261,
1995-12-14,6.156047,6.811187,7.459258,
1995-12-15,6.130438,6.792461,7.462262,
1995-12-18,6.176742,6.850383,7.520218,
1995-12-19,6.224063,6.923663,7.602015,
1995-12-20,6.201389,6.896497,7.572693,
1995-12-21,6.236754,6.955601,7.613619,
1995-12-22,6.226083,6.928183,7.585154,
1995-12-27,6.190104,6.819446,7.460881,
1995-12-28,6.203078,6.854998,7.480995,
1995-12-29,6.179870,6.841528,7.467236,
1996-01-02,6.297653,6.925628,7.490968,
1996-01-03,6.357504,6.991835,7.546975,
1996-01-04,6.293348,6.885009,7.459275,
1996-01-05,6.331237,6.940087,7.541477,
1996-01-08,6.368638,6.964264,7.535575,
1996-01-09,6.358751,6.951700,7.514083,
1996-01-10,6.355741,6.964869,7.541915,
1996-01-11,6.320641,6.953448,7.542544,
1996-01-12,6.263634,6.915253,7.514122,
1996-01-15,6.232627,6.869562,7.456651,
1996-01-16,6.154309,6.751469,7.366543,
1996-01-17,6.157761,6.748456,7.369527,
1996-01-18,5.981036,6.632670,7.312404,
1996-01-19,6.008972,6.686964,7.346986,
1996-01-22,6.055587,6.731049,7.381395,
1996-01-23,6.098083,6.767117,7.399888,
1996-01-24,6.067318,6.726606,7.358130,
1996-01-25,6.102543,6.772457,7.430640,
1996-01-26,6.124696,6.831514,7.500797,
1996-01-29,6.160145,6.874489,7.532905,
1996-01-30,6.130920,6.831207,7.492637,
1996-01-31,6.152218,6.883145,7.545601,
1996-02-01,6.141185,6.872174,7.524084,
1996-02-02,6.183648,6.964669,7.630374,
1996-02-05,6.278576,7.109137,7.787201,
1996-02-06,6.220843,7.054126,7.740037,
1996-02-07,6.175828,7.004879,7.691770,
1996-02-08,6.158028,6.994692,7.698141,
1996-02-09,6.168817,7.002559,7.682609,
1996-02-12,6.174588,6.996592,7.688559,
1996-02-13,6.161138,6.982769,7.672554,
1996-02-14,6.220256,7.044726,7.736448,
1996-02-15,6.184150,7.025378,7.738613,
1996-02-16,6.158378,7.005837,7.754260,
1996-02-19,6.317319,7.177478,7.905394,
1996-02-20,6.489032,7.262057,7.932281,
1996-02-21,6.421703,7.204678,7.851063,
1996-02-22,6.422092,7.222267,7.896740,
1996-02-23,6.416307,7.227890,7.917097,
1996-02-26,6.495780,7.326107,7.999073,
1996-02-27,6.472206,7.309227,7.988867,
1996-02-28,6.464038,7.295968,7.973121,
1996-02-29,6.493719,7.354065,8.052828,
1996-03-01,6.357964,7.197394,7.880672,
1996-03-04,6.236559,7.091872,7.828574,
1996-03-05,6.266366,7.139577,7.888557,
1996-03-06,6.287145,7.155142,7.886909,
1996-03-07,6.354906,7.199791,7.909936,
1996-03-08,6.559814,7.454271,8.097437,
1996-03-11,6.737090,7.575481,8.148962,
1996-03-12,6.761440,7.634146,8.204220,
1996-03-13,6.663616,7.554642,8.163846,
1996-03-14,6.602866,7.495554,8.121154,
1996-03-15,6.665170,7.528162,8.167202,
1996-03-18,6.691161,7.522745,8.125830,
1996-03-19,6.698991,7.549806,8.166820,
1996-03-20,6.678494,7.485042,8.078946,
1996-03-21,6.633318,7.478380,8.086570,
1996-03-22,6.690208,7.557814,8.166198,
1996-03-25,6.659462,7.514826,8.095823,
1996-03-26,6.705310,7.557923,8.150672,
1996-03-27,6.710586,7.567387,8.155306,
1996-03-28,6.777199,7.656650,8.242860,
1996-03-29,6.753514,7.610985,8.191767,
1996-04-01,6.702250,7.541083,8.116814,
1996-04-02,6.677409,7.503384,8.063446,
1996-04-03,6.696721,7.515295,8.077796,
1996-04-04,6.698431,7.503730,8.051622,
1996-04-09,6.776080,7.590162,8.118114,
1996-04-10,6.757011,7.558140,8.095342,
1996-04-11,6.816894,7.654881,8.180229,
1996-04-12,6.768694,7.565022,8.069863,
1996-04-15,6.739729,7.545750,8.095390,
1996-04-16,6.693236,7.511526,8.049811,
1996-04-17,6.829186,7.626399,8.125153,
1996-04-18,6.773303,7.575343,8.077465,
1996-04-19,6.738363,7.514473,8.025642,
1996-04-22,6.727571,7.496842,8.000986,
1996-04-23,6.728496,7.486243,8.009617,
1996-04-24,6.704627,7.507601,8.043316,
1996-04-25,6.604909,7.418220,8.002889,
1996-04-26,6.608553,7.430472,8.002312,
1996-04-29,6.622788,7.439317,8.027827,
1996-04-30,6.635240,7.468613,8.064870,
1996-05-01,6.650187,7.474910,8.060259,
1996-05-02,6.731090,7.584942,8.177536,
1996-05-03,6.753332,7.660969,8.258834,
1996-05-07,6.744105,7.670825,8.262661,
1996-05-08,6.713320,7.609438,8.199417,
1996-05-09,6.699347,7.585257,8.154906,
1996-05-10,6.656807,7.505734,8.058549,
1996-05-13,6.643115,7.510023,8.078693,
1996-05-14,6.631479,7.461139,8.019336,
1996-05-15,6.667534,7.508109,8.069314,
1996-05-16,6.684350,7.503321,8.065392,
1996-05-17,6.622218,7.440408,7.992091,
1996-05-20,6.634154,7.437242,7.988830,
1996-05-21,6.656900,7.479391,8.029222,
1996-05-22,6.664120,7.497140,8.066388,
1996-05-23,6.614928,7.486099,8.049508,
1996-05-24,6.607408,7.497862,8.065926,
1996-05-28,6.618805,7.493327,8.071254,
1996-05-29,6.620911,7.507036,8.077972,
1996-05-30,6.695742,7.599812,8.185508,
1996-05-31,6.694661,7.596376,8.166555,
1996-06-03,6.669814,7.543286,8.092725,
1996-06-04,6.609934,7.488554,8.062335,
1996-06-05,6.641525,7.514103,8.075618,
1996-06-06,6.489731,7.418199,8.020600,
1996-06-07,6.547360,7.505333,8.131601,
1996-06-10,6.491577,7.462653,8.113381,
1996-06-11,6.457426,7.421465,8.078269,
1996-06-12,6.483370,7.458362,8.084859,
1996-06-13,6.472317,7.463881,8.123032,
1996-06-14,6.517374,7.518873,8.155833,
1996-06-17,6.527242,7.525533,8.165817,
1996-06-18,6.521586,7.502924,8.144968,
1996-06-19,6.493507,7.494795,8.143187,
1996-06-20,6.492124,7.501495,8.152673,
1996-06-21,6.444111,7.430910,8.072178,
1996-06-24,6.420330,7.409114,8.061334,
1996-06-25,6.418318,7.393681,8.034864,
1996-06-26,6.404994,7.376370,8.012707,
1996-06-27,6.451761,7.419263,8.042903,
1996-06-28,6.383491,7.318469,7.934943,
1996-07-01,6.394523,7.337475,7.955508,
1996-07-02,6.361056,7.321739,7.950824,
1996-07-03,6.360899,7.334097,7.977425,
1996-07-04,6.321767,7.281027,7.938622,
1996-07-05,6.378291,7.351916,8.006357,
1996-07-08,6.373401,7.337940,7.985017,
1996-07-09,6.321475,7.305954,7.972438,
1996-07-10,6.281794,7.274198,7.939169,
1996-07-11,6.278550,7.244224,7.908698,
1996-07-12,6.306827,7.269976,7.938622,
1996-07-15,6.315068,7.301834,7.982378,
1996-07-16,6.332582,7.323934,8.005860,
1996-07-17,6.325894,7.304027,7.981158,
1996-07-18,6.320889,7.269204,7.927016,
1996-07-19,6.329395,7.292084,7.949788,
1996-07-22,6.344733,7.312601,7.955013,
1996-07-23,6.376652,7.322806,7.969446,
1996-07-24,6.342153,7.286123,7.928555,
1996-07-25,6.353078,7.297126,7.942887,
1996-07-26,6.321048,7.283806,7.931216,
1996-07-29,6.324235,7.297131,7.946850,
1996-07-30,6.339066,7.307791,7.943014,
1996-07-31,6.351270,7.306205,7.943013,
1996-08-01,6.329801,7.270500,7.889255,
1996-08-02,6.277833,7.201748,7.850550,
1996-08-05,6.231556,7.181964,7.832176,
1996-08-06,6.228212,7.165344,7.813774,
1996-08-07,6.253762,7.154901,7.794710,
1996-08-08,6.311655,7.200607,7.820125,
1996-08-09,6.341968,7.199019,7.826972,
1996-08-12,6.337567,7.198301,7.830107,
1996-08-13,6.315557,7.177647,7.816647,
1996-08-14,6.366724,7.235640,7.877985,
1996-08-15,6.363833,7.219199,7.871073,
1996-08-16,6.307614,7.151641,7.802658,
1996-08-19,6.308566,7.163742,7.823048,
1996-08-20,6.301822,7.168167,7.842106,
1996-08-21,6.302921,7.197789,7.899695,
1996-08-22,6.220194,7.132035,7.848977,
1996-08-23,6.238595,7.169002,7.908384,
1996-08-27,6.253692,7.211718,7.951633,
1996-08-28,6.255188,7.202653,7.943708,
1996-08-29,6.239776,7.187938,7.933384,
1996-08-30,6.265556,7.229170,7.967363,
1996-09-02,6.255011,7.210276,7.949037,
1996-09-03,6.281013,7.245003,7.973428,
1996-09-04,6.297298,7.257439,7.987699,
1996-09-05,6.351706,7.254718,7.964454,
1996-09-06,6.358158,7.253847,7.950053,
1996-09-09,6.325636,7.222253,7.938941,
1996-09-10,6.322220,7.232562,7.938488,
1996-09-11,6.327478,7.230486,7.938939,
1996-09-12,6.297983,7.200709,7.907325,
1996-09-13,6.233795,7.092434,7.778573,
1996-09-16,6.236508,7.083484,7.777363,
1996-09-17,6.268771,7.102563,7.792351,
1996-09-18,6.354525,7.173201,7.835681,
1996-09-19,6.369882,7.170635,7.828165,
1996-09-20,6.390636,7.170298,7.807739,
1996-09-23,6.462049,7.227939,7.848496,
1996-09-24,6.455842,7.228304,7.842229,
1996-09-25,6.393641,7.152773,7.778512,
1996-09-26,6.341483,7.086939,7.725181,
1996-09-27,6.311392,7.063730,7.716013,
1996-09-30,6.332752,7.071581,7.715167,
1996-10-01,6.308017,7.025555,7.648045,
1996-10-02,6.217299,6.927403,7.538295,
1996-10-03,6.220690,6.925365,7.549219,
1996-10-04,6.173355,6.834834,7.445722,
1996-10-07,6.186890,6.858690,7.474224,
1996-10-08,6.169432,6.830636,7.469851,
1996-10-09,6.149242,6.797675,7.421886,
1996-10-10,6.284917,6.892221,7.520493,
1996-10-11,6.283712,6.898782,7.522273,
1996-10-14,6.275905,6.892514,7.515904,
1996-10-15,6.233452,6.846697,7.470529,
1996-10-16,6.365343,6.994212,7.599522,
1996-10-17,6.380791,6.991516,7.589836,
1996-10-18,6.477135,7.065620,7.614456,
1996-10-21,6.486239,7.075391,7.623908,
1996-10-22,6.402679,6.993777,7.557272,
1996-10-23,6.417306,7.024993,7.592280,
1996-10-24,6.480469,7.082926,7.647559,
1996-10-25,6.404187,7.003193,7.548254,
1996-10-28,6.463975,7.048894,7.588655,
1996-10-29,6.457152,7.046821,7.590318,
1996-10-30,6.643156,7.156314,7.606810,
1996-10-31,6.640684,7.192682,7.643046,
1996-11-01,6.708637,7.262667,7.718912,
1996-11-04,6.746960,7.300656,7.749199,
1996-11-05,6.658199,7.189135,7.646001,
1996-11-06,6.732549,7.218117,7.627931,
1996-11-07,6.792538,7.316123,7.731053,
1996-11-08,6.807293,7.273298,7.678412,
1996-11-11,6.764973,7.220563,7.630039,
1996-11-12,6.765997,7.210679,7.615860,
1996-11-13,6.898938,7.304450,7.675877,
1996-11-14,6.884466,7.236771,7.566129,
1996-11-15,6.866152,7.203895,7.539248,
1996-11-18,6.827143,7.165398,7.493895,
1996-11-19,6.813999,7.147933,7.480883,
1996-11-20,6.839402,7.174341,7.523358,
1996-11-21,6.812036,7.141175,7.472453,
1996-11-22,6.766173,7.096893,7.441331,
1996-11-25,6.717438,7.075411,7.417584,
1996-11-26,6.690096,7.071795,7.425736,
1996-11-27,6.726391,7.097930,7.479382,
1996-11-28,6.724134,7.060200,7.427057,
1996-11-29,6.672215,6.988314,7.320167,
1996-12-02,6.690075,7.000000,7.300185,
1996-12-03,6.704827,7.018157,7.314639,
1996-12-04,6.783323,7.114610,7.385898,
1996-12-05,6.759430,7.194793,7.516816,
1996-12-06,6.757362,7.265125,7.638077,
1996-12-09,6.701643,7.180440,7.551232,
1996-12-10,6.675989,7.118105,7.466857,
1996-12-11,6.739206,7.221227,7.568863,
1996-12-12,6.771654,7.288894,7.657779,
1996-12-13,6.714614,7.236237,7.608799,
1996-12-16,6.702455,7.235751,7.609410,
1996-12-17,6.731964,7.263886,7.649918,
1996-12-18,6.834406,7.325126,7.645433,
1996-12-19,6.837693,7.286810,7.587008,
1996-12-20,6.826780,7.261431,7.567733,
1996-12-23,6.778498,7.202765,7.476887,
1996-12-24,6.765661,7.190706,7.464757,
1996-12-27,6.787126,7.193741,7.463958,
1996-12-30,6.798006,7.205066,7.473008,
1996-12-31,6.797276,7.205288,7.472848,
1997-01-02,6.861342,7.371829,7.681734,
1997-01-03,6.848782,7.338162,7.657772,
1997-01-06,6.891880,7.365558,7.703791,
1997-01-07,6.888748,7.362433,7.709725,
1997-01-08,6.849833,7.327471,7.696336,
1997-01-09,6.788976,7.253132,7.627592,
1997-01-10,6.760886,7.232777,7.637667,
1997-01-13,6.714503,7.152789,7.556819,
1997-01-14,6.713093,7.142683,7.532121,
1997-01-15,6.729063,7.132855,7.504659,
1997-01-16,6.610109,7.031484,7.415238,
1997-01-17,6.583356,6.995924,7.377922,
1997-01-20,6.610842,7.025837,7.398934,
1997-01-21,6.626405,7.034068,7.405112,
1997-01-22,6.529194,6.939807,7.314998,
1997-01-23,6.570683,6.987242,7.351425,
1997-01-24,6.632451,7.075110,7.443988,
1997-01-27,6.640881,7.094619,7.480982,
1997-01-28,6.606270,7.064049,7.440829,
1997-01-29,6.642815,7.137272,7.528224,
1997-01-30,6.638937,7.101998,7.496500,
1997-01-31,6.595130,7.025818,7.397325,
1997-02-03,6.556715,6.946689,7.305238,
1997-02-04,6.551826,6.898493,7.228272,
1997-02-05,6.584967,6.930485,7.249543,
1997-02-06,6.550456,6.917650,7.243221,
1997-02-07,6.454090,6.779381,7.112654,
1997-02-10,6.485840,6.820172,7.143586,
1997-02-11,6.478684,6.795088,7.099144,
1997-02-12,6.450936,6.779131,7.082182,
1997-02-13,6.457449,6.787848,7.101778,
1997-02-14,6.463915,6.784755,7.099411,
1997-02-17,6.466085,6.796186,7.116391,
1997-02-18,6.393022,6.739669,7.075625,
1997-02-19,6.408879,6.780741,7.117586,
1997-02-20,6.382153,6.753928,7.091256,
1997-02-21,6.397548,6.778984,7.119688,
1997-02-24,6.413039,6.805595,7.156944,
1997-02-25,6.401004,6.793974,7.151848,
1997-02-26,6.438563,6.844501,7.209912,
1997-02-27,6.440800,6.810082,7.140585,
1997-02-28,6.548299,6.912110,7.227527,
1997-03-03,6.537271,6.896566,7.219489,
1997-03-04,6.496634,6.882788,7.215337,
1997-03-05,6.522068,6.950550,7.314171,
1997-03-06,6.496884,6.934587,7.309291,
1997-03-07,6.460696,6.918860,7.304770,
1997-03-10,6.442661,6.872747,7.250936,
1997-03-11,6.438364,6.884222,7.266941,
1997-03-12,6.481548,6.922595,7.304373,
1997-03-13,6.524492,6.960278,7.348044,
1997-03-14,6.522263,6.963200,7.344597,
1997-03-17,6.593850,7.060213,7.440614,
1997-03-18,6.630524,7.107319,7.463363,
1997-03-19,6.840101,7.248854,7.561597,
1997-03-20,6.890703,7.313686,7.602667,
1997-03-21,6.867758,7.289845,7.576137,
1997-03-24,6.876051,7.287844,7.555899,
1997-03-25,6.857732,7.270011,7.534347,
1997-03-26,6.876628,7.297438,7.571851,
1997-03-27,6.905294,7.332611,7.600688,
1997-04-01,6.964266,7.409409,7.681521,
1997-04-02,6.918686,7.372293,7.651333,
1997-04-03,6.926810,7.375478,7.673629,
1997-04-04,6.921282,7.350439,7.642379,
1997-04-07,6.909913,7.296476,7.584205,
1997-04-08,6.872770,7.283665,7.583795,
1997-04-09,6.834590,7.262772,7.582115,
1997-04-10,6.819226,7.279300,7.620566,
1997-04-11,6.865427,7.336875,7.667509,
1997-04-14,6.836813,7.295047,7.630385,
1997-04-15,6.777489,7.208420,7.516357,
1997-04-16,6.800021,7.206573,7.519137,
1997-04-17,6.762236,7.153367,7.461049,
1997-04-18,6.805364,7.200851,7.515434,
1997-04-21,6.852847,7.248600,7.549276,
1997-04-22,6.858407,7.254767,7.555488,
1997-04-23,6.865752,7.256637,7.548401,
1997-04-24,6.896316,7.305743,7.614408,
1997-04-25,6.919596,7.334321,7.647494,
1997-04-28,6.906068,7.311638,7.609040,
1997-04-29,6.836757,7.221195,7.525886,
1997-04-30,6.761573,7.125849,7.420159,
1997-05-01,6.764822,7.101459,7.388656,
1997-05-02,6.756494,7.063996,7.351135,
1997-05-06,6.665798,6.872222,7.037715,
1997-05-07,6.706168,6.923068,7.050138,
1997-05-08,6.701869,6.868416,6.978365,
1997-05-09,6.667435,6.845260,6.945510,
1997-05-12,6.618457,6.781919,6.921079,
1997-05-13,6.662317,6.832522,6.939104,
1997-05-14,6.642377,6.812663,6.902610,
1997-05-15,6.637057,6.806636,6.914279,
1997-05-16,6.669823,6.870627,6.993903,
1997-05-19,6.697254,6.908734,7.035638,
1997-05-20,6.706988,6.907749,7.033339,
1997-05-21,6.747465,6.963259,7.095241,
1997-05-22,6.810847,7.079651,7.243995,
1997-05-23,6.762677,7.011127,7.156128,
1997-05-27,6.784396,7.025514,7.172124,
1997-05-28,6.816395,7.033623,7.168112,
1997-05-29,6.820493,7.039164,7.184080,
1997-05-30,6.801518,7.009838,7.141371,
1997-06-02,6.797392,7.010215,7.134359,
1997-06-03,6.751301,6.923836,7.032669,
1997-06-04,6.771225,6.957513,7.075937,
1997-06-05,6.771864,6.961218,7.067503,
1997-06-06,6.763389,6.910790,6.991705,
1997-06-09,6.825225,6.982532,7.052717,
1997-06-10,6.828964,6.981996,7.057068,
1997-06-11,6.824869,6.966509,7.044978,
1997-06-12,6.753857,6.903651,6.991318,
1997-06-13,6.734967,6.875975,6.995142,
1997-06-16,6.725598,6.864341,6.968388,
1997-06-17,6.742799,6.893210,7.004167,
1997-06-18,6.846499,6.982870,7.071746,
1997-06-19,6.878205,7.037223,7.121530,
1997-06-20,6.880694,6.997225,7.060811,
1997-06-23,6.958324,7.067825,7.097998,
1997-06-24,6.953326,7.042470,7.056423,
1997-06-25,6.903843,6.982323,7.012360,
1997-06-26,6.900376,6.984434,7.019892,
1997-06-27,6.878954,6.935729,6.960210,
1997-06-30,6.924809,6.990228,7.016760,
1997-07-01,6.870669,6.931236,6.936540,
1997-07-02,6.859829,6.918079,6.914455,
1997-07-03,7.010502,7.035857,6.945104,
1997-07-04,6.997575,7.027363,6.920280,
1997-07-07,7.003197,7.020402,6.907439,
1997-07-08,7.061659,7.059047,6.922598,
1997-07-09,7.109998,7.100845,6.968695,
1997-07-10,7.083159,7.085556,6.981464,
1997-07-11,6.995130,7.001277,6.913688,
1997-07-14,7.041791,7.053067,6.983408,
1997-07-15,7.033955,7.070033,7.004801,
1997-07-16,6.995617,7.037286,6.972856,
1997-07-17,7.011762,7.030287,6.949148,
1997-07-18,7.046021,7.049955,6.933768,
1997-07-21,7.054219,7.068186,6.967981,
1997-07-22,7.018722,7.018313,6.923832,
1997-07-23,6.976236,6.972441,6.852919,
1997-07-24,6.952617,6.962178,6.878208,
1997-07-25,6.922582,6.930929,6.850161,
1997-07-28,6.945615,6.969953,6.894204,
1997-07-29,6.954721,6.954974,6.878751,
1997-07-30,6.915202,6.889762,6.807518,
1997-07-31,6.953733,6.928968,6.862797,
1997-08-01,6.979391,6.983086,6.923462,
1997-08-04,7.028453,7.026039,6.961183,
1997-08-05,7.038018,7.045303,7.009289,
1997-08-06,6.984451,6.988366,6.960796,
1997-08-07,6.873419,6.872800,6.910023,
1997-08-08,6.937608,6.987163,7.016963,
1997-08-11,6.951782,6.993636,7.015693,
1997-08-12,6.950179,6.955909,6.952669,
1997-08-13,6.970912,6.994023,6.996467,
1997-08-14,6.941035,6.956610,6.948914,
1997-08-15,6.958384,6.969523,6.970606,
1997-08-18,6.952055,6.935084,6.916965,
1997-08-19,6.963136,6.938060,6.914378,
1997-08-20,6.947401,6.915162,6.909506,
1997-08-21,6.958620,6.920791,6.926720,
1997-08-22,7.015438,6.993812,7.019000,
1997-08-26,7.012393,6.974434,6.992765,
1997-08-27,7.019599,6.988563,7.004545,
1997-08-28,7.010761,6.977187,6.978483,
1997-08-29,7.006978,6.976136,6.982467,
1997-09-01,6.971659,6.935817,6.946204,
1997-09-02,6.942435,6.911207,6.926867,
1997-09-03,6.914842,6.892908,6.914642,
1997-09-04,6.912869,6.892381,6.906267,
1997-09-05,6.897693,6.884938,6.901287,
1997-09-08,6.854777,6.841769,6.867347,
1997-09-09,6.880220,6.869586,6.889044,
1997-09-10,6.885949,6.880114,6.887927,
1997-09-11,6.878633,6.875688,6.873534,
1997-09-12,6.849273,6.843549,6.829853,
1997-09-15,6.820792,6.808087,6.788349,
1997-09-16,6.683542,6.635668,6.633843,
1997-09-17,6.732416,6.670072,6.642460,
1997-09-18,6.754891,6.623902,6.545093,
1997-09-19,6.789947,6.675698,6.591390,
1997-09-22,6.780862,6.641280,6.547999,
1997-09-23,6.805989,6.663677,6.566173,
1997-09-24,6.800639,6.624007,6.533546,
1997-09-25,6.788434,6.604748,6.524583,
1997-09-26,6.722527,6.326892,6.340148,
1997-09-29,6.800173,6.399045,6.386442,
1997-09-30,6.815542,6.410524,6.356179,
1997-10-01,6.791708,6.342708,6.249365,
1997-10-02,6.796812,6.334324,6.230229,
1997-10-03,6.720518,6.232883,6.098504,
1997-10-06,6.796039,6.332771,6.179924,
1997-10-07,6.820900,6.386160,6.207772,
1997-10-08,6.882722,6.507256,6.321436,
1997-10-09,6.923990,6.575378,6.390556,
1997-10-10,6.940940,6.600451,6.397301,
1997-10-13,6.879185,6.519984,6.331028,
1997-10-14,6.825219,6.470030,6.316760,
1997-10-15,6.784401,6.469817,6.362755,
1997-10-16,6.784945,6.509436,6.402846,
1997-10-17,6.782314,6.510852,6.398118,
1997-10-20,6.852654,6.632464,6.479360,
1997-10-21,6.850411,6.638757,6.506891,
1997-10-22,6.849414,6.638400,6.512567,
1997-10-23,6.823309,6.572901,6.438723,
1997-10-24,6.823094,6.563558,6.426767,
1997-10-27,6.836309,6.585917,6.455464,
1997-10-28,6.797076,6.598028,6.495833,
1997-10-29,6.826194,6.601470,6.486133,
1997-10-30,6.789321,6.573406,6.454492,
1997-10-31,6.768097,6.553081,6.441644,
1997-11-03,6.816853,6.594687,6.463502,
1997-11-04,6.825990,6.601283,6.452631,
1997-11-05,6.860248,6.638130,6.471258,
1997-11-06,6.977066,6.713940,6.524409,
1997-11-07,6.950625,6.660699,6.453098,
1997-11-10,6.999733,6.684608,6.456974,
1997-11-11,7.125095,6.802665,6.524121,
1997-11-12,7.135994,6.874695,6.646556,
1997-11-13,7.116502,6.836822,6.595833,
1997-11-14,7.038634,6.738739,6.500985,
1997-11-17,7.028917,6.720941,6.488583,
1997-11-18,7.062710,6.760643,6.530684,
1997-11-19,7.043223,6.714454,6.470036,
1997-11-20,6.976874,6.626447,6.395414,
1997-11-21,6.971401,6.642416,6.415142,
1997-11-24,6.921363,6.613651,6.401792,
1997-11-25,6.899567,6.613988,6.378991,
1997-11-26,6.991981,6.661535,6.378177,
1997-11-27,7.022030,6.693510,6.405432,
1997-11-28,7.001551,6.647427,6.345194,
1997-12-01,6.986136,6.640713,6.355524,
1997-12-02,6.998183,6.633327,6.324918,
1997-12-03,7.006175,6.634248,6.344019,
1997-12-04,6.933378,6.574043,6.319041,
1997-12-05,6.959719,6.634880,6.395617,
1997-12-08,6.944874,6.609931,6.346642,
1997-12-09,6.869210,6.548471,6.291987,
1997-12-10,6.871247,6.548152,6.257619,
1997-12-11,6.806081,6.436305,6.156579,
1997-12-12,6.761404,6.412623,6.151856,
1997-12-15,6.756238,6.387041,6.140703,
1997-12-16,6.718994,6.381655,6.165854,
1997-12-17,6.748823,6.417351,6.204089,
1997-12-18,6.742170,6.397835,6.181687,
1997-12-19,6.675404,6.348741,6.140272,
1997-12-22,6.676468,6.361621,6.154114,
1997-12-23,6.635523,6.317452,6.108462,
1997-12-24,6.612592,6.316266,6.088224,
1997-12-29,6.636817,6.326168,6.091398,
1997-12-30,6.727313,6.432896,6.219009,
1997-12-31,6.701996,6.400506,6.176632,
1998-01-02,6.677692,6.388429,6.166016,
1998-01-05,6.547586,6.230976,6.020461,
1998-01-06,6.525577,6.191535,5.981540,
1998-01-07,6.535138,6.193081,5.977903,
1998-01-08,6.512750,6.155353,5.939932,
1998-01-09,6.468511,6.108048,5.889530,
1998-01-12,6.361300,6.040254,5.864469,
1998-01-13,6.432256,6.079547,5.869772,
1998-01-14,6.568596,6.183379,5.908667,
1998-01-15,6.596314,6.207292,5.938297,
1998-01-16,6.634315,6.219792,5.950176,
1998-01-19,6.664038,6.236386,5.956318,
1998-01-20,6.643899,6.221456,5.937376,
1998-01-21,6.622032,6.215541,5.950946,
1998-01-22,6.540805,6.151323,5.931065,
1998-01-23,6.485874,6.150078,5.944660,
1998-01-26,6.530017,6.195644,5.968138,
1998-01-27,6.498392,6.176802,5.968412,
1998-01-28,6.527974,6.217748,6.009865,
1998-01-29,6.474267,6.170684,5.976137,
1998-01-30,6.435933,6.128503,5.944258,
1998-02-02,6.490394,6.150580,5.974782,
1998-02-03,6.479990,6.155231,5.966527,
1998-02-04,6.501936,6.190912,6.011937,
1998-02-05,6.453046,6.150341,5.994939,
1998-02-06,6.436447,6.142242,6.000906,
1998-02-09,6.424586,6.129488,6.002032,
1998-02-10,6.381058,6.046357,5.933810,
1998-02-11,6.402937,6.034529,5.865703,
1998-02-12,6.439961,6.032614,5.839189,
1998-02-13,6.432497,6.028041,5.835842,
1998-02-16,6.443254,6.021751,5.817114,
1998-02-17,6.494880,6.039661,5.802270,
1998-02-18,6.526519,6.065257,5.840528,
1998-02-19,6.484526,6.040017,5.845203,
1998-02-20,6.471302,6.059547,5.861848,
1998-02-23,6.480759,6.086377,5.897796,
1998-02-24,6.520112,6.134437,5.924694,
1998-02-25,6.544295,6.141962,5.929895,
1998-02-26,6.553587,6.148354,5.931072,
1998-02-27,6.625647,6.212458,5.979148,
1998-03-02,6.576413,6.165283,5.914194,
1998-03-03,6.610004,6.215598,5.987147,
1998-03-04,6.628764,6.218717,5.999215,
1998-03-05,6.521924,6.167879,5.971963,
1998-03-06,6.521581,6.142316,5.937441,
1998-03-09,6.432886,6.050055,5.881923,
1998-03-10,6.456269,6.079910,5.875965,
1998-03-11,6.474117,6.079701,5.872277,
1998-03-12,6.499150,6.065767,5.826603,
1998-03-13,6.546675,6.095888,5.841557,
1998-03-16,6.498747,6.052650,5.796865,
1998-03-17,6.512624,6.066583,5.799136,
1998-03-18,6.512184,6.054376,5.801641,
1998-03-19,6.545949,6.090411,5.847623,
1998-03-20,6.521715,6.046408,5.780814,
1998-03-23,6.504046,6.052077,5.802517,
1998-03-24,6.477034,6.031667,5.781203,
1998-03-25,6.532562,6.052463,5.779993,
1998-03-26,6.548317,6.074918,5.793424,
1998-03-27,6.570989,6.100418,5.814864,
1998-03-30,6.577015,6.109574,5.824570,
1998-03-31,6.497641,6.044580,5.776568,
1998-04-01,6.496866,6.047325,5.792871,
1998-04-02,6.438807,5.974202,5.707048,
1998-04-03,6.423804,5.920250,5.644906,
1998-04-06,6.380649,5.883891,5.643419,
1998-04-07,6.390748,5.897467,5.658079,
1998-04-08,6.388994,5.895849,5.634602,
1998-04-09,6.380104,5.874354,5.634408,
1998-04-14,6.380171,5.875428,5.618807,
1998-04-15,6.386898,5.882833,5.625806,
1998-04-16,6.429333,5.918541,5.646274,
1998-04-17,6.448952,5.922174,5.640744,
1998-04-20,6.450992,5.918168,5.640431,
1998-04-21,6.443243,5.918698,5.651453,
1998-04-22,6.446851,5.958898,5.727666,
1998-04-23,6.393557,5.942881,5.732649,
1998-04-24,6.341089,5.900026,5.696776,
1998-04-27,6.399055,5.981411,5.804823,
1998-04-28,6.354382,5.953054,5.787821,
1998-04-29,6.350926,5.940544,5.768955,
1998-04-30,6.341178,5.908186,5.723039,
1998-05-01,6.280514,5.821443,5.637542,
1998-05-05,6.355599,5.903377,5.698325,
1998-05-06,6.359248,5.908591,5.700838,
1998-05-07,6.395209,5.958134,5.765663,
1998-05-08,6.383213,5.940996,5.739940,
1998-05-11,6.392691,5.943868,5.741930,
1998-05-12,6.392946,5.959834,5.778538,
1998-05-13,6.414139,5.978072,5.787110,
1998-05-14,6.465003,6.009561,5.795883,
1998-05-15,6.501702,6.053015,5.844897,
1998-05-18,6.490808,6.045787,5.828122,
1998-05-19,6.512853,6.041431,5.811979,
1998-05-20,6.510347,6.016761,5.765942,
1998-05-21,6.440287,5.959028,5.732474,
1998-05-22,6.433827,5.944955,5.713080,
1998-05-26,6.399445,5.893091,5.649620,
1998-05-27,6.399893,5.895554,5.654742,
1998-05-28,6.389391,5.888388,5.658674,
1998-05-29,6.337791,5.819796,5.586845,
1998-06-01,6.327401,5.790637,5.543927,
1998-06-02,6.350346,5.815778,5.564219,
1998-06-03,6.362089,5.825743,5.571509,
1998-06-04,6.560634,5.948639,5.621242,
1998-06-05,6.583642,5.956916,5.611424,
1998-06-08,6.597838,5.963207,5.610698,
1998-06-09,6.635693,5.986880,5.619957,
1998-06-10,6.607503,5.934587,5.537977,
1998-06-11,6.552985,5.874841,5.459707,
1998-06-12,6.581640,5.888806,5.452202,
1998-06-15,6.593271,5.882738,5.447851,
1998-06-16,6.820296,6.081930,5.546494,
1998-06-17,6.964932,6.245246,5.658645,
1998-06-18,6.971162,6.254569,5.662576,
1998-06-19,6.974330,6.275829,5.724467,
1998-06-22,6.909533,6.199212,5.674449,
1998-06-23,6.891385,6.173423,5.662972,
1998-06-24,6.827471,6.114168,5.627461,
1998-06-25,6.844773,6.127111,5.656224,
1998-06-26,6.871529,6.149725,5.673046,
1998-06-29,6.898200,6.171911,5.680519,
1998-06-30,6.878482,6.157049,5.654792,
1998-07-01,6.869303,6.143836,5.642683,
1998-07-02,6.868663,6.124782,5.623058,
1998-07-03,6.886972,6.138119,5.631670,
1998-07-06,6.849173,6.092623,5.592955,
1998-07-07,6.886051,6.129225,5.625475,
1998-07-08,6.910650,6.158723,5.658735,
1998-07-09,6.770368,6.053029,5.595100,
1998-07-10,6.792736,6.065374,5.595948,
1998-07-13,6.809851,6.097754,5.628398,
1998-07-14,6.746846,6.055256,5.621239,
1998-07-15,6.840118,6.141618,5.679579,
1998-07-16,6.816785,6.109995,5.670609,
1998-07-17,6.776976,6.089050,5.665769,
1998-07-20,6.819492,6.119199,5.683070,
1998-07-21,6.833785,6.124075,5.680094,
1998-07-22,6.890845,6.178085,5.722793,
1998-07-23,6.896787,6.175037,5.719030,
1998-07-24,6.919334,6.210856,5.757137,
1998-07-27,6.886837,6.194228,5.751887,
1998-07-28,6.750762,6.076945,5.660704,
1998-07-29,6.735127,6.037242,5.591594,
1998-07-30,6.777158,6.083297,5.627385,
1998-07-31,6.746055,6.047439,5.578392,
1998-08-03,6.688472,5.985213,5.523694,
1998-08-04,6.685036,5.975354,5.515715,
1998-08-05,6.671511,5.981218,5.546640,
1998-08-06,6.590314,5.915978,5.512141,
1998-08-07,6.560750,5.889107,5.498060,
1998-08-10,6.539501,5.851190,5.459503,
1998-08-11,6.521086,5.808640,5.423483,
1998-08-12,6.469321,5.761944,5.413957,
1998-08-13,6.549988,5.852684,5.487940,
1998-08-14,6.553076,5.835225,5.451904,
1998-08-17,6.540196,5.820321,5.440734,
1998-08-18,6.556392,5.823679,5.442631,
1998-08-19,6.599897,5.857862,5.462203,
1998-08-20,6.571601,5.803113,5.395573,
1998-08-21,6.492435,5.708805,5.309432,
1998-08-24,6.483194,5.713298,5.334947,
1998-08-25,6.416587,5.682966,5.312136,
1998-08-26,6.424810,5.698064,5.332027,
1998-08-27,6.324804,5.598892,5.206944,
1998-08-28,6.157638,5.532035,5.197622,
1998-09-01,6.187233,5.585216,5.283404,
1998-09-02,6.243233,5.622366,5.281385,
1998-09-03,6.209283,5.576537,5.225054,
1998-09-04,6.203693,5.576036,5.230117,
1998-09-07,6.138072,5.512457,5.193255,
1998-09-08,6.211127,5.576494,5.228914,
1998-09-09,6.097141,5.473220,5.174282,
1998-09-10,5.963380,5.311735,5.035289,
1998-09-11,5.947137,5.334253,5.062966,
1998-09-14,5.968509,5.358161,5.077887,
1998-09-15,5.906668,5.297100,5.024941,
1998-09-16,5.938417,5.298839,5.004059,
1998-09-17,5.858737,5.190772,4.889102,
1998-09-18,5.861992,5.198209,4.892397,
1998-09-21,5.764008,5.112317,4.825701,
1998-09-22,5.815184,5.168570,4.866770,
1998-09-23,5.828877,5.225008,4.936276,
1998-09-24,5.797831,5.210849,4.951497,
1998-09-25,5.725443,5.144227,4.908596,
1998-09-28,5.687042,5.104313,4.836883,
1998-09-29,5.707030,5.121796,4.854568,
1998-09-30,5.649504,5.037587,4.792034,
1998-10-01,5.462934,4.819436,4.619844,
1998-10-02,5.361400,4.695151,4.536245,
1998-10-05,5.309928,4.641641,4.494344,
1998-10-06,5.405391,4.737896,4.596346,
1998-10-07,5.463396,4.787083,4.619389,
1998-10-08,5.349104,4.800000,4.798333,
1998-10-09,5.441209,5.068788,5.142657,
1998-10-12,5.520631,5.156925,5.223154,
1998-10-13,5.480394,5.082365,5.108825,
1998-10-14,5.465968,5.041352,5.024854,
1998-10-15,5.447401,5.017218,5.008874,
1998-10-16,5.291687,4.933519,5.039575,
1998-10-19,5.252220,4.884417,4.973963,
1998-10-20,5.348638,4.979693,5.037293,
1998-10-21,5.329516,4.969826,5.047162,
1998-10-22,5.377437,5.025099,5.093750,
1998-10-23,5.463798,5.108524,5.157464,
1998-10-26,5.471340,5.069209,5.067595,
1998-10-27,5.411723,5.007290,4.981450,
1998-10-28,5.395541,5.023232,5.029265,
1998-10-29,5.341627,4.954252,4.964577,
1998-10-30,5.344695,4.972735,4.995095,
1998-11-02,5.380020,4.987568,5.063294,
1998-11-03,5.294098,4.864787,4.941745,
1998-11-04,5.330918,4.936960,4.995230,
1998-11-05,5.318869,4.931402,4.987987,
1998-11-06,5.444720,5.057100,5.061510,
1998-11-09,5.436197,5.024603,5.002095,
1998-11-10,5.362355,4.956896,4.929505,
1998-11-11,5.487512,5.054512,4.975251,
1998-11-12,5.467506,5.018929,4.909358,
1998-11-13,5.457790,4.989599,4.872819,
1998-11-16,5.457964,4.981713,4.857559,
1998-11-17,5.425253,4.929123,4.811516,
1998-11-18,5.342868,4.835925,4.714495,
1998-11-19,5.347664,4.843941,4.724550,
1998-11-20,5.370659,4.873701,4.768184,
1998-11-23,5.337523,4.837288,4.752341,
1998-11-24,5.357975,4.856111,4.773585,
1998-11-25,5.335351,4.835928,4.747627,
1998-11-26,5.273752,4.758359,4.653934,
1998-11-27,5.276049,4.773097,4.675380,
1998-11-30,5.249157,4.720562,4.599177,
1998-12-01,5.202230,4.677174,4.566187,
1998-12-02,5.173023,4.650214,4.564967,
1998-12-03,5.058595,4.585981,4.567096,
1998-12-04,5.024618,4.571676,4.578713,
1998-12-07,5.033958,4.569346,4.574074,
1998-12-08,5.019341,4.536304,4.525696,
1998-12-09,5.001132,4.484756,4.453940,
1998-12-10,4.961769,4.453692,4.414931,
1998-12-11,4.917473,4.435957,4.406873,
1998-12-14,4.864314,4.431884,4.440981,
1998-12-15,4.871622,4.434523,4.429211,
1998-12-16,4.897822,4.447110,4.439855,
1998-12-17,4.945945,4.456125,4.404191,
1998-12-18,4.965618,4.460352,4.388374,
1998-12-21,4.997695,4.503072,4.424145,
1998-12-22,4.982310,4.519580,4.470597,
1998-12-23,4.887277,4.433338,4.391790,
1998-12-24,4.887614,4.445564,4.410983,
1998-12-29,4.877201,4.421721,4.380600,
1998-12-30,4.845679,4.375920,4.332858,
1998-12-31,4.819257,4.371899,4.320397,
1999-01-04,4.835807,4.339130,4.246942,
1999-01-05,4.844496,4.390222,4.283375,
1999-01-06,4.830895,4.387110,4.288263,
1999-01-07,4.720193,4.317048,4.249281,
1999-01-08,4.684582,4.277941,4.233168,
1999-01-11,4.668962,4.300266,4.284019,
1999-01-12,4.701561,4.363436,4.348529,
1999-01-13,4.648900,4.287424,4.263317,
1999-01-14,4.645717,4.271813,4.241158,
1999-01-15,4.631751,4.284825,4.267184,
1999-01-18,4.637578,4.295565,4.273874,
1999-01-19,4.690373,4.324806,4.267823,
1999-01-20,4.677467,4.298805,4.239077,
1999-01-21,4.636207,4.237223,4.172637,
1999-01-22,4.586621,4.177997,4.122027,
1999-01-25,4.658467,4.235515,4.174802,
1999-01-26,4.695696,4.237060,4.142332,
1999-01-27,4.684393,4.238035,4.152374,
1999-01-28,4.683047,4.241327,4.154315,
1999-01-29,4.658659,4.197981,4.126419,
1999-02-01,4.658619,4.205868,4.154893,
1999-02-02,4.679400,4.230168,4.172248,
1999-02-03,4.743478,4.303584,4.213853,
1999-02-04,4.696903,4.349505,4.305973,
1999-02-05,4.640613,4.302454,4.272690,
1999-02-08,4.669254,4.379659,4.348237,
1999-02-09,4.690010,4.374155,4.297087,
1999-02-10,4.654525,4.372624,4.314532,
1999-02-11,4.645376,4.383282,4.314816,
1999-02-12,4.677887,4.495653,4.461951,
1999-02-15,4.730476,4.545083,4.494468,
1999-02-16,4.743647,4.544035,4.458836,
1999-02-17,4.766277,4.578857,4.451766,
1999-02-18,4.733374,4.557471,4.453953,
1999-02-19,4.704299,4.521485,4.429685,
1999-02-22,4.685854,4.486213,4.397212,
1999-02-23,4.657435,4.449553,4.362374,
1999-02-24,4.673617,4.456716,4.386977,
1999-02-25,4.793214,4.612065,4.528240,
1999-02-26,4.822434,4.646805,4.562447,
1999-03-01,4.916727,4.757674,4.642219,
1999-03-02,4.870589,4.725984,4.638606,
1999-03-03,4.997384,4.845812,4.720543,
1999-03-04,4.970895,4.847744,4.733342,
1999-03-05,4.867510,4.722935,4.605592,
1999-03-08,4.863883,4.735352,4.632571,
1999-03-09,4.923774,4.808054,4.697640,
1999-03-10,4.879172,4.760659,4.649522,
1999-03-11,4.836753,4.714322,4.607095,
1999-03-12,4.817701,4.698885,4.592132,
1999-03-15,4.817321,4.698282,4.591031,
1999-03-16,4.795140,4.646256,4.519056,
1999-03-17,4.745503,4.579070,4.462543,
1999-03-18,4.705293,4.553811,4.473208,
1999-03-19,4.719282,4.570313,4.492107,
1999-03-22,4.735133,4.593572,4.513282,
1999-03-23,4.711197,4.614612,4.543126,
1999-03-24,4.713741,4.621238,4.560787,
1999-03-25,4.696633,4.603960,4.541764,
1999-03-26,4.703991,4.646070,4.596487,
1999-03-29,4.672343,4.632550,4.599930,
1999-03-30,4.685453,4.621066,4.566065,
1999-03-31,4.658539,4.582260,4.532307,
1999-04-01,4.710347,4.634748,4.569161,
1999-04-06,4.648316,4.536439,4.457476,
1999-04-07,4.682106,4.548421,4.449714,
1999-04-08,4.751881,4.589949,4.456763,
1999-04-09,4.714289,4.545924,4.405528,
1999-04-12,4.739819,4.556827,4.412165,
1999-04-13,4.786655,4.594269,4.436729,
1999-04-14,4.773499,4.582771,4.442663,
1999-04-15,4.847819,4.675355,4.533365,
1999-04-16,4.843319,4.683316,4.552276,
1999-04-19,4.845579,4.677785,4.541184,
1999-04-20,4.803064,4.631226,4.487420,
1999-04-21,4.818184,4.645259,4.497547,
1999-04-22,4.873016,4.693129,4.547206,
1999-04-23,4.895704,4.708221,4.545927,
1999-04-26,4.919660,4.750318,4.596653,
1999-04-27,4.948963,4.776171,4.592103,
1999-04-28,4.964185,4.813693,4.638352,
1999-04-29,4.922241,4.759027,4.575076,
1999-04-30,4.950123,4.810150,4.629124,
1999-05-04,5.028566,4.925526,4.745467,
1999-05-05,5.005689,4.931880,4.756364,
1999-05-06,5.029834,4.968607,4.805964,
1999-05-07,5.002665,4.966302,4.821363,
1999-05-10,4.959359,4.941256,4.812191,
1999-05-11,4.914310,4.933281,4.811766,
1999-05-12,4.870860,4.881876,4.764003,
1999-05-13,4.814096,4.805216,4.708808,
1999-05-14,4.951256,4.956658,4.871421,
1999-05-17,4.981463,4.987925,4.878017,
1999-05-18,5.015934,5.029430,4.894887,
1999-05-19,5.001952,5.036039,4.915404,
1999-05-20,4.959559,4.982165,4.857703,
1999-05-21,4.912199,4.954085,4.853213,
1999-05-24,4.870213,4.922554,4.823926,
1999-05-25,4.861468,4.924663,4.808886,
1999-05-26,4.920761,4.964261,4.824257,
1999-05-27,4.979618,5.030850,4.888214,
1999-05-28,5.015934,5.070158,4.918341,
1999-06-01,5.084171,5.175282,5.006294,
1999-06-02,5.131883,5.230894,5.014085,
1999-06-03,5.097072,5.207475,4.999648,
1999-06-04,5.080623,5.214766,5.015796,
1999-06-07,5.037089,5.177616,4.979178,
1999-06-08,5.095975,5.227048,5.011981,
1999-06-09,5.094958,5.233940,5.039813,
1999-06-10,5.153188,5.332656,5.153340,
1999-06-11,5.150053,5.332347,5.137824,
1999-06-14,5.098549,5.299592,5.118645,
1999-06-15,5.021175,5.208654,5.020828,
1999-06-16,5.003183,5.186992,5.010593,
1999-06-17,5.000052,5.149711,4.950001,
1999-06-18,4.999511,5.166248,4.953330,
1999-06-21,5.078173,5.282480,5.047670,
1999-06-22,5.160270,5.381524,5.133250,
1999-06-23,5.166660,5.411899,5.165809,
1999-06-24,5.286197,5.594806,5.303817,
1999-06-25,5.249992,5.517994,5.189298,
1999-06-28,5.254107,5.514578,5.169559,
1999-06-29,5.220590,5.469280,5.151826,
1999-06-30,5.179909,5.403212,5.101204,
1999-07-01,5.224930,5.454298,5.190301,
1999-07-02,5.178498,5.391344,5.127782,
1999-07-05,5.203920,5.422874,5.176525,
1999-07-06,5.232745,5.488464,5.252809,
1999-07-07,5.229319,5.520186,5.291518,
1999-07-08,5.242237,5.556509,5.355171,
1999-07-09,5.194192,5.504526,5.331304,
1999-07-12,5.167461,5.448284,5.262842,
1999-07-13,5.129072,5.401293,5.219832,
1999-07-14,5.073617,5.382651,5.229190,
1999-07-15,5.158674,5.468412,5.308620,
1999-07-16,5.149900,5.456359,5.266262,
1999-07-19,5.165691,5.483604,5.264986,
1999-07-20,5.230006,5.529440,5.276262,
1999-07-21,5.271790,5.515060,5.228789,
1999-07-22,5.297282,5.496496,5.215697,
1999-07-23,5.340580,5.550991,5.293930,
1999-07-26,5.391311,5.580382,5.300696,
1999-07-27,5.412880,5.583327,5.282839,
1999-07-28,5.441998,5.606021,5.298301,
1999-07-29,5.568277,5.712093,5.383824,
1999-07-30,5.598898,5.729249,5.364935,
1999-08-02,5.661524,5.723649,5.295834,
1999-08-03,5.802303,5.846815,5.311173,
1999-08-04,5.826457,5.870708,5.266205,
1999-08-05,5.838501,5.921795,5.322796,
1999-08-06,5.866421,6.041250,5.487895,
1999-08-09,5.794702,5.976375,5.443837,
1999-08-10,5.744739,5.935546,5.437704,
1999-08-11,5.678630,5.888885,5.424026,
1999-08-12,5.664303,5.846354,5.370897,
1999-08-13,5.664800,5.835552,5.352831,
1999-08-16,5.652373,5.817849,5.349649,
1999-08-17,5.632684,5.786513,5.339095,
1999-08-18,5.568755,5.691190,5.253990,
1999-08-19,5.517651,5.608331,5.198031,
1999-08-20,5.563831,5.633212,5.220164,
1999-08-23,5.594962,5.633342,5.203343,
1999-08-24,5.629354,5.650432,5.199537,
1999-08-25,5.552881,5.564900,5.095128,
1999-08-26,5.577372,5.584784,5.111786,
1999-08-27,5.653273,5.656456,5.145869,
1999-08-31,5.695383,5.707590,5.167978,
1999-09-01,5.771726,5.790411,5.242635,
1999-09-02,5.825276,5.915183,5.389629,
1999-09-03,5.691815,5.805805,5.306567,
1999-09-06,5.660770,5.780653,5.309050,
1999-09-07,5.712200,5.869991,5.420010,
1999-09-08,5.928590,6.012508,5.497994,
1999-09-09,5.929182,5.984437,5.504199,
1999-09-10,6.011931,6.052644,5.560613,
1999-09-13,6.062713,6.099605,5.597103,
1999-09-14,6.042286,6.091726,5.602808,
1999-09-15,6.045217,6.114730,5.635345,
1999-09-16,5.980255,6.048882,5.567722,
1999-09-17,5.956443,5.994221,5.483334,
1999-09-20,5.958713,6.012037,5.539480,
1999-09-21,5.979361,6.042330,5.583995,
1999-09-22,5.984587,6.076974,5.636298,
1999-09-23,5.956742,6.068143,5.633221,
1999-09-24,5.905825,6.004019,5.570709,
1999-09-27,5.957776,6.085108,5.659729,
1999-09-28,6.029082,6.151565,5.679904,
1999-09-29,6.073534,6.203553,5.707207,
1999-09-30,6.056048,6.149675,5.626915,
1999-10-01,6.196519,6.276175,5.743424,
1999-10-04,6.196831,6.258466,5.695435,
1999-10-05,6.190578,6.245508,5.690873,
1999-10-06,6.198570,6.234921,5.686525,
1999-10-07,6.168080,6.200140,5.660768,
1999-10-08,6.132922,6.200130,5.681738,
1999-10-11,6.126782,6.193876,5.678641,
1999-10-12,6.167064,6.254727,5.753339,
1999-10-13,6.160738,6.242650,5.719224,
1999-10-14,6.251444,6.382582,5.869874,
1999-10-15,6.207577,6.321983,5.798864,
1999-10-18,6.182606,6.296730,5.772538,
1999-10-19,6.187265,6.279506,5.738008,
1999-10-20,6.242850,6.333562,5.768864,
1999-10-21,6.202136,6.279315,5.701897,
1999-10-22,6.229017,6.319382,5.718759,
1999-10-25,6.292376,6.400832,5.813121,
1999-10-26,6.287116,6.358418,5.746776,
1999-10-27,6.229512,6.249087,5.620503,
1999-10-28,6.171482,6.137847,5.486685,
1999-10-29,6.079429,6.022753,5.378970,
1999-11-01,6.062347,5.984818,5.351417,
1999-11-02,6.048926,5.913231,5.250006,
1999-11-03,6.078561,5.930939,5.245479,
1999-11-04,5.991822,5.793023,5.075456,
1999-11-05,5.965308,5.769731,5.037836,
1999-11-08,5.917445,5.753901,5.060531,
1999-11-09,5.937944,5.783379,5.099428,
1999-11-10,5.945509,5.800324,5.119519,
1999-11-11,5.915023,5.799445,5.107929,
1999-11-12,5.868624,5.701882,4.986278,
1999-11-15,5.893704,5.719471,5.003382,
1999-11-16,5.876121,5.676823,4.927660,
1999-11-17,5.974433,5.768836,5.004553,
1999-11-18,6.061201,5.854893,5.064475,
1999-11-19,6.105010,5.888340,5.088161,
1999-11-22,6.150459,5.936418,5.140698,
1999-11-23,6.123162,5.925758,5.136171,
1999-11-24,6.194919,6.003812,5.203000,
1999-11-25,6.230219,6.061695,5.266626,
1999-11-26,6.269286,6.069139,5.254890,
1999-11-29,6.253562,6.028873,5.217148,
1999-11-30,6.238973,5.964086,5.153162,
1999-12-01,6.201659,5.933465,5.161028,
1999-12-02,6.206168,5.975776,5.249895,
1999-12-03,6.231585,6.018254,5.324727,
1999-12-06,6.201611,5.961227,5.270763,
1999-12-07,6.161665,5.858917,5.180138,
1999-12-08,6.185186,5.885811,5.188018,
1999-12-09,6.122593,5.808964,5.112302,
1999-12-10,6.090944,5.729468,5.015411,
1999-12-13,6.119151,5.753446,5.031383,
1999-12-14,6.162587,5.796736,5.076530,
1999-12-15,6.162562,5.780125,5.038583,
1999-12-16,6.246488,5.908802,5.206661,
1999-12-17,6.265142,5.904378,5.207244,
1999-12-20,6.254813,5.899474,5.219507,
1999-12-21,6.244243,5.902327,5.227579,
1999-12-22,6.298435,5.980304,5.312354,
1999-12-23,6.301177,5.973136,5.300944,
1999-12-24,6.302199,5.976250,5.304158,
1999-12-29,6.296133,5.978519,5.309251,
1999-12-30,6.344821,6.037589,5.375622,
2000-01-04,6.478685,6.196902,5.522985,
2000-01-05,6.503121,6.259662,5.603174,
2000-01-06,6.498822,6.273890,5.606709,
2000-01-07,6.454178,6.221728,5.557122,
2000-01-10,6.409500,6.158463,5.488781,
2000-01-11,6.468880,6.240320,5.568884,
2000-01-12,6.485194,6.275155,5.625989,
2000-01-13,6.445831,6.208053,5.539764,
2000-01-14,6.450737,6.234213,5.584794,
2000-01-17,6.498626,6.288341,5.637145,
2000-01-18,6.551954,6.379939,5.729878,
2000-01-19,6.509766,6.326540,5.672246,
2000-01-20,6.529447,6.370610,5.714674,
2000-01-21,6.514963,6.340731,5.689830,
2000-01-24,6.505646,6.331008,5.672131,
2000-01-25,6.471215,6.273705,5.597113,
2000-01-26,6.424769,6.249907,5.600820,
2000-01-27,6.499034,6.341435,5.696329,
2000-01-28,6.522154,6.368663,5.719563,
2000-01-31,6.474909,6.286147,5.613887,
2000-02-01,6.409922,6.174655,5.475194,
2000-02-02,6.387282,6.182354,5.492263,
2000-02-03,6.375974,6.151953,5.430570,
2000-02-04,6.421319,6.222621,5.514573,
2000-02-07,6.442076,6.248300,5.526138,
2000-02-08,6.411686,6.213399,5.488357,
2000-02-09,6.424178,6.241044,5.521615,
2000-02-10,6.417389,6.253274,5.562907,
2000-02-11,6.353597,6.185877,5.532671,
2000-02-14,6.279397,6.105703,5.473826,
2000-02-15,6.315605,6.126552,5.481512,
2000-02-16,6.441459,6.241989,5.574490,
2000-02-17,6.381237,6.196312,5.539573,
2000-02-18,6.364576,6.162966,5.484113,
2000-02-21,6.309487,6.088867,5.403327,
2000-02-22,6.265073,5.999041,5.313703,
2000-02-23,6.288100,6.014268,5.336601,
2000-02-24,6.251524,5.930603,5.238139,
2000-02-25,6.261961,5.928693,5.227153,
2000-02-28,6.279954,5.952401,5.243640,
2000-02-29,6.302563,6.010254,5.334982,
2000-03-01,6.257628,5.974816,5.306657,
2000-03-02,6.268724,6.004113,5.331935,
2000-03-03,6.242922,5.948390,5.252844,
2000-03-06,6.210264,5.899870,5.198225,
2000-03-07,6.203931,5.885313,5.169121,
2000-03-08,6.212682,5.900731,5.188250,
2000-03-09,6.197920,5.865080,5.154294,
2000-03-10,6.218185,5.896543,5.203081,
2000-03-13,6.204510,5.886703,5.193130,
2000-03-14,6.231990,5.909475,5.217447,
2000-03-15,6.244088,5.903254,5.188620,
2000-03-16,6.195324,5.814815,5.078571,
2000-03-17,6.188026,5.778724,5.031563,
2000-03-20,6.172583,5.788840,5.073175,
2000-03-21,6.181563,5.801466,5.099796,
2000-03-22,6.195134,5.847648,5.189127,
2000-03-23,6.219475,5.831959,5.133483,
2000-03-24,6.222008,5.846706,5.149770,
2000-03-27,6.359638,5.988108,5.263208,
2000-03-28,6.319532,5.942966,5.222848,
2000-03-29,6.316383,5.943437,5.224374,
2000-03-30,6.281427,5.875701,5.158697,
2000-03-31,6.273430,5.857503,5.147789,
2000-04-03,6.235802,5.812832,5.103071,
2000-04-04,6.259913,5.837260,5.133570,
2000-04-05,6.211956,5.760815,5.048802,
2000-04-06,6.240701,5.823968,5.129372,
2000-04-07,6.193050,5.763909,5.068279,
2000-04-10,6.207517,5.794705,5.103172,
2000-04-11,6.162498,5.756270,5.079954,
2000-04-12,6.189556,5.781469,5.106754,
2000-04-13,6.170836,5.799979,5.160260,
2000-04-14,6.175247,5.811570,5.172274,
2000-04-17,6.158458,5.818229,5.195414,
2000-04-18,6.169620,5.813213,5.176914,
2000-04-19,6.186898,5.828034,5.184162,
2000-04-20,6.213788,5.843931,5.192162,
2000-04-25,6.230466,5.877597,5.235517,
2000-04-26,6.180810,5.823374,5.193161,
2000-04-27,6.141413,5.775118,5.155629,
2000-04-28,6.069206,5.704744,5.097727,
2000-05-02,6.070553,5.710989,5.125017,
2000-05-03,6.070522,5.706219,5.139088,
2000-05-04,6.131935,5.789766,5.247620,
2000-05-05,6.160156,5.821919,5.283813,
2000-05-08,6.162608,5.793411,5.234790,
2000-05-09,6.135894,5.755472,5.186144,
2000-05-10,6.132726,5.761788,5.181877,
2000-05-11,6.234079,5.868704,5.287147,
2000-05-12,6.257484,5.873012,5.283249,
2000-05-15,6.253123,5.839544,5.221850,
2000-05-16,6.262793,5.822105,5.189624,
2000-05-17,6.267275,5.902244,5.305368,
2000-05-18,6.223980,5.923804,5.372186,
2000-05-19,6.202577,5.932474,5.387293,
2000-05-22,6.149919,5.865845,5.307149,
2000-05-23,6.203419,5.902338,5.327817,
2000-05-24,6.200301,5.870487,5.285089,
2000-05-25,6.161971,5.804491,5.196705,
2000-05-26,6.144486,5.735748,5.106171,
2000-05-30,6.170120,5.760445,5.123743,
2000-05-31,6.136496,5.695847,5.051332,
2000-06-01,6.104408,5.649555,5.015370,
2000-06-02,6.022444,5.552230,4.935291,
2000-06-05,6.054659,5.581086,4.968616,
2000-06-06,6.059454,5.608340,5.003488,
2000-06-07,6.051515,5.609906,5.005339,
2000-06-08,6.097543,5.661365,5.048290,
2000-06-09,6.075920,5.622772,5.003623,
2000-06-12,6.075072,5.612922,4.994549,
2000-06-13,6.067536,5.602855,4.991943,
2000-06-14,6.007141,5.615236,5.031507,
2000-06-15,5.978718,5.614352,5.075652,
2000-06-16,5.935706,5.528350,4.977430,
2000-06-19,5.910164,5.530664,5.000786,
2000-06-20,5.926392,5.562709,5.048051,
2000-06-21,5.988880,5.644444,5.151515,
2000-06-22,5.976295,5.626827,5.128423,
2000-06-23,6.005063,5.665277,5.169115,
2000-06-26,6.008527,5.654513,5.129712,
2000-06-27,6.004104,5.666747,5.134987,
2000-06-28,6.003711,5.662307,5.118587,
2000-06-29,5.946054,5.602087,5.068421,
2000-06-30,5.942865,5.594983,5.073053,
2000-07-03,5.948627,5.617933,5.113673,
2000-07-04,5.910109,5.581361,5.080738,
2000-07-05,5.859380,5.534540,5.040911,
2000-07-06,5.896902,5.587811,5.105282,
2000-07-07,5.844066,5.519506,5.040451,
2000-07-10,5.873728,5.566947,5.096591,
2000-07-11,5.891374,5.553506,5.066967,
2000-07-12,5.857779,5.533344,5.067490,
2000-07-13,5.857939,5.528635,5.078706,
2000-07-14,5.875879,5.591196,5.159464,
2000-07-17,5.888340,5.608194,5.171301,
2000-07-18,5.910749,5.616472,5.149685,
2000-07-19,5.919424,5.600722,5.109397,
2000-07-20,5.958570,5.622380,5.082151,
2000-07-21,5.953695,5.585855,5.035982,
2000-07-24,5.980290,5.606035,5.048187,
2000-07-25,5.947730,5.578565,5.040741,
2000-07-26,5.908092,5.556495,5.032685,
2000-07-27,5.909384,5.563759,5.052858,
2000-07-28,5.972672,5.650854,5.136316,
2000-07-31,5.969691,5.638412,5.135727,
2000-08-01,5.979989,5.625939,5.114728,
2000-08-02,5.987926,5.647017,5.140774,
2000-08-03,5.947896,5.624806,5.134498,
2000-08-04,5.942449,5.637173,5.169617,
2000-08-07,5.924584,5.616291,5.148022,
2000-08-08,5.924885,5.610261,5.132766,
2000-08-09,5.905647,5.608155,5.139678,
2000-08-10,5.909366,5.618245,5.150945,
2000-08-11,5.920677,5.589834,5.103360,
2000-08-14,5.961114,5.638718,5.158061,
2000-08-15,5.961473,5.670933,5.198659,
2000-08-16,5.988364,5.676490,5.195865,
2000-08-17,6.013565,5.690756,5.211844,
2000-08-18,5.984478,5.671745,5.198374,
2000-08-21,5.993565,5.703304,5.243060,
2000-08-22,5.995007,5.703533,5.236047,
2000-08-23,5.967330,5.677144,5.208341,
2000-08-24,5.945007,5.641809,5.167782,
2000-08-25,5.951030,5.648129,5.182600,
2000-08-29,5.997334,5.695469,5.238243,
2000-08-30,5.989255,5.683671,5.245646,
2000-08-31,5.988711,5.680717,5.249073,
2000-09-01,5.938711,5.602708,5.157370,
2000-09-04,5.943166,5.612275,5.156717,
2000-09-05,5.954171,5.637790,5.191690,
2000-09-06,5.930168,5.633197,5.202436,
2000-09-07,5.890564,5.607653,5.190231,
2000-09-08,5.910066,5.647281,5.248843,
2000-09-11,5.912317,5.651187,5.256115,
2000-09-12,5.936131,5.707350,5.325334,
2000-09-13,5.930814,5.705319,5.334692,
2000-09-14,5.916083,5.676100,5.272548,
2000-09-15,5.920952,5.698132,5.312782,
2000-09-18,5.900380,5.700060,5.313592,
2000-09-19,5.871928,5.670710,5.282518,
2000-09-20,5.880100,5.679686,5.287542,
2000-09-21,5.860165,5.651488,5.260985,
2000-09-22,5.825984,5.608098,5.217713,
2000-09-25,5.865261,5.662486,5.274166,
2000-09-26,5.859221,5.652868,5.267691,
2000-09-27,5.859947,5.649508,5.254928,
2000-09-28,5.850915,5.628622,5.236586,
2000-09-29,5.788674,5.528678,5.136671,
2000-10-02,5.782093,5.523480,5.137885,
2000-10-03,5.786301,5.523895,5.147324,
2000-10-04,5.796168,5.529001,5.159573,
2000-10-05,5.795448,5.529664,5.156673,
2000-10-06,5.796535,5.515441,5.140098,
2000-10-09,5.763921,5.445225,5.058840,
2000-10-10,5.802825,5.467981,5.062915,
2000-10-11,5.767914,5.437523,5.040509,
2000-10-12,5.732791,5.410592,5.023661,
2000-10-13,5.705432,5.406355,5.047061,
2000-10-16,5.716927,5.415671,5.046626,
2000-10-17,5.721887,5.433645,5.058170,
2000-10-18,5.684624,5.411502,5.046340,
2000-10-19,5.685379,5.429124,5.070411,
2000-10-20,5.687148,5.432083,5.068734,
2000-10-23,5.692564,5.438527,5.083563,
2000-10-24,5.678363,5.435263,5.088512,
2000-10-25,5.690578,5.454814,5.088403,
2000-10-26,5.680434,5.463760,5.085987,
2000-10-27,5.707194,5.499701,5.126123,
2000-10-30,5.699064,5.482844,5.107948,
2000-10-31,5.700166,5.474262,5.087405,
2000-11-01,5.664757,5.465197,5.087403,
2000-11-02,5.634317,5.436919,5.082210,
2000-11-03,5.631139,5.431506,5.065519,
2000-11-06,5.622641,5.430337,5.064916,
2000-11-07,5.623708,5.449224,5.091420,
2000-11-08,5.621484,5.449403,5.093032,
2000-11-09,5.612634,5.441644,5.069896,
2000-11-10,5.601390,5.418110,5.047680,
2000-11-13,5.565802,5.376580,5.018507,
2000-11-14,5.549328,5.377445,5.043087,
2000-11-15,5.505181,5.341176,5.035551,
2000-11-16,5.479516,5.311375,4.993151,
2000-11-17,5.484818,5.328307,5.014858,
2000-11-20,5.483317,5.327527,5.017773,
2000-11-21,5.501691,5.320347,4.988910,
2000-11-22,5.441885,5.228513,4.892080,
2000-11-23,5.429703,5.201508,4.843971,
2000-11-24,5.436795,5.211591,4.844272,
2000-11-27,5.440812,5.193491,4.796925,
2000-11-28,5.419678,5.174788,4.784665,
2000-11-29,5.392284,5.179757,4.818710,
2000-11-30,5.370921,5.154674,4.789139,
2000-12-01,5.366682,5.144989,4.777677,
2000-12-04,5.346267,5.127024,4.754687,
2000-12-05,5.348236,5.134934,4.769919,
2000-12-06,5.303674,5.116623,4.768044,
2000-12-07,5.293798,5.116238,4.782527,
2000-12-08,5.314981,5.161547,4.828472,
2000-12-11,5.309493,5.157354,4.825438,
2000-12-12,5.304661,5.165876,4.843314,
2000-12-13,5.291127,5.133810,4.786384,
2000-12-14,5.328136,5.174756,4.812898,
2000-12-15,5.341334,5.164020,4.774291,
2000-12-18,5.338695,5.163756,4.774225,
2000-12-19,5.353440,5.203159,4.815677,
2000-12-20,5.246323,5.139203,4.813685,
2000-12-21,5.205518,5.138187,4.845862,
2000-12-22,5.195470,5.124833,4.832376,
2000-12-27,5.181213,5.096344,4.800190,
2000-12-28,5.196344,5.102599,4.802441,
2000-12-29,5.170289,5.083041,4.780946,
2001-01-02,5.106456,4.996741,4.694703,
2001-01-03,5.089716,4.958301,4.603941,
2001-01-04,5.105951,5.008195,4.667981,
2001-01-05,5.097659,4.997609,4.676101,
2001-01-08,5.085498,4.997194,4.687893,
2001-01-09,5.127319,5.047755,4.740912,
2001-01-10,5.141943,5.046326,4.726111,
2001-01-11,5.144063,5.046438,4.727062,
2001-01-12,5.185229,5.108267,4.794003,
2001-01-15,5.157209,5.073175,4.769808,
2001-01-16,5.146385,5.085065,4.806751,
2001-01-17,5.176089,5.096654,4.805664,
2001-01-18,5.146348,5.061185,4.792403,
2001-01-19,5.145891,5.061294,4.787917,
2001-01-22,5.170848,5.098275,4.830590,
2001-01-23,5.188412,5.105077,4.818959,
2001-01-24,5.222745,5.121075,4.792287,
2001-01-25,5.228152,5.116378,4.774381,
2001-01-26,5.180924,5.068456,4.711883,
2001-01-29,5.168218,5.059321,4.722199,
2001-01-30,5.139007,5.044721,4.727528,
2001-01-31,5.085386,4.977990,4.671765,
2001-02-01,5.108660,4.989005,4.678577,
2001-02-02,5.141355,5.005482,4.683090,
2001-02-05,5.136198,4.998823,4.681884,
2001-02-06,5.130252,4.995763,4.676596,
2001-02-07,5.128115,4.973144,4.639365,
2001-02-08,5.154520,5.018446,4.697095,
2001-02-09,5.126782,4.977762,4.670092,
2001-02-12,5.105018,4.970010,4.681432,
2001-02-13,5.094180,4.963432,4.685408,
2001-02-14,5.139947,5.023058,4.739373,
2001-02-15,5.197574,5.077138,4.760242,
2001-02-16,5.163694,5.073369,4.757353,
2001-02-19,5.143895,5.058462,4.751452,
2001-02-20,5.110939,5.034911,4.759047,
2001-02-21,5.095674,5.040044,4.780209,
2001-02-22,5.094635,5.052828,4.809544,
2001-02-23,5.077529,5.032464,4.794308,
2001-02-26,5.057148,5.025733,4.794767,
2001-02-27,5.033633,4.988240,4.732110,
2001-02-28,5.032301,4.982392,4.707924,
2001-03-01,5.040021,4.956997,4.651996,
2001-03-02,5.055309,4.967516,4.652745,
2001-03-05,5.078555,4.989775,4.673661,
2001-03-06,5.089354,4.990980,4.672716,
2001-03-07,5.089850,4.991809,4.689454,
2001-03-08,5.046213,4.946548,4.680373,
2001-03-09,5.025489,4.930778,4.688227,
2001-03-12,4.993883,4.913716,4.682475,
2001-03-13,4.998808,4.927649,4.684794,
2001-03-14,4.923225,4.843733,4.602664,
2001-03-15,4.893797,4.801041,4.554815,
2001-03-16,4.832199,4.733155,4.496340,
2001-03-19,4.815589,4.721961,4.495158,
2001-03-20,4.858495,4.766405,4.526655,
2001-03-21,4.840878,4.754300,4.537410,
2001-03-22,4.745093,4.673349,4.485429,
2001-03-23,4.746215,4.690310,4.529053,
2001-03-26,4.781143,4.727689,4.569360,
2001-03-27,4.811170,4.781462,4.618784,
2001-03-28,4.858924,4.808520,4.625330,
2001-03-29,4.874508,4.842937,4.692732,
2001-03-30,4.864176,4.842460,4.721794,
2001-04-02,4.821475,4.799514,4.733948,
2001-04-03,4.806159,4.777476,4.713269,
2001-04-04,4.805573,4.807943,4.758003,
2001-04-05,4.824101,4.828762,4.760302,
2001-04-06,4.783075,4.783140,4.703974,
2001-04-09,4.767475,4.781632,4.706936,
2001-04-10,4.816891,4.828853,4.735478,
2001-04-11,4.939578,4.943951,4.819352,
2001-04-12,4.968542,4.992954,4.875517,
2001-04-17,4.984613,5.008687,4.909672,
2001-04-18,5.003008,5.055727,4.987653,
2001-04-19,4.984318,5.067404,5.026649,
2001-04-20,4.983271,5.062473,5.004003,
2001-04-23,4.919404,5.008853,4.964003,
2001-04-24,4.933258,5.020979,4.960949,
2001-04-25,4.931305,5.053824,4.990983,
2001-04-26,4.904310,5.017795,4.948172,
2001-04-27,4.926612,5.055300,5.002832,
2001-04-30,4.998769,5.125956,5.065022,
2001-05-01,4.980755,5.102108,5.036240,
2001-05-02,4.986963,5.085002,5.004142,
2001-05-03,4.969474,5.059050,4.982550,
2001-05-04,4.895035,4.990803,4.939106,
2001-05-08,4.876710,4.979403,4.936139,
2001-05-09,4.874981,4.965280,4.905337,
2001-05-10,4.915768,4.997303,4.929854,
2001-05-11,4.973914,5.051422,4.979012,
2001-05-14,5.018218,5.106146,5.039867,
2001-05-15,5.040627,5.117586,5.039961,
2001-05-16,5.021561,5.077060,4.999630,
2001-05-17,5.075209,5.118658,5.006895,
2001-05-18,5.161924,5.187566,5.041720,
2001-05-21,5.181753,5.198194,5.047342,
2001-05-22,5.169078,5.202083,5.058625,
2001-05-23,5.152852,5.232809,5.115394,
2001-05-24,5.187346,5.265461,5.128454,
2001-05-25,5.214941,5.293111,5.167411,
2001-05-29,5.207771,5.278130,5.145961,
2001-05-30,5.201848,5.275194,5.148043,
2001-05-31,5.193965,5.277702,5.162691,
2001-06-01,5.126798,5.193726,5.078875,
2001-06-04,5.123082,5.195049,5.093176,
2001-06-05,5.143292,5.165710,5.033699,
2001-06-06,5.152914,5.171353,5.035528,
2001-06-07,5.153064,5.182136,5.082591,
2001-06-08,5.164242,5.183962,5.111327,
2001-06-11,5.172377,5.164175,5.077274,
2001-06-12,5.381119,5.295927,5.154999,
2001-06-13,5.428061,5.335833,5.166511,
2001-06-14,5.389745,5.295688,5.102086,
2001-06-15,5.370766,5.284317,5.089673,
2001-06-18,5.348434,5.273209,5.087670,
2001-06-19,5.380589,5.299620,5.097520,
2001-06-20,5.414238,5.327261,5.112659,
2001-06-21,5.405803,5.340062,5.144871,
2001-06-22,5.337700,5.265145,5.069757,
2001-06-25,5.301252,5.234829,5.044646,
2001-06-26,5.292295,5.255792,5.084501,
2001-06-27,5.321475,5.293483,5.114785,
2001-06-28,5.414941,5.387842,5.195464,
2001-06-29,5.459941,5.437587,5.232899,
2001-07-02,5.442672,5.428149,5.252625,
2001-07-03,5.438777,5.436727,5.281317,
2001-07-04,5.433775,5.423753,5.255693,
2001-07-05,5.413475,5.429894,5.253773,
2001-07-06,5.298310,5.307235,5.129766,
2001-07-09,5.317952,5.340162,5.173388,
2001-07-10,5.290683,5.316571,5.150580,
2001-07-11,5.215706,5.227420,5.066220,
2001-07-12,5.262990,5.264462,5.092712,
2001-07-13,5.281173,5.293452,5.127286,
2001-07-16,5.272870,5.280994,5.106369,
2001-07-17,5.295580,5.296613,5.103929,
2001-07-18,5.291013,5.277041,5.072151,
2001-07-19,5.340597,5.320557,5.094514,
2001-07-20,5.295591,5.265404,5.035328,
2001-07-23,5.261023,5.249109,5.033976,
2001-07-24,5.249316,5.246057,5.037598,
2001-07-25,5.244706,5.251013,5.048451,
2001-07-26,5.215567,5.240733,5.063001,
2001-07-27,5.169875,5.204131,5.035952,
2001-07-30,5.146318,5.189290,5.019054,
2001-07-31,5.119636,5.170163,5.000247,
2001-08-01,5.165020,5.207625,5.032508,
2001-08-02,5.069521,5.200661,5.083925,
2001-08-03,4.996565,5.157236,5.058842,
2001-08-06,4.968897,5.120525,5.019930,
2001-08-07,4.972338,5.112795,4.999466,
2001-08-08,4.953490,5.061357,4.934888,
2001-08-09,4.875713,4.990354,4.874434,
2001-08-10,4.842388,4.959929,4.845474,
2001-08-13,4.814854,4.944991,4.841805,
2001-08-14,4.880220,5.012042,4.894072,
2001-08-15,5.017048,5.099559,4.922447,
2001-08-16,5.031258,5.085577,4.892464,
2001-08-17,4.949387,5.006173,4.820662,
2001-08-20,4.983400,5.035317,4.847220,
2001-08-21,5.008108,5.055091,4.861085,
2001-08-22,5.016542,5.070133,4.884939,
2001-08-23,4.980474,5.046716,4.877250,
2001-08-24,4.994408,5.072179,4.913844,
2001-08-28,4.947692,4.995296,4.827891,
2001-08-29,4.925277,4.995066,4.828921,
2001-08-30,4.861318,4.952272,4.810858,
2001-08-31,4.856235,4.974553,4.865184,
2001-09-03,4.805935,4.947876,4.871149,
2001-09-04,4.953327,5.095329,5.013684,
2001-09-05,4.955193,5.107426,5.040762,
2001-09-06,4.880241,5.056163,5.011755,
2001-09-07,4.785968,4.976584,4.937577,
2001-09-10,4.775624,4.969487,4.939420,
2001-09-11,4.675181,4.903781,4.900812,
2001-09-12,4.533185,4.828988,4.905666,
2001-09-13,4.586310,4.880149,4.939982,
2001-09-14,4.502787,4.792725,4.863072,
2001-09-17,4.552213,4.834718,4.899542,
2001-09-18,4.554802,4.853679,4.906783,
2001-09-19,4.561084,4.869621,4.936112,
2001-09-20,4.573599,4.885716,4.948853,
2001-09-21,4.511856,4.860190,4.945809,
2001-09-24,4.519630,4.886914,4.979529,
2001-09-25,4.507004,4.878569,4.974549,
2001-09-26,4.518628,4.856764,4.918883,
2001-09-27,4.499085,4.843203,4.897568,
2001-09-28,4.530797,4.873541,4.917192,
2001-10-01,4.565843,4.888907,4.925860,
2001-10-02,4.528163,4.834368,4.890602,
2001-10-03,4.450790,4.758025,4.826760,
2001-10-04,4.442321,4.744671,4.821496,
2001-10-05,4.444799,4.743346,4.813581,
2001-10-08,4.444670,4.721350,4.758327,
2001-10-09,4.536229,4.798847,4.819650,
2001-10-10,4.568091,4.827406,4.821510,
2001-10-11,4.614999,4.889885,4.873068,
2001-10-12,4.593339,4.874469,4.860187,
2001-10-15,4.527004,4.810072,4.797944,
2001-10-16,4.508314,4.799476,4.793505,
2001-10-17,4.478041,4.794144,4.814772,
2001-10-18,4.482527,4.795092,4.807922,
2001-10-19,4.451224,4.777184,4.801888,
2001-10-22,4.421648,4.757323,4.796860,
2001-10-23,4.427277,4.769025,4.814284,
2001-10-24,4.330308,4.691728,4.749878,
2001-10-25,4.251353,4.629575,4.698724,
2001-10-26,4.278984,4.653258,4.705534,
2001-10-29,4.249428,4.608756,4.650599,
2001-10-30,4.162206,4.521841,4.576375,
2001-10-31,4.158101,4.512564,4.536766,
2001-11-01,4.113356,4.452321,4.452908,
2001-11-02,4.128971,4.494903,4.509103,
2001-11-05,4.024695,4.423854,4.449973,
2001-11-06,4.038245,4.422089,4.446049,
2001-11-07,3.953617,4.357741,4.417967,
2001-11-08,3.924055,4.359320,4.439355,
2001-11-09,3.899308,4.339344,4.419498,
2001-11-12,3.858580,4.321551,4.409763,
2001-11-13,3.959628,4.430054,4.521320,
2001-11-14,4.096524,4.539781,4.584430,
2001-11-15,4.248683,4.657472,4.664792,
2001-11-16,4.263630,4.661979,4.669801,
2001-11-19,4.232809,4.633161,4.664050,
2001-11-20,4.203070,4.608462,4.665049,
2001-11-21,4.290899,4.686435,4.724545,
2001-11-22,4.298196,4.692262,4.725895,
2001-11-23,4.279536,4.673096,4.708679,
2001-11-26,4.261466,4.645685,4.673647,
2001-11-27,4.447374,4.791649,4.758668,
2001-11-28,4.381868,4.720724,4.702306,
2001-11-29,4.354328,4.699177,4.671911,
2001-11-30,4.294183,4.652270,4.647876,
2001-12-03,4.226239,4.598878,4.624708,
2001-12-04,4.220115,4.587368,4.617799,
2001-12-05,4.398390,4.738889,4.748090,
2001-12-06,4.506321,4.843019,4.821491,
2001-12-07,4.604013,4.960791,4.951580,
2001-12-10,4.566442,4.920685,4.922743,
2001-12-11,4.522559,4.881677,4.887030,
2001-12-12,4.426903,4.782893,4.777351,
2001-12-13,4.493942,4.825221,4.786695,
2001-12-14,4.568608,4.863922,4.786715,
2001-12-17,4.587807,4.905341,4.851911,
2001-12-18,4.579111,4.900128,4.846149,
2001-12-19,4.539708,4.865705,4.804840,
2001-12-20,4.542558,4.878230,4.823939,
2001-12-21,4.584561,4.922860,4.869635,
2001-12-24,4.557374,4.883847,4.827931,
2001-12-27,4.672494,5.015639,4.961840,
2001-12-28,4.697327,5.051064,5.001426,
2001-12-31,4.718997,5.078805,5.032639,
2002-01-02,4.652219,5.008166,4.968989,
2002-01-03,4.544828,4.929458,4.924123,
2002-01-04,4.655219,4.989129,4.957360,
2002-01-07,4.669223,4.934484,4.875385,
2002-01-08,4.681551,4.927050,4.876257,
2002-01-09,4.769792,4.996295,4.917420,
2002-01-10,4.723416,4.941289,4.867130,
2002-01-11,4.746780,4.954148,4.849922,
2002-01-14,4.640309,4.878758,4.802473,
2002-01-15,4.653618,4.885580,4.799378,
2002-01-16,4.602799,4.842907,4.760700,
2002-01-17,4.563954,4.829865,4.780584,
2002-01-18,4.545676,4.839352,4.809994,
2002-01-21,4.484648,4.778162,4.767940,
2002-01-22,4.540825,4.830510,4.807926,
2002-01-23,4.486819,4.783655,4.795349,
2002-01-24,4.569967,4.864937,4.871591,
2002-01-25,4.713191,4.979666,4.956799,
2002-01-28,4.701731,4.973313,4.934970,
2002-01-29,4.680295,4.949802,4.910883,
2002-01-30,4.658295,4.919190,4.863670,
2002-01-31,4.675048,4.904359,4.813837,
2002-02-01,4.666872,4.893421,4.795922,
2002-02-04,4.602115,4.838796,4.752683,
2002-02-05,4.564206,4.803248,4.726178,
2002-02-06,4.552505,4.815034,4.760761,
2002-02-07,4.650543,4.937285,4.890489,
2002-02-08,4.615686,4.912319,4.877278,
2002-02-11,4.619465,4.912363,4.884683,
2002-02-12,4.776711,5.030251,4.951438,
2002-02-13,4.752520,5.014403,4.952288,
2002-02-14,4.714424,4.980654,4.908389,
2002-02-15,4.671326,4.918243,4.838033,
2002-02-18,4.679014,4.921280,4.832650,
2002-02-19,4.642941,4.914421,4.856217,
2002-02-20,4.628182,4.913987,4.878763,
2002-02-21,4.625258,4.927580,4.906356,
2002-02-22,4.591550,4.888154,4.859124,
2002-02-25,4.620089,4.915178,4.886029,
2002-02-26,4.636409,4.942593,4.931273,
2002-02-27,4.644649,4.945775,4.919802,
2002-02-28,4.634129,4.942829,4.923035,
2002-03-01,4.702762,5.005588,4.975971,
2002-03-04,4.750742,5.032544,4.972961,
2002-03-05,4.797136,5.089916,5.036957,
2002-03-06,4.789371,5.112417,5.089014,
2002-03-07,4.889722,5.192076,5.138300,
2002-03-08,4.913005,5.195800,5.134113,
2002-03-11,4.898800,5.176410,5.113128,
2002-03-12,4.885411,5.175291,5.122467,
2002-03-13,4.902892,5.200846,5.155932,
2002-03-14,4.912993,5.225094,5.196018,
2002-03-15,4.937411,5.232813,5.180987,
2002-03-18,4.925651,5.213970,5.174565,
2002-03-19,4.909878,5.214962,5.187275,
2002-03-20,4.931002,5.242049,5.220076,
2002-03-21,5.001673,5.291474,5.239415,
2002-03-22,5.015656,5.306035,5.246012,
2002-03-25,5.038231,5.333234,5.266670,
2002-03-26,5.012707,5.305661,5.238581,
2002-03-27,4.968706,5.248699,5.178243,
2002-03-28,5.008978,5.304627,5.245558,
2002-04-02,5.018903,5.306809,5.241985,
2002-04-03,4.962679,5.247816,5.181189,
2002-04-04,4.916773,5.199385,5.129994,
2002-04-05,4.895699,5.198972,5.147053,
2002-04-08,4.880340,5.201971,5.167883,
2002-04-09,4.897922,5.217846,5.180440,
2002-04-10,4.900005,5.228264,5.201324,
2002-04-11,4.859565,5.171135,5.134427,
2002-04-12,4.827021,5.156916,5.133029,
2002-04-15,4.803812,5.132045,5.110279,
2002-04-16,4.886411,5.216955,5.189130,
2002-04-17,4.886223,5.217832,5.189592,
2002-04-18,4.873954,5.233773,5.223492,
2002-04-19,4.871738,5.238132,5.228832,
2002-04-22,4.823128,5.193667,5.190704,
2002-04-23,4.852040,5.230015,5.227111,
2002-04-24,4.833962,5.199713,5.194763,
2002-04-25,4.775231,5.141515,5.138100,
2002-04-26,4.728416,5.101832,5.102240,
2002-04-29,4.763953,5.154788,5.160790,
2002-04-30,4.775946,5.152223,5.155331,
2002-05-01,4.759035,5.123162,5.116088,
2002-05-02,4.826565,5.192837,5.179674,
2002-05-03,4.795940,5.143885,5.126007,
2002-05-07,4.768298,5.129598,5.119416,
2002-05-08,4.795358,5.167728,5.168643,
2002-05-09,4.833533,5.209654,5.203974,
2002-05-10,4.848273,5.221976,5.217969,
2002-05-13,4.829783,5.217830,5.226759,
2002-05-14,4.874245,5.259044,5.259368,
2002-05-15,4.932955,5.278281,5.255746,
2002-05-16,4.924208,5.266700,5.255999,
2002-05-17,4.959012,5.301511,5.295342,
2002-05-20,4.929558,5.238089,5.224405,
2002-05-21,4.911547,5.224361,5.219403,
2002-05-22,4.870196,5.206313,5.215679,
2002-05-23,4.890053,5.210872,5.204809,
2002-05-24,4.874695,5.199261,5.200261,
2002-05-27,4.882684,5.241503,5.269729,
2002-05-28,4.864201,5.206991,5.234565,
2002-05-29,4.851833,5.202988,5.222561,
2002-05-30,4.862464,5.196268,5.210955,
2002-05-31,4.894123,5.215643,5.228152,
2002-06-05,4.857173,5.176808,5.192742,
2002-06-06,4.825786,5.157650,5.189245,
2002-06-07,4.802332,5.151974,5.197193,
2002-06-10,4.814833,5.142656,5.172665,
2002-06-11,4.849972,5.167116,5.189816,
2002-06-12,4.840009,5.149612,5.170194,
2002-06-13,4.778130,5.052161,5.053877,
2002-06-14,4.739929,4.997270,4.989186,
2002-06-17,4.770399,5.015469,4.994397,
2002-06-18,4.746916,4.995281,4.971805,
2002-06-19,4.727827,4.974436,4.943954,
2002-06-20,4.732346,5.003604,4.983418,
2002-06-21,4.732175,5.015526,4.995815,
2002-06-24,4.686608,4.961110,4.925559,
2002-06-25,4.752771,5.050779,4.998643,
2002-06-26,4.656342,4.961407,4.911450,
2002-06-27,4.675917,4.974258,4.911761,
2002-06-28,4.713547,5.014799,4.971465,
2002-07-01,4.701070,5.011106,4.979485,
2002-07-02,4.682479,4.996680,4.974730,
2002-07-03,4.655995,4.990493,5.002136,
2002-07-04,4.682624,5.016047,5.032722,
2002-07-05,4.742263,5.086228,5.084407,
2002-07-08,4.736638,5.087826,5.096195,
2002-07-09,4.712460,5.081276,5.095540,
2002-07-10,4.659127,5.023000,5.036025,
2002-07-11,4.589855,4.947957,4.964938,
2002-07-12,4.565523,4.919126,4.929915,
2002-07-15,4.505536,4.875824,4.898234,
2002-07-16,4.414339,4.840058,4.913544,
2002-07-17,4.471132,4.900687,4.974889,
2002-07-18,4.487422,4.899137,4.956536,
2002-07-19,4.421724,4.849002,4.915108,
2002-07-22,4.362004,4.805102,4.892093,
2002-07-23,4.372416,4.823390,4.910767,
2002-07-24,4.222525,4.729079,4.835495,
2002-07-25,4.280998,4.765774,4.877915,
2002-07-26,4.236637,4.754413,4.897612,
2002-07-29,4.275106,4.809920,4.954772,
2002-07-30,4.263351,4.798234,4.948962,
2002-07-31,4.167175,4.723080,4.920054,
2002-08-01,4.082333,4.642459,4.867383,
2002-08-02,4.049363,4.594936,4.829352,
2002-08-05,3.955693,4.498347,4.742344,
2002-08-06,4.036729,4.555142,4.780538,
2002-08-07,3.980228,4.489716,4.701980,
2002-08-08,4.020593,4.534526,4.733874,
2002-08-09,4.027683,4.525073,4.701312,
2002-08-12,4.022509,4.508241,4.669208,
2002-08-13,4.022563,4.500816,4.656198,
2002-08-14,3.972735,4.436622,4.590312,
2002-08-15,4.141211,4.586237,4.719241,
2002-08-16,4.175912,4.611805,4.730284,
2002-08-19,4.180295,4.623056,4.733882,
2002-08-20,4.131395,4.578124,4.697190,
2002-08-21,4.172386,4.637690,4.757345,
2002-08-22,4.195258,4.669662,4.811215,
2002-08-23,4.163137,4.627898,4.772200,
2002-08-27,4.143979,4.614550,4.766975,
2002-08-28,4.072874,4.529627,4.683927,
2002-08-29,4.021842,4.483196,4.625437,
2002-08-30,4.036061,4.497575,4.639389,
2002-09-02,3.970702,4.433052,4.578022,
2002-09-03,3.899371,4.356408,4.502236,
2002-09-04,3.877509,4.346688,4.499373,
2002-09-05,3.867902,4.327558,4.495751,
2002-09-06,3.876884,4.310227,4.478935,
2002-09-09,3.920181,4.341562,4.488020,
2002-09-10,3.999410,4.410199,4.545747,
2002-09-11,4.087801,4.473906,4.592275,
2002-09-12,4.020060,4.409280,4.537542,
2002-09-13,3.962609,4.371612,4.521275,
2002-09-16,3.923238,4.316651,4.458827,
2002-09-17,3.956195,4.350819,4.487568,
2002-09-18,3.882968,4.293826,4.435143,
2002-09-19,3.789685,4.224070,4.389739,
2002-09-20,3.783965,4.256185,4.447678,
2002-09-23,3.741898,4.222262,4.419397,
2002-09-24,3.726239,4.205518,4.407908,
2002-09-25,3.760208,4.242550,4.451701,
2002-09-26,3.787839,4.263851,4.478520,
2002-09-27,3.792212,4.268884,4.478484,
2002-09-30,3.689329,4.182512,4.411979,
2002-10-01,3.686223,4.182777,4.443397,
2002-10-02,3.765512,4.247800,4.492287,
2002-10-03,3.795614,4.269904,4.519830,
2002-10-04,3.836707,4.295164,4.531406,
2002-10-07,3.765755,4.225540,4.464666,
2002-10-08,3.762125,4.220968,4.458636,
2002-10-09,3.773970,4.222410,4.447405,
2002-10-10,3.848056,4.299038,4.521761,
2002-10-11,3.906842,4.346362,4.555219,
2002-10-14,3.910289,4.363482,4.580957,
2002-10-15,4.018419,4.464902,4.677730,
2002-10-16,4.028480,4.488948,4.711422,
2002-10-17,4.020114,4.474055,4.684835,
2002-10-18,4.017294,4.477093,4.696995,
2002-10-21,4.012869,4.480857,4.707333,
2002-10-22,4.052350,4.537271,4.763598,
2002-10-23,3.959686,4.458170,4.700910,
2002-10-24,3.977236,4.487917,4.736807,
2002-10-25,3.916885,4.443381,4.701308,
2002-10-28,3.854025,4.397803,4.664611,
2002-10-29,3.810659,4.350182,4.621759,
2002-10-30,3.838967,4.368346,4.644207,
2002-10-31,3.823115,4.331527,4.599209,
2002-11-01,3.865743,4.374849,4.639931,
2002-11-04,3.873433,4.391948,4.671390,
2002-11-05,3.901704,4.435467,4.721916,
2002-11-06,3.912362,4.442974,4.726317,
2002-11-07,3.922931,4.390611,4.637788,
2002-11-08,3.905573,4.350185,4.584561,
2002-11-11,3.875448,4.307304,4.546144,
2002-11-12,3.860623,4.274500,4.516070,
2002-11-13,3.886047,4.288966,4.532939,
2002-11-14,3.941748,4.337440,4.575833,
2002-11-15,3.933365,4.339405,4.577153,
2002-11-18,3.951189,4.350897,4.586938,
2002-11-19,3.943566,4.333823,4.570044,
2002-11-20,3.921609,4.314925,4.558171,
2002-11-21,4.018805,4.410219,4.654303,
2002-11-22,4.020455,4.417156,4.660113,
2002-11-25,4.037716,4.432608,4.669942,
2002-11-26,4.011977,4.405408,4.632903,
2002-11-27,4.088636,4.489756,4.702076,
2002-11-28,4.131684,4.515089,4.697321,
2002-11-29,4.121483,4.506180,4.689802,
2002-12-02,4.155809,4.543494,4.728755,
2002-12-03,4.126233,4.505956,4.699235,
2002-12-04,4.112579,4.490107,4.679231,
2002-12-05,4.075228,4.447583,4.630438,
2002-12-06,4.025898,4.399793,4.590457,
2002-12-09,3.961993,4.357210,4.572831,
2002-12-10,3.947134,4.357083,4.587514,
2002-12-11,3.951947,4.349736,4.577098,
2002-12-12,3.903263,4.306877,4.548907,
2002-12-13,3.895847,4.298552,4.541643,
2002-12-16,3.912497,4.310170,4.548119,
2002-12-17,3.935060,4.328031,4.558444,
2002-12-18,3.891939,4.274026,4.502741,
2002-12-19,3.870012,4.260619,4.492996,
2002-12-20,3.881013,4.274449,4.508719,
2002-12-23,3.865952,4.264825,4.494467,
2002-12-24,3.877938,4.268457,4.500361,
2002-12-27,3.791696,4.187554,4.425637,
2002-12-30,3.786694,4.186393,4.427536,
2002-12-31,3.765628,4.158313,4.396749,
2003-01-02,3.806543,4.224076,4.476308,
2003-01-03,3.820941,4.241497,4.499304,
2003-01-06,3.818196,4.235381,4.494253,
2003-01-07,3.815489,4.224516,4.483701,
2003-01-08,3.779757,4.178020,4.438665,
2003-01-09,3.784377,4.190562,4.452911,
2003-01-10,3.777222,4.181991,4.442426,
2003-01-13,3.813594,4.222815,4.479703,
2003-01-14,3.806365,4.212580,4.474503,
2003-01-15,3.830464,4.218621,4.473602,
2003-01-16,3.821605,4.210785,4.459001,
2003-01-17,3.749047,4.110606,4.359066,
2003-01-20,3.741613,4.098011,4.347577,
2003-01-21,3.744426,4.092894,4.342808,
2003-01-22,3.734265,4.083724,4.346173,
2003-01-23,3.733964,4.076257,4.331129,
2003-01-24,3.672326,3.998680,4.243895,
2003-01-27,3.643453,3.985157,4.229717,
2003-01-28,3.643699,3.989560,4.234577,
2003-01-29,3.625265,3.976020,4.231083,
2003-01-30,3.660698,4.023697,4.288046,
2003-01-31,3.653873,4.013646,4.280683,
2003-02-03,3.666137,4.028668,4.304553,
2003-02-04,3.608854,3.965760,4.232136,
2003-02-05,3.609920,3.963064,4.241058,
2003-02-06,3.438795,3.892418,4.238085,
2003-02-07,3.391475,3.858769,4.224466,
2003-02-10,3.399668,3.868164,4.239352,
2003-02-11,3.396537,3.856256,4.225499,
2003-02-12,3.363958,3.803621,4.175618,
2003-02-13,3.350612,3.798883,4.173096,
2003-02-14,3.396757,3.848381,4.217899,
2003-02-17,3.410599,3.856963,4.225601,
2003-02-18,3.423376,3.868564,4.230660,
2003-02-19,3.402236,3.827444,4.181061,
2003-02-20,3.384561,3.805193,4.162118,
2003-02-21,3.394493,3.838456,4.207741,
2003-02-24,3.328589,3.786074,4.189189,
2003-02-25,3.315653,3.776644,4.192408,
2003-02-26,3.335311,3.802614,4.237867,
2003-02-27,3.352123,3.852718,4.293313,
2003-02-28,3.317463,3.798680,4.227013,
2003-03-03,3.267716,3.733935,4.168145,
2003-03-04,3.255445,3.725702,4.173638,
2003-03-05,3.242813,3.720908,4.179411,
2003-03-06,3.245643,3.721872,4.174717,
2003-03-07,3.210131,3.673665,4.127328,
2003-03-10,3.176624,3.643490,4.100210,
2003-03-11,3.175069,3.644066,4.097822,
2003-03-12,3.191956,3.661493,4.112903,
2003-03-13,3.370445,3.835887,4.248791,
2003-03-14,3.424038,3.905805,4.316561,
2003-03-17,3.503204,4.039408,4.453869,
2003-03-18,3.538010,4.056138,4.445459,
2003-03-19,3.702940,4.208867,4.550326,
2003-03-20,3.694674,4.203917,4.540364,
2003-03-21,3.754817,4.263192,4.607619,
2003-03-24,3.687233,4.192162,4.534256,
2003-03-25,3.650600,4.144845,4.508177,
2003-03-26,3.656241,4.144364,4.512748,
2003-03-27,3.602771,4.081271,4.465051,
2003-03-28,3.562824,4.055291,4.438501,
2003-03-31,3.469646,3.958424,4.354894,
2003-04-01,3.460723,3.968689,4.382380,
2003-04-02,3.524862,4.048767,4.451586,
2003-04-03,3.555951,4.098331,4.491491,
2003-04-04,3.552784,4.107820,4.503793,
2003-04-07,3.640914,4.194437,4.571238,
2003-04-08,3.613183,4.156315,4.532422,
2003-04-09,3.589156,4.141915,4.529236,
2003-04-10,3.544462,4.078407,4.468586,
2003-04-11,3.637129,4.150860,4.530794,
2003-04-14,3.684612,4.185100,4.538890,
2003-04-15,3.673472,4.163633,4.518516,
2003-04-16,3.634672,4.127698,4.489798,
2003-04-17,3.587244,4.093885,4.468837,
2003-04-22,3.547347,4.062228,4.456924,
2003-04-23,3.580740,4.099465,4.499420,
2003-04-24,3.521028,4.037981,4.434756,
2003-04-25,3.488541,4.036868,4.422752,
2003-04-28,3.489085,4.022600,4.430109,
2003-04-29,3.513769,4.038528,4.442380,
2003-04-30,3.488019,4.008592,4.420164,
2003-05-01,3.422156,3.935081,4.354238,
2003-05-02,3.478736,4.004862,4.426368,
2003-05-06,3.491009,4.010942,4.426025,
2003-05-07,3.438580,3.935805,4.344797,
2003-05-08,3.503754,3.948076,4.308125,
2003-05-09,3.542297,3.952453,4.298355,
2003-05-12,3.515251,3.927260,4.281018,
2003-05-13,3.490583,3.895828,4.270658,
2003-05-14,3.528695,3.922877,4.281506,
2003-05-15,3.480218,3.877722,4.253579,
2003-05-16,3.435594,3.835740,4.207910,
2003-05-19,3.373911,3.783118,4.171970,
2003-05-20,3.377183,3.772812,4.141410,
2003-05-21,3.305200,3.728873,4.115332,
2003-05-22,3.319919,3.734087,4.109290,
2003-05-23,3.301361,3.695795,4.060347,
2003-05-27,3.330299,3.726052,4.091849,
2003-05-28,3.399414,3.807537,4.187676,
2003-05-29,3.354240,3.751322,4.131821,
2003-05-30,3.362052,3.773662,4.157880,
2003-06-02,3.396994,3.802904,4.203092,
2003-06-03,3.328623,3.714808,4.111143,
2003-06-04,3.412508,3.792059,4.154884,
2003-06-05,3.369483,3.722346,4.090280,
2003-06-06,3.389382,3.763866,4.159534,
2003-06-09,3.294655,3.650098,4.055277,
2003-06-10,3.261529,3.620954,4.039264,
2003-06-11,3.230228,3.572970,4.014917,
2003-06-12,3.249224,3.597998,4.027399,
2003-06-13,3.223619,3.555629,3.966351,
2003-06-16,3.265680,3.592756,3.980695,
2003-06-17,3.339958,3.674393,4.048477,
2003-06-18,3.377576,3.751650,4.141118,
2003-06-19,3.336946,3.743157,4.166466,
2003-06-20,3.333134,3.747935,4.169466,
2003-06-23,3.313435,3.731427,4.150251,
2003-06-24,3.340505,3.762380,4.179189,
2003-06-25,3.331615,3.735934,4.149183,
2003-06-26,3.474792,3.898051,4.268097,
2003-06-27,3.476429,3.914940,4.317516,
2003-06-30,3.399314,3.840077,4.269754,
2003-07-01,3.356655,3.807337,4.263186,
2003-07-02,3.392747,3.874007,4.343139,
2003-07-03,3.479596,3.962818,4.406065,
2003-07-04,3.449286,3.922635,4.363268,
2003-07-07,3.468902,3.948604,4.387822,
2003-07-08,3.465376,3.943385,4.389364,
2003-07-09,3.442421,3.933861,4.390542,
2003-07-10,3.374664,3.860825,4.328535,
2003-07-11,3.339967,3.842755,4.311710,
2003-07-14,3.328334,3.828960,4.296828,
2003-07-15,3.357489,3.901202,4.397271,
2003-07-16,3.400383,3.955031,4.434749,
2003-07-17,3.429038,4.001557,4.478110,
2003-07-18,3.413123,3.981603,4.458821,
2003-07-21,3.463154,4.032133,4.505021,
2003-07-22,3.458637,4.018394,4.483067,
2003-07-23,3.441135,3.990857,4.446047,
2003-07-24,3.557967,4.087046,4.518839,
2003-07-25,3.529282,4.029654,4.438232,
2003-07-28,3.607765,4.147744,4.572208,
2003-07-29,3.585780,4.099910,4.503022,
2003-07-30,3.610917,4.129100,4.529065,
2003-07-31,3.702380,4.229133,4.607493,
2003-08-01,3.887574,4.337335,4.607052,
2003-08-04,3.877518,4.307660,4.560070,
2003-08-05,3.903771,4.330496,4.590013,
2003-08-06,3.880338,4.280086,4.521460,
2003-08-07,3.836281,4.239425,4.488263,
2003-08-08,3.755884,4.149948,4.410472,
2003-08-11,3.848305,4.230894,4.480756,
2003-08-12,3.904645,4.267244,4.492164,
2003-08-13,3.924540,4.342938,4.600986,
2003-08-14,3.982881,4.413467,4.665943,
2003-08-15,3.934194,4.372292,4.631187,
2003-08-18,3.936574,4.368952,4.619211,
2003-08-19,3.958008,4.375693,4.610062,
2003-08-20,3.969868,4.401352,4.639881,
2003-08-21,4.014124,4.435084,4.662609,
2003-08-22,4.045683,4.449506,4.654206,
2003-08-26,4.049987,4.452987,4.658812,
2003-08-27,4.050168,4.475944,4.686919,
2003-08-28,4.048208,4.440488,4.635199,
2003-08-29,4.066995,4.457371,4.656242,
2003-09-01,4.089099,4.468992,4.662146,
2003-09-02,4.172276,4.581586,4.784873,
2003-09-03,4.201858,4.614542,4.807359,
2003-09-04,4.174464,4.588237,4.787665,
2003-09-05,4.085888,4.502750,4.744993,
2003-09-08,4.020476,4.441510,4.701604,
2003-09-09,4.072451,4.499629,4.763125,
2003-09-10,4.035017,4.448327,4.708617,
2003-09-11,4.053896,4.471817,4.728588,
2003-09-12,3.979074,4.365583,4.615633,
2003-09-15,3.991934,4.390598,4.643902,
2003-09-16,4.060480,4.459377,4.693472,
2003-09-17,4.145325,4.507129,4.708246,
2003-09-18,4.137514,4.485181,4.671915,
2003-09-19,4.133904,4.471137,4.655732,
2003-09-22,4.114375,4.457530,4.653523,
2003-09-23,4.104653,4.443787,4.638346,
2003-09-24,4.070845,4.433842,4.658037,
2003-09-25,4.032517,4.411527,4.643076,
2003-09-26,4.012150,4.364554,4.573763,
2003-09-29,4.009596,4.380202,4.606440,
2003-09-30,3.967116,4.340386,4.584362,
2003-10-01,3.955726,4.338765,4.585671,
2003-10-02,4.059117,4.454741,4.693429,
2003-10-03,4.187251,4.569723,4.776012,
2003-10-06,4.198088,4.556632,4.736929,
2003-10-07,4.192106,4.564047,4.767072,
2003-10-08,4.200453,4.573472,4.781751,
2003-10-09,4.219536,4.620880,4.831459,
2003-10-10,4.186296,4.569346,4.765429,
2003-10-13,4.237756,4.648962,4.849875,
2003-10-14,4.305511,4.704272,4.882164,
2003-10-15,4.354480,4.756170,4.932895,
2003-10-16,4.346957,4.749130,4.913554,
2003-10-17,4.409634,4.796368,4.917939,
2003-10-20,4.417095,4.795386,4.909693,
2003-10-21,4.370896,4.757338,4.882882,
2003-10-22,4.481256,4.838129,4.931909,
2003-10-23,4.502250,4.859298,4.955850,
2003-10-24,4.541961,4.895774,4.976208,
2003-10-27,4.576379,4.939682,5.021859,
2003-10-28,4.595706,4.940898,4.992263,
2003-10-29,4.605052,4.976115,5.039845,
2003-10-30,4.585472,4.965728,5.050380,
2003-10-31,4.550989,4.927406,5.009305,
2003-11-03,4.636926,5.024890,5.107461,
2003-11-04,4.608007,4.977398,5.049546,
2003-11-05,4.569243,4.929261,4.999538,
2003-11-06,4.606620,4.982388,5.069196,
2003-11-07,4.608779,4.988387,5.077535,
2003-11-10,4.548298,4.943442,5.062143,
2003-11-11,4.510824,4.937979,5.075899,
2003-11-12,4.507555,4.926365,5.053976,
2003-11-13,4.468223,4.873378,5.001540,
2003-11-14,4.459362,4.850222,4.980629,
2003-11-17,4.413150,4.806256,4.950000,
2003-11-18,4.419442,4.801685,4.935753,
2003-11-19,4.451670,4.857680,5.007204,
2003-11-20,4.468810,4.860952,5.000443,
2003-11-21,4.454156,4.849395,4.997735,
2003-11-24,4.502561,4.914215,5.068596,
2003-11-25,4.542387,4.935945,5.083555,
2003-11-26,4.510953,4.868553,4.992010,
2003-11-27,4.554607,4.909018,5.031863,
2003-11-28,4.547780,4.911009,5.047253,
2003-12-01,4.573301,4.929656,5.054403,
2003-12-02,4.574719,4.939595,5.067364,
2003-12-03,4.534492,4.900770,5.042600,
2003-12-04,4.511568,4.882294,5.029248,
2003-12-05,4.410953,4.757058,4.910007,
2003-12-08,4.405662,4.782245,4.953034,
2003-12-09,4.434069,4.797973,4.947454,
2003-12-10,4.405268,4.758521,4.903672,
2003-12-11,4.437330,4.794739,4.936277,
2003-12-12,4.340802,4.686619,4.839712,
2003-12-15,4.332561,4.680907,4.832411,
2003-12-16,4.251153,4.602741,4.768511,
2003-12-17,4.255384,4.589620,4.744186,
2003-12-18,4.232565,4.575706,4.749691,
2003-12-19,4.275896,4.616742,4.789604,
2003-12-22,4.261858,4.599323,4.771433,
2003-12-23,4.253298,4.590923,4.762020,
2003-12-24,4.250481,4.589376,4.760721,
2003-12-29,4.260915,4.596770,4.768489,
2003-12-30,4.307950,4.644954,4.813091,
2003-12-31,4.292573,4.612046,4.773325,
2004-01-02,4.359688,4.679168,4.832082,
2004-01-05,4.400760,4.711451,4.854126,
2004-01-06,4.385001,4.695152,4.828310,
2004-01-07,4.375218,4.675491,4.799840,
2004-01-08,4.356281,4.662651,4.792537,
2004-01-09,4.223109,4.527830,4.678236,
2004-01-12,4.176285,4.488561,4.653693,
2004-01-13,4.162700,4.484278,4.657898,
2004-01-14,4.197151,4.508244,4.673798,
2004-01-15,4.235428,4.534246,4.688675,
2004-01-16,4.234949,4.546572,4.718786,
2004-01-19,4.236547,4.542664,4.714237,
2004-01-20,4.261828,4.547347,4.702279,
2004-01-21,4.273318,4.578885,4.743875,
2004-01-22,4.287260,4.600907,4.764694,
2004-01-23,4.321111,4.597527,4.727072,
2004-01-26,4.384083,4.672283,4.806246,
2004-01-27,4.366552,4.648822,4.771976,
2004-01-28,4.370402,4.656143,4.785830,
2004-01-29,4.459394,4.759153,4.881439,
2004-01-30,4.431411,4.732378,4.857201,
2004-02-02,4.419892,4.726161,4.858579,
2004-02-03,4.403607,4.715869,4.858759,
2004-02-04,4.386307,4.685353,4.825087,
2004-02-05,4.388347,4.683828,4.823551,
2004-02-06,4.360056,4.646709,4.791218,
2004-02-09,4.320146,4.622223,4.779618,
2004-02-10,4.312970,4.608281,4.759506,
2004-02-11,4.290003,4.581839,4.730663,
2004-02-12,4.299653,4.589675,4.736373,
2004-02-13,4.282130,4.577208,4.725116,
2004-02-16,4.281918,4.582883,4.725706,
2004-02-17,4.253092,4.561390,4.712454,
2004-02-18,4.277247,4.599113,4.760663,
2004-02-19,4.339989,4.652880,4.808381,
2004-02-20,4.338795,4.643991,4.802250,
2004-02-23,4.362633,4.666719,4.830362,
2004-02-24,4.313755,4.604660,4.750965,
2004-02-25,4.300071,4.594183,4.743293,
2004-02-26,4.334371,4.630169,4.772183,
2004-02-27,4.320943,4.599622,4.734973,
2004-03-01,4.393224,4.644685,4.759406,
2004-03-02,4.397169,4.639783,4.754302,
2004-03-03,4.451051,4.718443,4.842623,
2004-03-04,4.428521,4.685371,4.806491,
2004-03-05,4.340852,4.574884,4.705469,
2004-03-08,4.288171,4.508953,4.633049,
2004-03-09,4.279587,4.491101,4.601054,
2004-03-10,4.312351,4.515354,4.617347,
2004-03-11,4.273111,4.496870,4.612513,
2004-03-12,4.248748,4.480022,4.606918,
2004-03-15,4.251721,4.474849,4.594566,
2004-03-16,4.292847,4.524193,4.641802,
2004-03-17,4.308367,4.520977,4.633957,
2004-03-18,4.335378,4.527682,4.638296,
2004-03-19,4.375522,4.555761,4.655147,
2004-03-22,4.376157,4.545360,4.636765,
2004-03-23,4.386525,4.550257,4.638083,
2004-03-24,4.375461,4.538395,4.625397,
2004-03-25,4.368622,4.537183,4.630124,
2004-03-26,4.376797,4.544283,4.644482,
2004-03-29,4.450118,4.641351,4.752169,
2004-03-30,4.449510,4.639004,4.752691,
2004-03-31,4.438642,4.615404,4.718369,
2004-04-01,4.463835,4.642152,4.739852,
2004-04-02,4.572843,4.758918,4.854369,
2004-04-05,4.592607,4.793830,4.897717,
2004-04-06,4.573068,4.781371,4.885778,
2004-04-07,4.550234,4.747015,4.852629,
2004-04-08,4.517828,4.732791,4.854916,
2004-04-13,4.578813,4.819227,4.942697,
2004-04-14,4.587955,4.836182,4.962257,
2004-04-15,4.579405,4.815231,4.933665,
2004-04-16,4.566884,4.785224,4.893725,
2004-04-19,4.583735,4.809360,4.922089,
2004-04-20,4.568742,4.818974,4.949706,
2004-04-21,4.571416,4.827745,4.956573,
2004-04-22,4.549917,4.807277,4.934219,
2004-04-23,4.546740,4.810069,4.940817,
2004-04-26,4.607930,4.849977,4.965909,
2004-04-27,4.624219,4.856065,4.963233,
2004-04-28,4.633548,4.867745,4.977361,
2004-04-29,4.634747,4.866336,4.976606,
2004-04-30,4.622884,4.849096,4.956445,
2004-05-04,4.591946,4.814148,4.923545,
2004-05-05,4.588299,4.817250,4.927102,
2004-05-06,4.651199,4.888086,4.997660,
2004-05-07,4.756438,4.988265,5.078170,
2004-05-10,4.774423,4.989291,5.071964,
2004-05-11,4.741530,4.962740,5.048086,
2004-05-12,4.787845,5.001910,5.073332,
2004-05-13,4.842143,5.045141,5.104730,
2004-05-14,4.820286,5.007301,5.050618,
2004-05-17,4.775672,4.959613,5.004799,
2004-05-18,4.809288,5.007550,5.056888,
2004-05-19,4.903458,5.079245,5.113663,
2004-05-20,4.916700,5.085137,5.110241,
2004-05-21,4.931538,5.084778,5.102165,
2004-05-24,4.963252,5.115523,5.134574,
2004-05-25,4.945332,5.093745,5.108290,
2004-05-26,4.918220,5.063465,5.069814,
2004-05-27,4.925284,5.054993,5.051300,
2004-05-28,4.975889,5.116302,5.106181,
2004-06-01,5.018759,5.162216,5.155539,
2004-06-02,5.045687,5.180125,5.160362,
2004-06-03,5.035981,5.178389,5.157971,
2004-06-04,5.046270,5.192357,5.166565,
2004-06-07,5.046708,5.183152,5.153232,
2004-06-08,5.031898,5.162733,5.132583,
2004-06-09,5.067958,5.214006,5.189838,
2004-06-10,5.046119,5.180666,5.157141,
2004-06-11,5.048334,5.192968,5.182304,
2004-06-14,5.088289,5.214704,5.190225,
2004-06-15,5.030243,5.131163,5.097678,
2004-06-16,5.042016,5.168655,5.149233,
2004-06-17,5.094795,5.205025,5.167201,
2004-06-18,5.042515,5.148949,5.116426,
2004-06-21,5.023809,5.139287,5.111608,
2004-06-22,5.027329,5.149914,5.127551,
2004-06-23,4.968254,5.107986,5.110385,
2004-06-24,4.927471,5.051382,5.050287,
2004-06-25,4.945995,5.078291,5.078127,
2004-06-28,4.953553,5.111239,5.121768,
2004-06-29,4.952439,5.107480,5.118296,
2004-06-30,4.889126,5.038999,5.058659,
2004-07-01,4.893853,5.051068,5.052845,
2004-07-02,4.864423,5.005245,4.999871,
2004-07-05,4.880390,5.024468,5.013218,
2004-07-06,4.898106,5.033924,5.013079,
2004-07-07,4.898535,5.021134,4.989300,
2004-07-08,4.886693,5.015367,4.989878,
2004-07-09,4.898247,5.034622,5.009457,
2004-07-12,4.901424,5.027813,4.996691,
2004-07-13,4.946699,5.089170,5.063209,
2004-07-14,4.928726,5.069950,5.042368,
2004-07-15,4.924964,5.075459,5.053080,
2004-07-16,4.836087,4.989577,4.985257,
2004-07-19,4.840239,4.998962,4.991880,
2004-07-20,4.840703,5.002836,4.999160,
2004-07-21,4.928965,5.096463,5.086649,
2004-07-22,4.950950,5.085480,5.056950,
2004-07-23,4.983934,5.111614,5.073972,
2004-07-26,4.996646,5.132498,5.097156,
2004-07-27,5.013575,5.154792,5.117309,
2004-07-28,5.019518,5.171626,5.140173,
2004-07-29,5.024541,5.169022,5.132903,
2004-07-30,4.982460,5.095828,5.051768,
2004-08-02,4.982711,5.098366,5.053255,
2004-08-03,4.990280,5.100025,5.047802,
2004-08-04,4.982153,5.090616,5.037871,
2004-08-05,4.895333,4.999082,4.960293,
2004-08-06,4.809122,4.914537,4.889929,
2004-08-09,4.837811,4.949960,4.925197,
2004-08-10,4.827272,4.928692,4.901018,
2004-08-11,4.862143,4.975816,4.946169,
2004-08-12,4.821378,4.930617,4.907257,
2004-08-13,4.811006,4.916933,4.901479,
2004-08-16,4.840512,4.951779,4.951305,
2004-08-17,4.834094,4.939570,4.939121,
2004-08-18,4.811619,4.922268,4.933020,
2004-08-19,4.803428,4.916627,4.929108,
2004-08-20,4.791486,4.896716,4.907762,
2004-08-23,4.849367,4.977977,4.994358,
2004-08-24,4.855743,4.971876,4.981788,
2004-08-25,4.818736,4.928260,4.939213,
2004-08-26,4.806874,4.901300,4.907335,
2004-08-27,4.779999,4.901480,4.915773,
2004-08-31,4.729529,4.858497,4.881019,
2004-09-01,4.711732,4.858078,4.893629,
2004-09-02,4.737081,4.889716,4.926697,
2004-09-03,4.785359,4.948353,4.986081,
2004-09-06,4.742680,4.894185,4.936241,
2004-09-07,4.762227,4.908175,4.945116,
2004-09-08,4.761701,4.900851,4.932101,
2004-09-09,4.731115,4.863651,4.890192,
2004-09-10,4.708016,4.839814,4.872029,
2004-09-13,4.719998,4.857124,4.891439,
2004-09-14,4.694561,4.836502,4.875141,
2004-09-15,4.715113,4.853885,4.879597,
2004-09-16,4.767945,4.880951,4.881029,
2004-09-17,4.745015,4.860407,4.861736,
2004-09-20,4.735688,4.841992,4.841459,
2004-09-21,4.706408,4.823701,4.831490,
2004-09-22,4.659725,4.769197,4.780925,
2004-09-23,4.667067,4.757707,4.757655,
2004-09-24,4.690998,4.778978,4.777221,
2004-09-27,4.655871,4.741502,4.744961,
2004-09-28,4.653477,4.751885,4.760498,
2004-09-29,4.624375,4.748883,4.783150,
2004-09-30,4.612302,4.743322,4.787753,
2004-10-01,4.616557,4.764746,4.822514,
2004-10-04,4.644612,4.786543,4.847354,
2004-10-05,4.607582,4.737622,4.799257,
2004-10-06,4.596828,4.732342,4.796671,
2004-10-07,4.602961,4.748468,4.822675,
2004-10-08,4.555227,4.685396,4.753537,
2004-10-11,4.552901,4.690571,4.763321,
2004-10-12,4.501661,4.636099,4.714213,
2004-10-13,4.516269,4.644076,4.717735,
2004-10-14,4.510478,4.627934,4.691524,
2004-10-15,4.527868,4.640459,4.694617,
2004-10-18,4.505110,4.622822,4.683282,
2004-10-19,4.521271,4.650134,4.715212,
2004-10-20,4.452041,4.575124,4.650774,
2004-10-21,4.483147,4.596552,4.662856,
2004-10-22,4.459734,4.588012,4.662593,
2004-10-25,4.433753,4.566472,4.645538,
2004-10-26,4.450386,4.578435,4.656028,
2004-10-27,4.480782,4.606189,4.678525,
2004-10-28,4.519204,4.643984,4.713670,
2004-10-29,4.505483,4.626703,4.700229,
2004-11-01,4.504405,4.630046,4.705929,
2004-11-02,4.572255,4.700017,4.772283,
2004-11-03,4.565748,4.684334,4.754086,
2004-11-04,4.535185,4.638947,4.699530,
2004-11-05,4.589514,4.696815,4.751425,
2004-11-08,4.588533,4.689330,4.741149,
2004-11-09,4.573300,4.665671,4.714280,
2004-11-10,4.524986,4.640664,4.710686,
2004-11-11,4.479855,4.587595,4.657013,
2004-11-12,4.450762,4.552110,4.620423,
2004-11-15,4.433415,4.534919,4.601119,
2004-11-16,4.444701,4.520762,4.583355,
2004-11-17,4.471406,4.555009,4.615951,
2004-11-18,4.518665,4.612243,4.666877,
2004-11-19,4.517090,4.603569,4.641357,
2004-11-22,4.487513,4.563609,4.597796,
2004-11-23,4.448838,4.536387,4.582611,
2004-11-24,4.430934,4.524430,4.577605,
2004-11-25,4.381870,4.474779,4.540662,
2004-11-26,4.352147,4.460916,4.540722,
2004-11-29,4.340175,4.468552,4.566071,
2004-11-30,4.364877,4.473016,4.560561,
2004-12-01,4.415588,4.516984,4.585425,
2004-12-02,4.455809,4.567670,4.639700,
2004-12-03,4.432249,4.528615,4.606066,
2004-12-06,4.386995,4.481060,4.560289,
2004-12-07,4.364838,4.455546,4.536603,
2004-12-08,4.353511,4.436261,4.512437,
2004-12-09,4.333360,4.411112,4.487581,
2004-12-10,4.338563,4.408301,4.483296,
2004-12-13,4.331361,4.394891,4.468191,
2004-12-14,4.348237,4.402352,4.467031,
2004-12-15,4.324535,4.358916,4.414663,
2004-12-16,4.372665,4.390749,4.423459,
2004-12-17,4.416361,4.420637,4.440274,
2004-12-20,4.416673,4.406905,4.411329,
2004-12-21,4.415671,4.420195,4.437988,
2004-12-22,4.369934,4.381704,4.414334,
2004-12-23,4.337652,4.363707,4.405826,
2004-12-24,4.334208,4.365921,4.410578,
2004-12-29,4.411076,4.475996,4.534556,
2004-12-30,4.405696,4.470918,4.530996,
2004-12-31,4.382959,4.428658,4.487161,
2005-01-04,4.371053,4.416740,4.479445,
2005-01-05,4.376989,4.425447,4.496910,
2005-01-06,4.344965,4.394556,4.466516,
2005-01-07,4.348439,4.393491,4.458548,
2005-01-10,4.337310,4.384269,4.453714,
2005-01-11,4.338248,4.392284,4.462766,
2005-01-12,4.338960,4.395757,4.472127,
2005-01-13,4.304112,4.359704,4.440730,
2005-01-14,4.312488,4.370317,4.450033,
2005-01-17,4.285060,4.357432,4.441545,
2005-01-18,4.392774,4.441502,4.491532,
2005-01-19,4.411582,4.462400,4.512277,
2005-01-20,4.431743,4.495190,4.551001,
2005-01-21,4.389669,4.470943,4.549992,
2005-01-24,4.390313,4.468242,4.543640,
2005-01-25,4.393058,4.461033,4.535095,
2005-01-26,4.418873,4.480401,4.546414,
2005-01-27,4.443660,4.500492,4.570731,
2005-01-28,4.425690,4.474792,4.543309,
2005-01-31,4.433435,4.476947,4.541874,
2005-02-01,4.428953,4.463725,4.524801,
2005-02-02,4.432958,4.467118,4.528142,
2005-02-03,4.454657,4.486635,4.540773,
2005-02-04,4.425099,4.423906,4.457734,
2005-02-07,4.439717,4.414541,4.431320,
2005-02-08,4.463523,4.420707,4.415333,
2005-02-09,4.482801,4.429599,4.399383,
2005-02-10,4.468101,4.433166,4.420417,
2005-02-11,4.494467,4.460854,4.447305,
2005-02-14,4.537804,4.504937,4.491075,
2005-02-15,4.529765,4.505912,4.497772,
2005-02-16,4.514408,4.510375,4.499259,
2005-02-17,4.531096,4.535310,4.531545,
2005-02-18,4.547853,4.575735,4.592820,
2005-02-21,4.594582,4.622075,4.630552,
2005-02-22,4.612545,4.627395,4.632734,
2005-02-23,4.657316,4.659813,4.652835,
2005-02-24,4.721411,4.724486,4.708409,
2005-02-25,4.710011,4.695248,4.679508,
2005-02-28,4.698665,4.676094,4.651412,
2005-03-01,4.730281,4.717570,4.705532,
2005-03-02,4.766480,4.765813,4.763897,
2005-03-03,4.755024,4.748466,4.745100,
2005-03-04,4.733225,4.717955,4.711680,
2005-03-07,4.733150,4.722880,4.714670,
2005-03-08,4.775576,4.773162,4.763373,
2005-03-09,4.780325,4.787909,4.786917,
2005-03-10,4.779923,4.792487,4.798471,
2005-03-11,4.765014,4.775381,4.780150,
2005-03-14,4.757166,4.770655,4.780431,
2005-03-15,4.723026,4.716728,4.718367,
2005-03-16,4.700639,4.701134,4.714526,
2005-03-17,4.703388,4.714701,4.745118,
2005-03-18,4.713555,4.732147,4.768124,
2005-03-21,4.714868,4.736914,4.781619,
2005-03-22,4.672134,4.683330,4.726081,
2005-03-23,4.719290,4.738195,4.782502,
2005-03-24,4.710819,4.719334,4.752745,
2005-03-29,4.695198,4.696415,4.725658,
2005-03-30,4.656480,4.651571,4.677321,
2005-03-31,4.616674,4.609915,4.638161,
2005-04-01,4.632848,4.641132,4.684551,
2005-04-04,4.595966,4.597186,4.639284,
2005-04-05,4.607916,4.611632,4.657994,
2005-04-06,4.596575,4.595435,4.638615,
2005-04-07,4.551424,4.551894,4.599086,
2005-04-08,4.574708,4.586268,4.638825,
2005-04-11,4.573570,4.581468,4.631251,
2005-04-12,4.575462,4.584424,4.633955,
2005-04-13,4.546504,4.559523,4.615446,
2005-04-14,4.545598,4.552381,4.602530,
2005-04-15,4.509885,4.510433,4.560453,
2005-04-18,4.488625,4.484958,4.530003,
2005-04-19,4.524315,4.505318,4.538050,
2005-04-20,4.550232,4.518974,4.536785,
2005-04-21,4.530649,4.507624,4.531194,
2005-04-22,4.537626,4.515043,4.539890,
2005-04-25,4.534999,4.506682,4.522019,
2005-04-26,4.520456,4.497950,4.521032,
2005-04-27,4.501148,4.475591,4.498614,
2005-04-28,4.478224,4.453738,4.486272,
2005-04-29,4.477230,4.448049,4.474917,
2005-05-03,4.456846,4.428409,4.456830,
2005-05-04,4.466783,4.455725,4.493302,
2005-05-05,4.442504,4.432835,4.474787,
2005-05-06,4.479664,4.495167,4.548132,
2005-05-09,4.452035,4.460727,4.513835,
2005-05-10,4.428434,4.416611,4.458571,
2005-05-11,4.342383,4.336686,4.392656,
2005-05-12,4.309052,4.304313,4.366609,
2005-05-13,4.266435,4.260413,4.327408,
2005-05-16,4.273095,4.274212,4.327378,
2005-05-17,4.263147,4.258579,4.310590,
2005-05-18,4.252271,4.249558,4.306061,
2005-05-19,4.277965,4.269570,4.325007,
2005-05-20,4.291563,4.294067,4.351840,
2005-05-23,4.257699,4.257226,4.317310,
2005-05-24,4.236590,4.229368,4.288839,
2005-05-25,4.221648,4.215457,4.277206,
2005-05-26,4.270335,4.260438,4.321092,
2005-05-27,4.281924,4.284192,4.356759,
2005-05-31,4.222927,4.209410,4.281122,
2005-06-01,4.170608,4.143060,4.216465,
2005-06-02,4.169388,4.139474,4.207142,
2005-06-03,4.179105,4.157990,4.228644,
2005-06-06,4.202119,4.181276,4.248607,
2005-06-07,4.177095,4.145661,4.209196,
2005-06-08,4.163668,4.121058,4.178799,
2005-06-09,4.190291,4.148905,4.203420,
2005-06-10,4.209514,4.166722,4.217427,
2005-06-13,4.224007,4.201935,4.259654,
2005-06-14,4.274093,4.242134,4.287527,
2005-06-15,4.304300,4.295026,4.358773,
2005-06-16,4.303632,4.309181,4.380326,
2005-06-17,4.288681,4.292382,4.360632,
2005-06-20,4.307854,4.312599,4.383128,
2005-06-21,4.257524,4.246241,4.317621,
2005-06-22,4.142485,4.141775,4.230436,
2005-06-23,4.114193,4.133041,4.236798,
2005-06-24,4.103012,4.108051,4.198273,
2005-06-27,4.064086,4.065792,4.154922,
2005-06-28,4.103102,4.115649,4.204106,
2005-06-29,4.087228,4.097474,4.192008,
2005-06-30,4.023499,4.042498,4.150849,
2005-07-01,4.051060,4.090115,4.183178,
2005-07-04,4.059540,4.100994,4.195166,
2005-07-05,4.107134,4.151557,4.238629,
2005-07-06,4.109838,4.166664,4.258226,
2005-07-07,3.998600,4.074910,4.180032,
2005-07-08,4.027536,4.087873,4.189794,
2005-07-11,4.087826,4.161070,4.267699,
2005-07-12,4.107789,4.176838,4.282818,
2005-07-13,4.091953,4.175817,4.294836,
2005-07-14,4.101597,4.198845,4.323361,
2005-07-15,4.090447,4.190656,4.316325,
2005-07-18,4.058724,4.150861,4.272661,
2005-07-19,4.086332,4.185999,4.306724,
2005-07-20,4.090996,4.201773,4.326684,
2005-07-21,4.153774,4.234385,4.333283,
2005-07-22,4.087561,4.169107,4.271113,
2005-07-25,4.078631,4.160224,4.258936,
2005-07-26,4.110681,4.190710,4.283387,
2005-07-27,4.117745,4.189393,4.274993,
2005-07-28,4.132733,4.204651,4.284187,
2005-07-29,4.152434,4.218382,4.288369,
2005-08-01,4.214213,4.273297,4.333076,
2005-08-02,4.216092,4.286588,4.354169,
2005-08-03,4.230061,4.292908,4.353868,
2005-08-04,4.185516,4.263711,4.337290,
2005-08-05,4.230087,4.321047,4.392754,
2005-08-08,4.225089,4.304735,4.371374,
2005-08-09,4.231270,4.309797,4.376812,
2005-08-10,4.263396,4.322626,4.369896,
2005-08-11,4.274073,4.330509,4.375204,
2005-08-12,4.233864,4.272505,4.307991,
2005-08-15,4.222024,4.262238,4.299355,
2005-08-16,4.210538,4.233135,4.284830,
2005-08-17,4.211356,4.223416,4.272448,
2005-08-18,4.197724,4.194048,4.236607,
2005-08-19,4.193271,4.201470,4.255233,
2005-08-22,4.178028,4.188119,4.254314,
2005-08-23,4.168443,4.169464,4.234875,
2005-08-24,4.152557,4.157057,4.224521,
2005-08-25,4.131109,4.133924,4.201054,
2005-08-26,4.126005,4.131663,4.179603,
2005-08-30,4.088008,4.091740,4.143683,
2005-08-31,4.062584,4.067079,4.123799,
2005-09-01,4.035562,4.028931,4.083500,
2005-09-02,4.054995,4.055878,4.104710,
2005-09-05,4.059693,4.061775,4.112820,
2005-09-06,4.080817,4.099920,4.157493,
2005-09-07,4.108843,4.127278,4.179600,
2005-09-08,4.099101,4.108921,4.155196,
2005-09-09,4.075747,4.079427,4.124290,
2005-09-12,4.150584,4.159479,4.196256,
2005-09-13,4.127667,4.122129,4.153871,
2005-09-14,4.129246,4.113498,4.138496,
2005-09-15,4.122686,4.113433,4.153938,
2005-09-16,4.164814,4.162676,4.206319,
2005-09-19,4.129431,4.132651,4.180857,
2005-09-20,4.134877,4.137567,4.182236,
2005-09-21,4.086050,4.080375,4.121984,
2005-09-22,4.087586,4.092321,4.141260,
2005-09-23,4.115564,4.126463,4.174134,
2005-09-26,4.164740,4.196888,4.250135,
2005-09-27,4.199209,4.211897,4.248777,
2005-09-28,4.177329,4.189610,4.223770,
2005-09-29,4.142849,4.174482,4.223814,
2005-09-30,4.150290,4.191476,4.246411,
2005-10-03,4.157742,4.208640,4.271066,
2005-10-04,4.143497,4.184556,4.242811,
2005-10-05,4.130852,4.172630,4.226258,
2005-10-06,4.101790,4.159343,4.222482,
2005-10-07,4.099401,4.169761,4.233724,
2005-10-10,4.076307,4.153526,4.221666,
2005-10-11,4.108457,4.179415,4.240103,
2005-10-12,4.150496,4.229120,4.289751,
2005-10-13,4.198421,4.292290,4.359853,
2005-10-14,4.225795,4.312868,4.375786,
2005-10-17,4.243587,4.326671,4.381483,
2005-10-18,4.214760,4.302942,4.364661,
2005-10-19,4.215666,4.284194,4.332497,
2005-10-20,4.275724,4.333374,4.361206,
2005-10-21,4.246083,4.295937,4.323576,
2005-10-24,4.247353,4.289174,4.312924,
2005-10-25,4.285826,4.337807,4.364430,
2005-10-26,4.295703,4.353494,4.382221,
2005-10-27,4.282033,4.334572,4.357398,
2005-10-28,4.282326,4.308390,4.304107,
2005-10-31,4.265750,4.287783,4.282256,
2005-11-01,4.297029,4.303085,4.283319,
2005-11-02,4.342456,4.363170,4.350530,
2005-11-03,4.365024,4.397287,4.381189,
2005-11-04,4.372955,4.397772,4.377874,
2005-11-07,4.352270,4.386001,4.365759,
2005-11-08,4.330882,4.362102,4.340900,
2005-11-09,4.359837,4.403186,4.382518,
2005-11-10,4.362647,4.398903,4.373687,
2005-11-11,4.375635,4.407102,4.379065,
2005-11-14,4.364994,4.394815,4.366094,
2005-11-15,4.321077,4.325553,4.278824,
2005-11-16,4.229242,4.201842,4.148568,
2005-11-17,4.220036,4.209781,4.176625,
2005-11-18,4.243124,4.238796,4.212251,
2005-11-21,4.207701,4.195259,4.166283,
2005-11-22,4.214223,4.211353,4.189657,
2005-11-23,4.217959,4.215593,4.195216,
2005-11-24,4.189357,4.177551,4.152101,
2005-11-25,4.190635,4.178100,4.149366,
2005-11-28,4.190817,4.181985,4.152346,
2005-11-29,4.225470,4.220344,4.188502,
2005-11-30,4.234158,4.209040,4.166546,
2005-12-01,4.201588,4.168555,4.129578,
2005-12-02,4.223109,4.199324,4.168425,
2005-12-05,4.254590,4.240373,4.219566,
2005-12-06,4.244722,4.217850,4.187451,
2005-12-07,4.295183,4.272555,4.234965,
2005-12-08,4.281117,4.240532,4.189065,
2005-12-09,4.358140,4.327256,4.266545,
2005-12-12,4.344897,4.305054,4.237055,
2005-12-13,4.320288,4.290423,4.231493,
2005-12-14,4.302010,4.277534,4.221290,
2005-12-15,4.317626,4.284458,4.221389,
2005-12-16,4.298924,4.251246,4.173889,
2005-12-19,4.217823,4.195134,4.136777,
2005-12-20,4.203802,4.181597,4.120976,
2005-12-21,4.202418,4.205094,4.159013,
2005-12-22,4.167189,4.173425,4.133811,
2005-12-23,4.156234,4.166950,4.129126,
2005-12-28,4.123775,4.117155,4.063493,
2005-12-29,4.132302,4.124584,4.072574,
2005-12-30,4.125301,4.107288,4.047616,
2006-01-03,4.130443,4.102301,4.056850,
2006-01-04,4.107712,4.069323,4.021743,
2006-01-05,4.117287,4.076560,4.015594,
2006-01-06,4.148363,4.092225,4.016638,
2006-01-09,4.188677,4.125313,4.042051,
2006-01-10,4.215357,4.158671,4.075740,
2006-01-11,4.195385,4.138925,4.053301,
2006-01-12,4.178985,4.110324,4.017543,
2006-01-13,4.152735,4.084490,3.992749,
2006-01-16,4.139036,4.075113,3.985314,
2006-01-17,4.112823,4.029223,3.921463,
2006-01-18,4.128676,4.032385,3.903344,
2006-01-19,4.166003,4.090642,3.969681,
2006-01-20,4.185573,4.101761,3.968718,
2006-01-23,4.176974,4.087786,3.945507,
2006-01-24,4.202496,4.109894,3.962596,
2006-01-25,4.250472,4.171676,4.035865,
2006-01-26,4.273744,4.209133,4.104398,
2006-01-27,4.264827,4.212552,4.127288,
2006-01-30,4.244652,4.189741,4.104865,
2006-01-31,4.246628,4.178494,4.078275,
2006-02-01,4.288386,4.223441,4.115920,
2006-02-02,4.303281,4.244171,4.140524,
2006-02-03,4.260325,4.210728,4.114259,
2006-02-06,4.263853,4.216193,4.121832,
2006-02-07,4.245666,4.217133,4.151402,
2006-02-08,4.228101,4.206749,4.149101,
2006-02-09,4.204585,4.165100,4.095210,
2006-02-10,4.201695,4.158941,4.079399,
2006-02-13,4.205815,4.184589,4.126018,
2006-02-14,4.140585,4.133816,4.097984,
2006-02-15,4.183922,4.171980,4.129809,
2006-02-16,4.158445,4.142439,4.089539,
2006-02-17,4.145006,4.114189,4.049167,
2006-02-20,4.152103,4.109720,4.033949,
2006-02-21,4.158733,4.118451,4.044841,
2006-02-22,4.187762,4.122102,4.024367,
2006-02-23,4.205105,4.143297,4.046530,
2006-02-24,4.257254,4.191929,4.102652,
2006-02-27,4.304788,4.243675,4.152933,
2006-02-28,4.284442,4.216266,4.119172,
2006-03-01,4.284085,4.206160,4.100786,
2006-03-02,4.321190,4.255103,4.157305,
2006-03-03,4.350115,4.289041,4.185597,
2006-03-06,4.339463,4.283952,4.185763,
2006-03-07,4.352526,4.289934,4.189342,
2006-03-08,4.339989,4.295718,4.218374,
2006-03-09,4.347568,4.313322,4.250909,
2006-03-10,4.370229,4.340967,4.286583,
2006-03-13,4.389353,4.354495,4.288516,
2006-03-14,4.352204,4.315097,4.251412,
2006-03-15,4.354045,4.324240,4.264748,
2006-03-16,4.344760,4.320549,4.254818,
2006-03-17,4.366184,4.358771,4.308853,
2006-03-20,4.360961,4.341977,4.288336,
2006-03-21,4.386311,4.362559,4.303642,
2006-03-22,4.378726,4.343854,4.264877,
2006-03-23,4.392001,4.358841,4.276698,
2006-03-24,4.384052,4.352992,4.271279,
2006-03-27,4.377033,4.354186,4.284116,
2006-03-28,4.407464,4.396894,4.337821,
2006-03-29,4.420049,4.399479,4.331423,
2006-03-30,4.420596,4.401122,4.332154,
2006-03-31,4.418637,4.402699,4.344364,
2006-04-03,4.420926,4.413084,4.365878,
2006-04-04,4.430928,4.420637,4.370987,
2006-04-05,4.381510,4.379619,4.340970,
2006-04-06,4.404050,4.407710,4.376823,
2006-04-07,4.400517,4.399712,4.363821,
2006-04-10,4.421955,4.426596,4.394787,
2006-04-11,4.430761,4.434127,4.403564,
2006-04-12,4.433101,4.438524,4.411853,
2006-04-13,4.496344,4.508340,4.481234,
2006-04-18,4.488305,4.501142,4.473264,
2006-04-19,4.491664,4.501804,4.466959,
2006-04-20,4.465444,4.486720,4.462561,
2006-04-21,4.478304,4.510555,4.495456,
2006-04-24,4.507228,4.541042,4.526912,
2006-04-25,4.561653,4.604059,4.587340,
2006-04-26,4.606153,4.649769,4.629836,
2006-04-27,4.598437,4.634378,4.605583,
2006-04-28,4.579831,4.619116,4.584456,
2006-05-02,4.618877,4.641270,4.585981,
2006-05-03,4.656924,4.676557,4.608174,
2006-05-04,4.706851,4.715092,4.639256,
2006-05-05,4.702167,4.703604,4.626984,
2006-05-08,4.726863,4.725995,4.645696,
2006-05-09,4.741232,4.737813,4.654679,
2006-05-10,4.697589,4.702467,4.634264,
2006-05-11,4.747756,4.747537,4.671514,
2006-05-12,4.780633,4.771804,4.681434,
2006-05-15,4.738896,4.715438,4.618630,
2006-05-16,4.706819,4.676214,4.555157,
2006-05-17,4.765997,4.753313,4.639460,
2006-05-18,4.704124,4.653387,4.511570,
2006-05-19,4.708399,4.667987,4.540694,
2006-05-22,4.668020,4.625768,4.503304,
2006-05-23,4.694315,4.666654,4.561110,
2006-05-24,4.664786,4.629441,4.521325,
2006-05-25,4.630059,4.589474,4.485688,
2006-05-26,4.637926,4.596753,4.492427,
2006-05-30,4.657365,4.620083,4.519788,
2006-05-31,4.670674,4.635915,4.538917,
2006-06-01,4.698401,4.671614,4.583859,
2006-06-02,4.664034,4.626091,4.534152,
2006-06-05,4.669227,4.638187,4.549818,
2006-06-06,4.703759,4.686562,4.607168,
2006-06-07,4.699706,4.670013,4.579193,
2006-06-08,4.666914,4.641047,4.560397,
2006-06-09,4.641888,4.608490,4.519274,
2006-06-12,4.633840,4.591700,4.495291,
2006-06-13,4.630697,4.572846,4.465724,
2006-06-14,4.647021,4.589851,4.479893,
2006-06-15,4.729718,4.678270,4.565423,
2006-06-16,4.730494,4.671170,4.551654,
2006-06-19,4.775966,4.722425,4.604497,
2006-06-20,4.813912,4.775110,4.659257,
2006-06-21,4.804208,4.771063,4.659156,
2006-06-22,4.795806,4.776703,4.675696,
2006-06-23,4.815635,4.795686,4.688603,
2006-06-26,4.823552,4.792792,4.674567,
2006-06-27,4.820742,4.789301,4.675956,
2006-06-28,4.825689,4.795972,4.684615,
2006-06-29,4.791342,4.763775,4.659752,
2006-06-30,4.752519,4.740997,4.653188,
2006-07-03,4.779997,4.780537,4.683570,
2006-07-04,4.750240,4.739760,4.634925,
2006-07-05,4.770095,4.769975,4.668835,
2006-07-06,4.753208,4.734409,4.631522,
2006-07-07,4.710136,4.690118,4.594315,
2006-07-10,4.730938,4.708885,4.610284,
2006-07-11,4.716448,4.685421,4.580753,
2006-07-12,4.741833,4.719929,4.617332,
2006-07-13,4.714098,4.688605,4.584296,
2006-07-14,4.673659,4.636693,4.527644,
2006-07-17,4.692557,4.666762,4.564214,
2006-07-18,4.769627,4.724940,4.599070,
2006-07-19,4.759708,4.703128,4.571196,
2006-07-20,4.757653,4.698101,4.566675,
2006-07-21,4.728742,4.671909,4.550780,
2006-07-24,4.719263,4.661043,4.542283,
2006-07-25,4.736280,4.687766,4.572477,
2006-07-26,4.747249,4.702997,4.597910,
2006-07-27,4.712102,4.673926,4.559489,
2006-07-28,4.693723,4.651333,4.538093,
2006-07-31,4.711696,4.666374,4.548406,
2006-08-01,4.733741,4.681173,4.560587,
2006-08-02,4.748770,4.704251,4.590344,
2006-08-03,4.863455,4.803898,4.668889,
2006-08-04,4.889069,4.793705,4.632026,
2006-08-07,4.893683,4.779694,4.602181,
2006-08-08,4.911083,4.785159,4.594228,
2006-08-09,4.899911,4.788123,4.608911,
2006-08-10,4.911141,4.804025,4.629245,
2006-08-11,4.945889,4.847706,4.677135,
2006-08-14,4.979566,4.874029,4.692302,
2006-08-15,4.953791,4.845120,4.663679,
2006-08-16,4.907367,4.796530,4.636980,
2006-08-17,4.873964,4.764533,4.610172,
2006-08-18,4.848059,4.724090,4.560820,
2006-08-21,4.822267,4.683973,4.519924,
2006-08-22,4.792573,4.646869,4.488312,
2006-08-23,4.810407,4.665327,4.506157,
2006-08-24,4.816728,4.669347,4.505521,
2006-08-25,4.821939,4.667168,4.496454,
2006-08-29,4.824881,4.677897,4.494385,
2006-08-30,4.816840,4.663613,4.473550,
2006-08-31,4.806079,4.638491,4.435740,
2006-09-01,4.781154,4.618175,4.424825,
2006-09-04,4.786493,4.634450,4.451917,
2006-09-05,4.794701,4.650182,4.474206,
2006-09-06,4.810388,4.670761,4.494976,
2006-09-07,4.811298,4.666469,4.488170,
2006-09-08,4.793940,4.645858,4.462285,
2006-09-11,4.825279,4.679919,4.492111,
2006-09-12,4.870007,4.727099,4.531853,
2006-09-13,4.860296,4.696401,4.491338,
2006-09-14,4.870073,4.702938,4.494864,
2006-09-15,4.885858,4.711332,4.496882,
2006-09-18,4.943950,4.777741,4.568160,
2006-09-19,4.916902,4.750412,4.539111,
2006-09-20,4.913250,4.738148,4.521939,
2006-09-21,4.913074,4.725496,4.494455,
2006-09-22,4.843737,4.641231,4.416154,
2006-09-25,4.817989,4.605704,4.377319,
2006-09-26,4.817728,4.606902,4.383247,
2006-09-27,4.804344,4.604526,4.396963,
2006-09-28,4.794754,4.610677,4.416837,
2006-09-29,4.817369,4.639700,4.446553,
2006-10-02,4.845373,4.657898,4.453071,
2006-10-03,4.879228,4.691439,4.474821,
2006-10-04,4.860055,4.670020,4.449596,
2006-10-05,4.844157,4.656153,4.442554,
2006-10-06,4.874928,4.698780,4.484915,
2006-10-09,4.875638,4.694572,4.479482,
2006-10-10,4.920172,4.748650,4.530391,
2006-10-11,4.919427,4.752958,4.533336,
2006-10-12,4.924908,4.759724,4.538004,
2006-10-13,4.952169,4.790396,4.564851,
2006-10-16,4.942763,4.784517,4.563918,
2006-10-17,4.938977,4.775199,4.549690,
2006-10-18,4.944155,4.787336,4.565830,
2006-10-19,4.943765,4.795815,4.584203,
2006-10-20,4.978247,4.828795,4.606287,
2006-10-23,5.000371,4.845694,4.615269,
2006-10-24,5.005676,4.850667,4.616451,
2006-10-25,5.013879,4.854596,4.612725,
2006-10-26,4.985895,4.820080,4.571875,
2006-10-27,4.957023,4.768276,4.504755,
2006-10-30,4.961443,4.747809,4.468568,
2006-10-31,4.920357,4.696391,4.420391,
2006-11-01,4.897395,4.682922,4.419055,
2006-11-02,4.923928,4.721385,4.463258,
2006-11-03,4.964601,4.761576,4.490283,
2006-11-06,4.987075,4.784773,4.511933,
2006-11-07,4.962994,4.741882,4.451963,
2006-11-08,4.985396,4.765360,4.473879,
2006-11-09,4.964604,4.737466,4.447486,
2006-11-10,4.937246,4.713974,4.426500,
2006-11-13,4.962539,4.749351,4.466382,
2006-11-14,4.925141,4.716168,4.442459,
2006-11-15,4.912614,4.723970,4.467697,
2006-11-16,4.936343,4.734610,4.479848,
2006-11-17,4.925987,4.724098,4.470723,
2006-11-20,4.914281,4.707226,4.445215,
2006-11-21,4.930768,4.721077,4.450269,
2006-11-22,4.930768,4.725142,4.455220,
2006-11-23,4.945143,4.746352,4.481880,
2006-11-24,4.915330,4.704069,4.429782,
2006-11-27,4.941680,4.738586,4.468473,
2006-11-28,4.916998,4.708202,4.432928,
2006-11-29,4.934240,4.720488,4.437321,
2006-11-30,4.915452,4.691647,4.405943,
2006-12-01,4.877891,4.645769,4.363849,
2006-12-04,4.848599,4.634247,4.367485,
2006-12-05,4.852825,4.650251,4.398868,
2006-12-06,4.851835,4.651070,4.399866,
2006-12-07,4.874245,4.677663,4.422929,
2006-12-08,4.902517,4.705623,4.447863,
2006-12-11,4.939472,4.746521,4.488181,
2006-12-12,4.974186,4.777652,4.507662,
2006-12-13,4.995995,4.796244,4.523484,
2006-12-14,5.041313,4.846297,4.574830,
2006-12-15,5.043245,4.845314,4.570657,
2006-12-18,5.061939,4.867249,4.590151,
2006-12-19,5.076191,4.893385,4.622156,
2006-12-20,5.078937,4.883602,4.598367,
2006-12-21,5.094533,4.900275,4.611527,
2006-12-22,5.097474,4.903650,4.615636,
2006-12-27,5.131979,4.953338,4.668403,
2006-12-28,5.125149,4.950208,4.672975,
2006-12-29,5.097226,4.911740,4.626138,
2007-01-02,5.107666,4.927218,4.643422,
2007-01-03,5.116685,4.940154,4.674656,
2007-01-04,5.111957,4.926529,4.658755,
2007-01-05,5.130288,4.949348,4.687665,
2007-01-08,5.135175,4.941867,4.673814,
2007-01-09,5.148246,4.956295,4.684438,
2007-01-10,5.152639,4.960679,4.692244,
2007-01-11,5.267281,5.039119,4.730563,
2007-01-12,5.318694,5.080147,4.779341,
2007-01-15,5.314240,5.072376,4.775032,
2007-01-16,5.310790,5.066023,4.762037,
2007-01-17,5.348212,5.092851,4.767552,
2007-01-18,5.368836,5.108068,4.778700,
2007-01-19,5.376888,5.115135,4.775427,
2007-01-22,5.390487,5.113118,4.756442,
2007-01-23,5.399640,5.123659,4.765936,
2007-01-24,5.358644,5.118793,4.782441,
2007-01-25,5.391696,5.163533,4.832506,
2007-01-26,5.395511,5.158821,4.855258,
2007-01-29,5.403377,5.178817,4.882674,
2007-01-30,5.374083,5.150595,4.861257,
2007-01-31,5.374067,5.146540,4.848770,
2007-02-01,5.404754,5.177782,4.875783,
2007-02-02,5.418057,5.180978,4.870166,
2007-02-05,5.421997,5.178664,4.854808,
2007-02-06,5.425931,5.177447,4.852680,
2007-02-07,5.395129,5.146613,4.829841,
2007-02-08,5.334420,5.086893,4.792753,
2007-02-09,5.352956,5.127081,4.843898,
2007-02-12,5.356932,5.137516,4.857579,
2007-02-13,5.302431,5.097887,4.833817,
2007-02-14,5.306702,5.098070,4.828641,
2007-02-15,5.238525,5.010357,4.725545,
2007-02-16,5.253417,5.023846,4.733264,
2007-02-19,5.268708,5.039212,4.748920,
2007-02-20,5.282929,5.051386,4.766269,
2007-02-21,5.265159,5.031714,4.741654,
2007-02-22,5.292630,5.073516,4.791286,
2007-02-23,5.275125,5.039602,4.746096,
2007-02-26,5.276232,5.006257,4.726056,
2007-02-27,5.243562,4.981022,4.689046,
2007-02-28,5.234775,4.972917,4.683182,
2007-03-01,5.237447,4.968104,4.674707,
2007-03-02,5.212964,4.951439,4.665541,
2007-03-05,5.176481,4.923474,4.643321,
2007-03-06,5.191003,4.935756,4.656179,
2007-03-07,5.191326,4.936721,4.658614,
2007-03-08,5.179636,4.931511,4.665538,
2007-03-09,5.203291,4.966972,4.708988,
2007-03-12,5.202143,4.960166,4.701157,
2007-03-13,5.166650,4.922068,4.661898,
2007-03-14,5.136807,4.891347,4.630995,
2007-03-15,5.182379,4.938562,4.673767,
2007-03-16,5.181176,4.946843,4.676139,
2007-03-19,5.221186,4.983804,4.704827,
2007-03-20,5.274210,5.018679,4.719282,
2007-03-21,5.267397,5.016972,4.718202,
2007-03-22,5.286482,5.034272,4.752422,
2007-03-23,5.309181,5.074179,4.787318,
2007-03-26,5.314308,5.080610,4.793888,
2007-03-27,5.327529,5.106314,4.827661,
2007-03-28,5.316890,5.092338,4.817007,
2007-03-29,5.343151,5.123491,4.843251,
2007-03-30,5.358738,5.136278,4.855761,
2007-04-02,5.386962,5.155125,4.862187,
2007-04-03,5.406876,5.189545,4.908419,
2007-04-04,5.379394,5.154650,4.878942,
2007-04-05,5.355429,5.144656,4.888087,
2007-04-10,5.365075,5.106399,4.906851,
2007-04-11,5.369567,5.110290,4.909943,
2007-04-12,5.389878,5.139126,4.944004,
2007-04-13,5.409039,5.158359,4.991150,
2007-04-16,5.416536,5.148630,4.963101,
2007-04-17,5.459525,5.168307,4.970785,
2007-04-18,5.427307,5.125488,4.926436,
2007-04-19,5.436915,5.144243,4.949996,
2007-04-20,5.443803,5.148034,4.949410,
2007-04-23,5.433324,5.134883,4.936827,
2007-04-24,5.437399,5.138425,4.939413,
2007-04-25,5.451485,5.144025,4.940034,
2007-04-26,5.465691,5.167559,4.973682,
2007-04-27,5.473412,5.183032,4.997552,
2007-04-30,5.440994,5.126816,4.924910,
2007-05-01,5.476304,5.161051,4.947736,
2007-05-02,5.496662,5.187798,4.982279,
2007-05-03,5.515663,5.216190,5.016136,
2007-05-04,5.507392,5.196797,4.992479,
2007-05-08,5.503750,5.184443,4.969946,
2007-05-09,5.495376,5.179244,4.966178,
2007-05-10,5.500523,5.194064,4.986666,
2007-05-11,5.485427,5.177390,4.963760,
2007-05-14,5.519019,5.222179,5.013274,
2007-05-15,5.507900,5.220652,5.017785,
2007-05-16,5.516429,5.230141,5.004841,
2007-05-17,5.548036,5.258826,5.028822,
2007-05-18,5.546602,5.263184,5.041047,
2007-05-21,5.566182,5.276875,5.048776,
2007-05-22,5.579263,5.283010,5.040351,
2007-05-23,5.635308,5.342749,5.092005,
2007-05-24,5.634411,5.334553,5.074439,
2007-05-25,5.651673,5.353890,5.100618,
2007-05-29,5.659247,5.355243,5.103828,
2007-05-30,5.658085,5.358491,5.116722,
2007-05-31,5.677625,5.375615,5.126239,
2007-06-01,5.716934,5.416664,5.161303,
2007-06-04,5.733901,5.424656,5.162525,
2007-06-05,5.725305,5.436841,5.190017,
2007-06-06,5.674294,5.385704,5.154796,
2007-06-07,5.707703,5.446607,5.229732,
2007-06-08,5.730011,5.482768,5.273671,
2007-06-11,5.725185,5.478708,5.265617,
2007-06-12,5.778392,5.546631,5.320631,
2007-06-13,5.787134,5.575778,5.355340,
2007-06-14,5.729521,5.546146,5.357049,
2007-06-15,5.735927,5.554011,5.367044,
2007-06-18,5.742049,5.567318,5.376477,
2007-06-19,5.720084,5.545037,5.354897,
2007-06-20,5.762058,5.585390,5.387165,
2007-06-21,5.787118,5.599661,5.393223,
2007-06-22,5.794792,5.614691,5.413168,
2007-06-25,5.772610,5.581569,5.377691,
2007-06-26,5.750781,5.558890,5.361484,
2007-06-27,5.716251,5.513995,5.319519,
2007-06-28,5.733187,5.529477,5.326324,
2007-06-29,5.761909,5.562909,5.359212,
2007-07-02,5.722584,5.512494,5.313828,
2007-07-03,5.736675,5.554021,5.357866,
2007-07-04,5.769430,5.585274,5.387145,
2007-07-05,5.786855,5.605700,5.410171,
2007-07-06,5.808003,5.633258,5.439441,
2007-07-09,5.800079,5.630364,5.443852,
2007-07-10,5.733409,5.533092,5.342321,
2007-07-11,5.742485,5.538632,5.339062,
2007-07-12,5.755205,5.586552,5.360254,
2007-07-13,5.769652,5.609774,5.394795,
2007-07-16,5.749112,5.579599,5.361924,
2007-07-17,5.804175,5.615486,5.382438,
2007-07-18,5.768913,5.553033,5.309891,
2007-07-19,5.746286,5.542725,5.308131,
2007-07-20,5.687450,5.492305,5.206443,
2007-07-23,5.692770,5.503387,5.213882,
2007-07-24,5.688926,5.496047,5.207872,
2007-07-25,5.651998,5.457564,5.180467,
2007-07-26,5.555235,5.357634,5.121466,
2007-07-27,5.495907,5.309873,5.107214,
2007-07-30,5.480547,5.281570,5.073373,
2007-07-31,5.550003,5.346049,5.116260,
2007-08-01,5.541988,5.335618,5.106881,
2007-08-02,5.582710,5.376574,5.137232,
2007-08-03,5.576690,5.344030,5.083907,
2007-08-06,5.558213,5.341281,5.094182,
2007-08-07,5.567327,5.351087,5.102251,
2007-08-08,5.640084,5.441719,5.191004,
2007-08-09,5.599515,5.388932,5.154871,
2007-08-10,5.536559,5.343093,5.128854,
2007-08-13,5.551204,5.357408,5.135257,
2007-08-14,5.475717,5.291223,5.082620,
2007-08-15,5.415100,5.236111,5.040044,
2007-08-16,5.348315,5.177731,5.011401,
2007-08-17,5.322992,5.159820,5.007046,
2007-08-20,5.338197,5.166482,4.998800,
2007-08-21,5.260793,5.087833,4.941006,
2007-08-22,5.344328,5.193961,5.027766,
2007-08-23,5.348955,5.166422,4.996116,
2007-08-24,5.346346,5.176258,5.008666,
2007-08-28,5.326668,5.148765,4.983013,
2007-08-29,5.293616,5.103181,4.935530,
2007-08-30,5.283314,5.093998,4.928894,
2007-08-31,5.301837,5.103962,4.935187,
2007-09-03,5.341743,5.146074,4.975696,
2007-09-04,5.349579,5.155740,4.982407,
2007-09-05,5.294285,5.100574,4.940654,
2007-09-06,5.243231,5.069611,4.925061,
2007-09-07,5.147979,4.983310,4.861715,
2007-09-10,5.071121,4.921076,4.818152,
2007-09-11,5.008287,4.887687,4.832209,
2007-09-12,4.994287,4.890690,4.830719,
2007-09-13,5.076683,4.954289,4.847251,
2007-09-14,5.009876,4.886345,4.795104,
2007-09-17,4.988664,4.868280,4.780546,
2007-09-18,5.113026,4.974269,4.867695,
2007-09-19,5.095721,4.989196,4.915990,
2007-09-20,5.135621,5.031783,4.955806,
2007-09-21,5.173018,5.082208,5.007949,
2007-09-24,5.155871,5.064660,4.998925,
2007-09-25,5.073763,4.997187,4.959863,
2007-09-26,5.067707,5.018946,4.993860,
2007-09-27,5.081538,5.024182,5.000174,
2007-09-28,5.006914,4.960384,4.950475,
2007-10-01,4.975661,4.939248,4.935129,
2007-10-02,4.979981,4.924254,4.907429,
2007-10-03,4.971927,4.921216,4.913120,
2007-10-04,4.988664,4.910413,4.884689,
2007-10-05,5.006456,4.923289,4.891975,
2007-10-08,5.026738,4.926920,4.889715,
2007-10-09,5.021236,4.889307,4.827802,
2007-10-10,5.167588,5.013516,4.904262,
2007-10-11,5.158056,5.029322,4.944928,
2007-10-12,5.196334,5.085069,5.003341,
2007-10-15,5.226814,5.101708,5.011104,
2007-10-16,5.180114,5.071785,5.003060,
2007-10-17,5.136160,5.025696,4.961773,
2007-10-18,5.079992,4.962672,4.906982,
2007-10-19,5.021252,4.888320,4.830328,
2007-10-22,4.990576,4.869187,4.815605,
2007-10-23,5.015546,4.890132,4.830447,
2007-10-24,4.969727,4.835839,4.782955,
2007-10-25,4.971482,4.840594,4.797142,
2007-10-26,4.955402,4.832682,4.803614,
2007-10-29,4.960243,4.830019,4.796692,
2007-10-30,5.004574,4.861839,4.815672,
2007-10-31,5.058733,4.920215,4.869266,
2007-11-01,5.053030,4.909692,4.859363,
2007-11-02,4.982939,4.846516,4.805308,
2007-11-05,4.954143,4.837507,4.805864,
2007-11-06,4.942650,4.840208,4.817360,
2007-11-07,4.899092,4.799689,4.780139,
2007-11-08,4.816406,4.734039,4.741236,
2007-11-09,4.740898,4.671751,4.698131,
2007-11-12,4.740150,4.689361,4.718372,
2007-11-13,4.734755,4.680976,4.713139,
2007-11-14,4.700775,4.660320,4.706478,
2007-11-15,4.613273,4.588361,4.653271,
2007-11-16,4.541633,4.533496,4.613654,
2007-11-19,4.516287,4.507529,4.593628,
2007-11-20,4.513024,4.519240,4.612105,
2007-11-21,4.440193,4.453389,4.560170,
2007-11-22,4.383472,4.409886,4.526760,
2007-11-23,4.383288,4.447941,4.578234,
2007-11-26,4.403518,4.449762,4.562061,
2007-11-27,4.468998,4.497744,4.586837,
2007-11-28,4.601527,4.602510,4.668474,
2007-11-29,4.477637,4.478521,4.576578,
2007-11-30,4.540614,4.550746,4.638187,
2007-12-03,4.506419,4.505094,4.589079,
2007-12-04,4.453895,4.446238,4.536524,
2007-12-05,4.386729,4.396904,4.503305,
2007-12-06,4.431302,4.455349,4.564605,
2007-12-07,4.502247,4.546865,4.655297,
2007-12-10,4.518035,4.595356,4.714090,
2007-12-11,4.483978,4.556065,4.682293,
2007-12-12,4.632802,4.705796,4.814600,
2007-12-13,4.608996,4.676314,4.771984,
2007-12-14,4.644611,4.709214,4.795437,
2007-12-17,4.609939,4.669395,4.756514,
2007-12-18,4.604983,4.666075,4.752942,
2007-12-19,4.527839,4.592687,4.688541,
2007-12-20,4.444478,4.489715,4.588198,
2007-12-21,4.486798,4.541018,4.640550,
2007-12-24,4.441615,4.492364,4.593728,
2007-12-27,4.452429,4.519367,4.635628,
2007-12-28,4.385133,4.442481,4.560715,
2007-12-31,4.336463,4.393476,4.517640,
2008-01-02,4.285569,4.335783,4.460320,
2008-01-03,4.278135,4.332677,4.467804,
2008-01-04,4.244554,4.287206,4.424150,
2008-01-07,4.238756,4.284018,4.427786,
2008-01-08,4.277366,4.323945,4.468085,
2008-01-09,4.222401,4.265560,4.415532,
2008-01-10,4.225005,4.261472,4.416165,
2008-01-11,4.225327,4.269418,4.443761,
2008-01-14,4.172734,4.232051,4.436164,
2008-01-15,4.188598,4.227094,4.412782,
2008-01-16,4.208282,4.224318,4.392152,
2008-01-17,4.247785,4.259880,4.423332,
2008-01-18,4.255887,4.272798,4.446078,
2008-01-21,4.170102,4.196095,4.378380,
2008-01-22,4.225056,4.309386,4.516342,
2008-01-23,4.163828,4.232821,4.442256,
2008-01-24,4.301096,4.355045,4.543425,
2008-01-25,4.354485,4.372294,4.529861,
2008-01-28,4.300079,4.321497,4.491444,
2008-01-29,4.386885,4.417019,4.586021,
2008-01-30,4.363974,4.395632,4.569768,
2008-01-31,4.235652,4.287493,4.489032,
2008-02-01,4.206309,4.274728,4.489016,
2008-02-04,4.231768,4.309797,4.525938,
2008-02-05,4.131703,4.207811,4.434169,
2008-02-06,4.093461,4.220534,4.492944,
2008-02-07,4.029011,4.170038,4.459534,
2008-02-08,4.026563,4.172456,4.469785,
2008-02-11,4.092617,4.233573,4.523973,
2008-02-12,4.220188,4.367284,4.649201,
2008-02-13,4.231249,4.364315,4.637584,
2008-02-14,4.216494,4.361075,4.649705,
2008-02-15,4.141775,4.313021,4.626221,
2008-02-18,4.185868,4.361442,4.671953,
2008-02-19,4.183906,4.348674,4.658841,
2008-02-20,4.191387,4.372659,4.701044,
2008-02-21,4.238305,4.394227,4.699414,
2008-02-22,4.240834,4.399142,4.702322,
2008-02-25,4.272046,4.437599,4.741169,
2008-02-26,4.264377,4.428390,4.728231,
2008-02-27,4.266859,4.438761,4.749663,
2008-02-28,4.168576,4.333594,4.655512,
2008-02-29,4.032267,4.193337,4.527081,
2008-03-03,4.020221,4.177670,4.503532,
2008-03-04,3.982171,4.135937,4.472001,
2008-03-05,4.008281,4.189320,4.543878,
2008-03-06,3.873129,4.067276,4.460836,
2008-03-07,3.754263,3.979282,4.404776,
2008-03-10,3.673847,3.922310,4.373117,
2008-03-11,3.770111,4.010973,4.435955,
2008-03-12,3.968349,4.127944,4.490412,
2008-03-13,3.870644,4.039074,4.432252,
2008-03-14,3.829095,4.006198,4.414492,
2008-03-17,3.679879,3.918773,4.389441,
2008-03-18,3.760259,3.955971,4.435770,
2008-03-19,3.711744,3.901433,4.387759,
2008-03-20,3.773666,3.918955,4.359402,
2008-03-25,4.038591,4.110669,4.487328,
2008-03-26,4.053711,4.107494,4.490596,
2008-03-27,4.114015,4.151508,4.548339,
2008-03-28,4.008788,4.050757,4.474737,
2008-03-31,3.856442,3.951255,4.424488,
2008-04-01,3.995524,4.066890,4.513541,
2008-04-02,4.008411,4.069308,4.499257,
2008-04-03,3.978783,4.081658,4.521161,
2008-04-04,3.958758,4.081033,4.526801,
2008-04-07,4.012020,4.140264,4.581664,
2008-04-08,3.998589,4.132245,4.581971,
2008-04-09,3.991606,4.143376,4.603014,
2008-04-10,3.954465,4.100739,4.562641,
2008-04-11,3.906152,4.043036,4.494563,
2008-04-14,3.931260,4.072922,4.516953,
2008-04-15,3.905225,4.067517,4.518230,
2008-04-16,3.983221,4.162007,4.616887,
2008-04-17,4.118507,4.293067,4.719203,
2008-04-18,4.338598,4.461428,4.783714,
2008-04-21,4.302318,4.409729,4.722165,
2008-04-22,4.411723,4.479903,4.736102,
2008-04-23,4.410401,4.468222,4.709905,
2008-04-24,4.480353,4.564660,4.819804,
2008-04-25,4.500461,4.578585,4.825391,
2008-04-28,4.449424,4.523674,4.792154,
2008-04-29,4.388372,4.461859,4.740666,
2008-04-30,4.353519,4.436275,4.733817,
2008-05-01,4.331456,4.400712,4.687498,
2008-05-02,4.431310,4.521275,4.807305,
2008-05-06,4.353075,4.437985,4.736342,
2008-05-07,4.378254,4.471835,4.775792,
2008-05-08,4.252509,4.353282,4.683855,
2008-05-09,4.242706,4.326008,4.648648,
2008-05-12,4.311763,4.356333,4.659548,
2008-05-13,4.470193,4.475006,4.751245,
2008-05-14,4.624131,4.607913,4.848258,
2008-05-15,4.694509,4.660022,4.871876,
2008-05-16,4.672523,4.613276,4.800624,
2008-05-19,4.748769,4.689555,4.855229,
2008-05-20,4.718183,4.660762,4.825076,
2008-05-21,4.781063,4.742410,4.904536,
2008-05-22,4.918288,4.868259,4.974275,
2008-05-23,4.923336,4.852698,4.948351,
2008-05-27,4.930697,4.858282,4.951762,
2008-05-28,4.961993,4.896187,4.987621,
2008-05-29,5.037562,4.973949,5.049362,
2008-05-30,4.999139,4.934269,4.999453,
2008-06-02,4.896056,4.884955,4.992805,
2008-06-03,4.926020,4.952645,5.077567,
2008-06-04,4.844316,4.859392,4.987612,
2008-06-05,4.986954,4.993899,5.082907,
2008-06-06,5.018065,4.979797,5.032737,
2008-06-09,5.324166,5.222751,5.154608,
2008-06-10,5.310825,5.201144,5.145325,
2008-06-11,5.239088,5.180483,5.160731,
2008-06-12,5.342293,5.254897,5.172964,
2008-06-13,5.482934,5.401320,5.276439,
2008-06-16,5.471458,5.374108,5.224445,
2008-06-17,5.300711,5.256725,5.193059,
2008-06-18,5.309033,5.265003,5.189776,
2008-06-19,5.458567,5.383876,5.263975,
2008-06-20,5.339867,5.269874,5.175508,
2008-06-23,5.281084,5.232743,5.158727,
2008-06-24,5.250648,5.231728,5.186133,
2008-06-25,5.169736,5.174395,5.157986,
2008-06-26,5.062519,5.050026,5.049921,
2008-06-27,5.082760,5.070341,5.075396,
2008-06-30,5.156911,5.158107,5.168010,
2008-07-01,5.158350,5.164621,5.195830,
2008-07-02,5.099797,5.125057,5.180731,
2008-07-03,5.013733,5.029168,5.089616,
2008-07-04,4.946837,4.959150,5.022752,
2008-07-07,4.891690,4.903322,4.975299,
2008-07-08,4.863609,4.864774,4.968387,
2008-07-09,4.869965,4.848208,4.940478,
2008-07-10,4.842013,4.822498,4.920753,
2008-07-11,4.861313,4.846275,4.951145,
2008-07-14,4.884774,4.854952,4.947971,
2008-07-15,4.835155,4.805230,4.914461,
2008-07-16,4.894928,4.838840,4.920193,
2008-07-17,4.930946,4.879560,4.936902,
2008-07-18,5.066444,5.030098,5.073228,
2008-07-21,5.069282,5.038204,5.087578,
2008-07-22,5.006378,4.973707,5.032473,
2008-07-23,5.064866,5.028688,5.075029,
2008-07-24,4.933616,4.923926,5.014128,
2008-07-25,4.946418,4.931823,5.024386,
2008-07-28,4.898385,4.886212,4.990148,
2008-07-29,4.854973,4.835336,4.940841,
2008-07-30,4.816180,4.789252,4.887329,
2008-07-31,4.798353,4.751615,4.848859,
2008-08-01,4.839752,4.791357,4.886316,
2008-08-04,4.788291,4.743447,4.850871,
2008-08-05,4.742507,4.695071,4.815732,
2008-08-06,4.702937,4.661315,4.795673,
2008-08-07,4.640847,4.596285,4.745472,
2008-08-08,4.663299,4.600769,4.737955,
2008-08-11,4.746490,4.649493,4.758834,
2008-08-12,4.662140,4.567180,4.690069,
2008-08-13,4.497322,4.463842,4.674991,
2008-08-14,4.551478,4.516964,4.718911,
2008-08-15,4.528641,4.474623,4.656186,
2008-08-18,4.542851,4.493457,4.668223,
2008-08-19,4.547606,4.496190,4.662045,
2008-08-20,4.541844,4.476285,4.636037,
2008-08-21,4.572781,4.495904,4.637272,
2008-08-22,4.599342,4.532478,4.676152,
2008-08-26,4.490745,4.414981,4.570051,
2008-08-27,4.509743,4.441707,4.593205,
2008-08-28,4.495249,4.392208,4.533260,
2008-08-29,4.477361,4.385197,4.530419,
2008-09-01,4.404230,4.340084,4.515885,
2008-09-02,4.428005,4.377174,4.551602,
2008-09-03,4.391207,4.357474,4.552235,
2008-09-04,4.365912,4.326412,4.509010,
2008-09-05,4.303708,4.258831,4.440171,
2008-09-08,4.432452,4.386543,4.530076,
2008-09-09,4.388730,4.337856,4.485282,
2008-09-10,4.387827,4.343769,4.500367,
2008-09-11,4.374302,4.335139,4.500999,
2008-09-12,4.489665,4.474862,4.637667,
2008-09-15,4.280099,4.308893,4.524481,
2008-09-16,4.196856,4.260838,4.487044,
2008-09-17,4.188043,4.265815,4.470128,
2008-09-18,4.103188,4.237547,4.472026,
2008-09-19,4.323647,4.442796,4.636394,
2008-09-22,4.419365,4.541306,4.720827,
2008-09-23,4.337198,4.486539,4.710021,
2008-09-24,4.236135,4.376589,4.617795,
2008-09-25,4.280522,4.428843,4.667443,
2008-09-26,4.196802,4.346281,4.608913,
2008-09-29,3.962468,4.140209,4.462853,
2008-09-30,3.970448,4.178792,4.522955,
2008-10-01,3.934456,4.143858,4.504942,
2008-10-02,3.898432,4.093538,4.454209,
2008-10-03,3.955832,4.123188,4.475972,
2008-10-06,3.627081,3.878762,4.325712,
2008-10-07,3.572047,3.891346,4.347403,
2008-10-08,3.512212,3.950726,4.398871,
2008-10-09,3.638984,4.077476,4.457251,
2008-10-10,3.569725,4.116790,4.564264,
2008-10-13,3.781882,4.342742,4.748305,
2008-10-14,3.957621,4.470550,4.820541,
2008-10-15,3.904773,4.433584,4.790355,
2008-10-16,3.851079,4.419373,4.793377,
2008-10-17,3.720150,4.327907,4.753278,
2008-10-20,3.609229,4.244723,4.711344,
2008-10-21,3.549466,4.222652,4.726867,
2008-10-22,3.295251,4.031939,4.607074,
2008-10-23,3.357536,4.058912,4.594506,
2008-10-24,3.192852,3.922300,4.499206,
2008-10-27,3.213148,3.945207,4.522603,
2008-10-28,3.234246,3.958020,4.545255,
2008-10-29,3.151725,3.917003,4.564373,
2008-10-30,3.065479,3.904650,4.602397,
2008-10-31,3.059090,3.956429,4.699475,
2008-11-03,3.014166,3.917549,4.678229,
2008-11-04,2.957718,3.886764,4.669421,
2008-11-05,2.877425,3.817256,4.627675,
2008-11-06,2.711548,3.695682,4.544546,
2008-11-07,2.657456,3.608681,4.412609,
2008-11-10,2.722428,3.640051,4.403755,
2008-11-11,2.732294,3.669016,4.429433,
2008-11-12,2.518543,3.528763,4.346588,
2008-11-13,2.471608,3.500403,4.332464,
2008-11-14,2.420927,3.463727,4.315847,
2008-11-17,2.367642,3.462840,4.363301,
2008-11-18,2.350267,3.440567,4.345471,
2008-11-19,2.395285,3.437215,4.295022,
2008-11-20,2.259418,3.294331,4.157731,
2008-11-21,2.237616,3.265916,4.126466,
2008-11-24,2.317769,3.339749,4.185963,
2008-11-25,2.427409,3.355757,4.107645,
2008-11-26,2.458361,3.326224,4.025849,
2008-11-27,2.603623,3.410358,3.997896,
2008-11-28,2.461758,3.365827,4.010671,
2008-12-01,2.275219,3.222363,3.914722,
2008-12-02,2.041430,3.032908,3.775711,
2008-12-03,1.949097,2.964586,3.725163,
2008-12-04,2.076940,3.041702,3.744832,
2008-12-05,2.127298,3.048939,3.705355,
2008-12-08,2.253959,3.236940,3.854900,
2008-12-09,2.226152,3.238041,3.853542,
2008-12-10,2.218743,3.271207,3.840671,
2008-12-11,2.203213,3.295680,3.875982,
2008-12-12,2.129674,3.272946,3.895207,
2008-12-15,2.087902,3.198063,3.773205,
2008-12-16,2.025133,3.129610,3.702270,
2008-12-17,1.846193,2.958231,3.538113,
2008-12-18,1.720267,2.880726,3.511270,
2008-12-19,1.730799,2.873370,3.510130,
2008-12-22,1.688523,2.834121,3.471038,
2008-12-23,1.681313,2.830053,3.470043,
2008-12-24,1.623281,2.761182,3.401711,
2008-12-29,1.662274,2.810913,3.449928,
2008-12-30,1.597029,2.776488,3.444746,
2008-12-31,1.511384,2.695328,3.389167,
2009-01-02,1.494364,2.679169,3.407225,
2009-01-05,1.568432,2.764337,3.520025,
2009-01-06,1.573831,2.806593,3.625844,
2009-01-07,1.559324,2.817326,3.651808,
2009-01-08,1.471012,2.727004,3.585924,
2009-01-09,1.424487,2.649868,3.500123,
2009-01-12,1.406300,2.649735,3.505035,
2009-01-13,1.455421,2.723958,3.579641,
2009-01-14,1.444672,2.681504,3.483197,
2009-01-15,1.444265,2.666588,3.505117,
2009-01-16,1.513305,2.784189,3.662178,
2009-01-19,1.522785,2.859873,3.791531,
2009-01-20,1.469058,2.867954,3.878237,
2009-01-21,1.359212,2.782622,3.812553,
2009-01-22,1.379513,2.816793,3.884558,
2009-01-23,1.399369,2.899020,4.066804,
2009-01-26,1.386878,2.895344,4.071686,
2009-01-27,1.418984,2.891539,4.038514,
2009-01-28,1.405380,2.863126,4.016953,
2009-01-29,1.384177,2.856502,4.059337,
2009-01-30,1.427970,2.872022,4.076792,
2009-02-02,1.445199,2.867543,4.061989,
2009-02-03,1.538262,2.918548,4.107035,
2009-02-04,1.558077,2.936209,4.124461,
2009-02-05,1.521123,2.868114,4.070441,
2009-02-06,1.547413,2.886266,4.086771,
2009-02-09,1.529046,2.888450,4.107365,
2009-02-10,1.506789,2.835339,4.005312,
2009-02-11,1.208866,2.583070,3.801148,
2009-02-12,1.071846,2.432208,3.662367,
2009-02-13,1.193189,2.533143,3.728986,
2009-02-16,1.216691,2.492490,3.633652,
2009-02-17,1.222253,2.450016,3.544651,
2009-02-18,1.341010,2.489610,3.504844,
2009-02-19,1.361505,2.557947,3.645757,
2009-02-20,1.351665,2.496075,3.545178,
2009-02-23,1.393130,2.523592,3.577006,
2009-02-24,1.321105,2.453584,3.537892,
2009-02-25,1.290270,2.464774,3.580503,
2009-02-26,1.362823,2.644734,3.828069,
2009-02-27,1.315274,2.617081,3.815129,
2009-03-02,1.252288,2.557567,3.750051,
2009-03-03,1.171408,2.507002,3.756810,
2009-03-04,1.180111,2.551159,3.838917,
2009-03-05,1.160389,2.371737,3.522009,
2009-03-06,1.202918,2.208150,3.156573,
2009-03-09,1.320539,2.314593,3.224515,
2009-03-10,1.302606,2.269450,3.220307,
2009-03-11,1.365906,2.275147,3.185187,
2009-03-12,1.359691,2.240100,3.057610,
2009-03-13,1.390350,2.292492,3.058459,
2009-03-16,1.468623,2.384533,3.140837,
2009-03-17,1.484556,2.420518,3.172321,
2009-03-18,1.481134,2.459765,3.214871,
2009-03-19,1.410831,2.399456,3.129049,
2009-03-20,1.379242,2.391817,3.126721,
2009-03-23,1.392410,2.465381,3.254252,
2009-03-24,1.347873,2.566407,3.454158,
2009-03-25,1.321533,2.541807,3.412417,
2009-03-26,1.367547,2.600627,3.451095,
2009-03-27,1.376011,2.588390,3.429554,
2009-03-30,1.281998,2.484037,3.323280,
2009-03-31,1.276669,2.465266,3.301454,
2009-04-01,1.245824,2.396025,3.250759,
2009-04-02,1.469647,2.621960,3.482725,
2009-04-03,1.501391,2.657277,3.524393,
2009-04-06,1.613178,2.721896,3.533925,
2009-04-07,1.585738,2.733957,3.545959,
2009-04-08,1.524130,2.649435,3.455446,
2009-04-09,1.501576,2.607703,3.399298,
2009-04-14,1.457320,2.541981,3.322064,
2009-04-15,1.526184,2.598242,3.358667,
2009-04-16,1.473831,2.563858,3.341725,
2009-04-17,1.596481,2.688910,3.457916,
2009-04-20,1.503494,2.551918,3.312642,
2009-04-21,1.610583,2.624628,3.388152,
2009-04-22,1.611487,2.719650,3.550265,
2009-04-23,1.463228,2.689545,3.635917,
2009-04-24,1.416522,2.657136,3.618395,
2009-04-27,1.385806,2.634166,3.612562,
2009-04-28,1.310968,2.572104,3.582962,
2009-04-29,1.301565,2.563720,3.577159,
2009-04-30,1.296177,2.594003,3.636145,
2009-05-01,1.312566,2.622339,3.669976,
2009-05-05,1.339910,2.640502,3.679789,
2009-05-06,1.413739,2.705195,3.742905,
2009-05-07,1.426153,2.751330,3.800309,
2009-05-08,1.468925,2.792117,3.842186,
2009-05-11,1.412376,2.722532,3.769642,
2009-05-12,1.444524,2.745269,3.762011,
2009-05-13,1.315368,2.615383,3.616641,
2009-05-14,1.295834,2.593765,3.578030,
2009-05-15,1.352044,2.664903,3.641448,
2009-05-18,1.298759,2.608013,3.576704,
2009-05-19,1.300214,2.632707,3.596614,
2009-05-20,1.342694,2.710941,3.684660,
2009-05-21,1.300976,2.687037,3.763513,
2009-05-22,1.354740,2.738535,3.846632,
2009-05-26,1.280827,2.642476,3.765737,
2009-05-27,1.358151,2.704887,3.813734,
2009-05-28,1.362473,2.740641,3.856411,
2009-05-29,1.351846,2.715402,3.814106,
2009-06-01,1.446750,2.816165,3.886055,
2009-06-02,1.445231,2.819726,3.936157,
2009-06-03,1.397718,2.757097,3.832195,
2009-06-04,1.491582,2.840205,3.890350,
2009-06-05,1.621722,2.947822,3.945750,
2009-06-08,1.779311,3.027600,3.868078,
2009-06-09,1.756108,2.973700,3.845129,
2009-06-10,1.766541,3.036757,3.911599,
2009-06-11,1.860392,3.156001,4.019448,
2009-06-12,1.797587,3.077787,3.961918,
2009-06-15,1.716842,2.969601,3.853242,
2009-06-16,1.769470,3.008285,3.875406,
2009-06-17,1.683810,2.915496,3.764681,
2009-06-18,1.696683,2.944121,3.818296,
2009-06-19,1.649428,2.896508,3.770951,
2009-06-22,1.600781,2.836992,3.708366,
2009-06-23,1.568045,2.806443,3.695311,
2009-06-24,1.513023,2.772054,3.675062,
2009-06-25,1.492918,2.780392,3.671438,
2009-06-26,1.522124,2.858181,3.705740,
2009-06-29,1.611716,2.879755,3.624768,
2009-06-30,1.721253,2.971656,3.702999,
2009-07-01,1.759411,3.064524,3.811128,
2009-07-02,1.688602,3.018482,3.809843,
2009-07-03,1.659804,2.998167,3.796638,
2009-07-06,1.607222,2.946652,3.739559,
2009-07-07,1.591960,2.949135,3.770765,
2009-07-08,1.501037,2.879767,3.726929,
2009-07-09,1.590354,3.025470,3.897435,
2009-07-10,1.528828,2.979115,3.857883,
2009-07-13,1.472070,2.926855,3.789326,
2009-07-14,1.539736,2.990173,3.849442,
2009-07-15,1.600507,3.045894,3.902686,
2009-07-16,1.575181,3.034932,3.891309,
2009-07-17,1.604557,3.063101,3.914380,
2009-07-20,1.662260,3.097347,3.935909,
2009-07-21,1.662793,3.078037,3.903122,
2009-07-22,1.678853,3.137912,3.971000,
2009-07-23,1.808099,3.257411,4.094787,
2009-07-24,1.779004,3.243087,4.089116,
2009-07-27,1.820522,3.257214,4.090673,
2009-07-28,1.802203,3.231659,4.055808,
2009-07-29,1.811799,3.256903,4.102700,
2009-07-30,1.810403,3.228302,4.072283,
2009-07-31,1.702083,3.082966,3.912491,
2009-08-03,1.777529,3.153111,3.987681,
2009-08-04,1.798203,3.143360,3.954949,
2009-08-05,1.802669,3.137910,3.932206,
2009-08-06,1.768279,3.026627,3.858953,
2009-08-07,1.800124,3.099818,3.901607,
2009-08-10,1.678181,3.061605,3.904759,
2009-08-11,1.654057,3.081310,3.934402,
2009-08-12,1.561548,3.033533,3.911390,
2009-08-13,1.506953,3.016161,3.911030,
2009-08-14,1.428997,2.927421,3.811268,
2009-08-17,1.405269,2.856987,3.728211,
2009-08-18,1.498653,2.910340,3.773771,
2009-08-19,1.395676,2.792686,3.702568,
2009-08-20,1.386409,2.796120,3.732543,
2009-08-21,1.377984,2.802154,3.761257,
2009-08-24,1.360549,2.777471,3.750498,
2009-08-25,1.287406,2.659707,3.671890,
2009-08-26,1.352341,2.653002,3.615424,
2009-08-27,1.389653,2.669375,3.631044,
2009-08-28,1.388643,2.687685,3.631262,
2009-09-01,1.407169,2.698864,3.635914,
2009-09-02,1.397127,2.671429,3.621100,
2009-09-03,1.443730,2.738611,3.673217,
2009-09-04,1.409458,2.728439,3.699813,
2009-09-07,1.400277,2.736432,3.723092,
2009-09-08,1.426309,2.770711,3.765132,
2009-09-09,1.477215,2.837111,3.842426,
2009-09-10,1.427680,2.771359,3.773249,
2009-09-11,1.400971,2.719635,3.708340,
2009-09-14,1.409399,2.729302,3.706570,
2009-09-15,1.292005,2.687214,3.727070,
2009-09-16,1.339487,2.763152,3.794856,
2009-09-17,1.361295,2.790636,3.840091,
2009-09-18,1.367927,2.800459,3.847904,
2009-09-21,1.384447,2.801290,3.828725,
2009-09-22,1.376087,2.818150,3.884592,
2009-09-23,1.379071,2.809630,3.863641,
2009-09-24,1.293546,2.729103,3.810934,
2009-09-25,1.262436,2.666482,3.741105,
2009-09-28,1.291136,2.677623,3.754464,
2009-09-29,1.388524,2.706903,3.736228,
2009-09-30,1.381131,2.680667,3.712280,
2009-10-01,1.280676,2.576167,3.627575,
2009-10-02,1.266436,2.539457,3.570969,
2009-10-05,1.259365,2.511208,3.521042,
2009-10-06,1.254034,2.504582,3.529301,
2009-10-07,1.240343,2.471884,3.514021,
2009-10-08,1.207232,2.449827,3.488385,
2009-10-09,1.304774,2.553040,3.577269,
2009-10-12,1.244124,2.480075,3.510738,
2009-10-13,1.268426,2.494307,3.532367,
2009-10-14,1.323251,2.585862,3.625849,
2009-10-15,1.358844,2.652330,3.687681,
2009-10-16,1.395337,2.700386,3.723076,
2009-10-19,1.403385,2.708252,3.737071,
2009-10-20,1.344793,2.646524,3.681819,
2009-10-21,1.506732,2.817866,3.831619,
2009-10-22,1.511023,2.841596,3.851052,
2009-10-23,1.455100,2.790279,3.808587,
2009-10-26,1.460742,2.811848,3.836512,
2009-10-27,1.384107,2.741103,3.757738,
2009-10-28,1.390745,2.743379,3.751813,
2009-10-29,1.450532,2.802883,3.806359,
2009-10-30,1.426238,2.766199,3.768371,
2009-11-02,1.476101,2.818685,3.809309,
2009-11-03,1.486127,2.867274,3.870810,
2009-11-04,1.502655,2.919734,3.936024,
2009-11-05,1.509088,2.964456,4.004529,
2009-11-06,1.455290,2.959533,4.036333,
2009-11-09,1.391084,2.898584,3.994379,
2009-11-10,1.386422,2.866675,3.942410,
2009-11-11,1.327477,2.814159,3.917161,
2009-11-12,1.316907,2.793367,3.949072,
2009-11-13,1.375433,2.826744,3.973782,
2009-11-16,1.381599,2.804646,3.923957,
2009-11-17,1.316751,2.728077,3.842891,
2009-11-18,1.306191,2.731700,3.859277,
2009-11-19,1.291933,2.708284,3.824773,
2009-11-20,1.288247,2.700512,3.810499,
2009-11-23,1.305030,2.731525,3.843034,
2009-11-24,1.301125,2.738749,3.825973,
2009-11-25,1.287750,2.718713,3.805519,
2009-11-26,1.245005,2.656708,3.705448,
2009-11-27,1.275821,2.681335,3.721330,
2009-11-30,1.255133,2.660721,3.698666,
2009-12-01,1.224011,2.644054,3.735871,
2009-12-02,1.219266,2.653797,3.778817,
2009-12-03,1.219804,2.664454,3.818120,
2009-12-04,1.278068,2.738230,3.896018,
2009-12-07,1.254328,2.717417,3.884286,
2009-12-08,1.233329,2.698664,3.885875,
2009-12-09,1.199434,2.661847,3.863671,
2009-12-10,1.261850,2.768128,4.000404,
2009-12-11,1.318829,2.828053,4.054795,
2009-12-14,1.301659,2.802457,4.028865,
2009-12-15,1.346516,2.853560,4.084311,
2009-12-16,1.335596,2.843999,4.079121,
2009-12-17,1.292398,2.801671,4.038358,
2009-12-18,1.222053,2.724991,3.957602,
2009-12-21,1.313884,2.825111,4.057741,
2009-12-22,1.358635,2.867780,4.098729,
2009-12-23,1.428511,2.952903,4.173985,
2009-12-24,1.447164,2.968317,4.184818,
2009-12-29,1.499430,3.039623,4.260486,
2009-12-30,1.493495,3.031191,4.255000,
2009-12-31,1.441806,2.982091,4.202963,
2010-01-04,1.450123,2.973040,4.142114,
2010-01-05,1.487027,3.036638,4.199111,
2010-01-06,1.466350,3.039579,4.247328,
2010-01-07,1.448577,3.040093,4.246011,
2010-01-08,1.447474,3.049832,4.257359,
2010-01-11,1.387166,2.977994,4.179451,
2010-01-12,1.365631,2.939022,4.128365,
2010-01-13,1.396675,2.961407,4.151150,
2010-01-14,1.417385,2.984766,4.176415,
2010-01-15,1.401168,2.953879,4.126295,
2010-01-18,1.406284,2.958059,4.130276,
2010-01-19,1.495963,3.049582,4.218009,
2010-01-20,1.506397,3.047423,4.206157,
2010-01-21,1.409652,2.952398,4.128756,
2010-01-22,1.423098,2.956641,4.123745,
2010-01-25,1.408155,2.941302,4.109098,
2010-01-26,1.370020,2.902338,4.083098,
2010-01-27,1.377769,2.892145,4.081611,
2010-01-28,1.454401,2.972778,4.151157,
2010-01-29,1.427394,2.941098,4.113543,
2010-02-01,1.402787,2.917865,4.099538,
2010-02-02,1.383021,2.919497,4.118874,
2010-02-03,1.372637,2.903356,4.119940,
2010-02-04,1.349725,2.883778,4.110000,
2010-02-05,1.326227,2.864171,4.098630,
2010-02-08,1.388153,2.928955,4.159960,
2010-02-09,1.391449,2.933422,4.167278,
2010-02-10,1.308190,2.873419,4.138169,
2010-02-11,1.370963,2.951428,4.245043,
2010-02-12,1.352314,2.945651,4.269793,
2010-02-15,1.377583,2.968685,4.295413,
2010-02-16,1.350556,2.924359,4.257488,
2010-02-17,1.347094,2.916700,4.253066,
2010-02-18,1.335362,2.924334,4.323299,
2010-02-19,1.356268,2.973112,4.398830,
2010-02-22,1.348898,2.957783,4.361658,
2010-02-23,1.308285,2.911244,4.313178,
2010-02-24,1.261054,2.834332,4.217892,
2010-02-25,1.213391,2.802399,4.239615,
2010-02-26,1.187726,2.783362,4.237292,
2010-03-01,1.240274,2.839630,4.283669,
2010-03-02,1.231344,2.807786,4.223727,
2010-03-03,1.311110,2.856757,4.229654,
2010-03-04,1.296314,2.841992,4.199897,
2010-03-05,1.363631,2.913978,4.258558,
2010-03-08,1.367135,2.934197,4.296835,
2010-03-09,1.285648,2.859529,4.247650,
2010-03-10,1.286252,2.873130,4.282252,
2010-03-11,1.312353,2.918437,4.355141,
2010-03-12,1.288218,2.874393,4.312646,
2010-03-15,1.278249,2.847021,4.277876,
2010-03-16,1.276047,2.824998,4.239389,
2010-03-17,1.291550,2.826958,4.217715,
2010-03-18,1.329691,2.851904,4.192102,
2010-03-19,1.333114,2.851653,4.171019,
2010-03-22,1.297310,2.812999,4.136242,
2010-03-23,1.273336,2.796117,4.139056,
2010-03-24,1.287087,2.832438,4.194737,
2010-03-25,1.278324,2.855199,4.257346,
2010-03-26,1.281090,2.857459,4.272405,
2010-03-29,1.258448,2.812048,4.204462,
2010-03-30,1.284577,2.833821,4.223876,
2010-03-31,1.246228,2.785153,4.176408,
2010-04-01,1.260125,2.788272,4.168441,
2010-04-06,1.328883,2.873576,4.251971,
2010-04-07,1.318499,2.902423,4.299357,
2010-04-08,1.249520,2.837678,4.260077,
2010-04-09,1.276175,2.874241,4.306275,
2010-04-12,1.290829,2.884936,4.307688,
2010-04-13,1.260555,2.849101,4.278848,
2010-04-14,1.264999,2.849145,4.285278,
2010-04-15,1.274340,2.857549,4.297552,
2010-04-16,1.232154,2.801755,4.251004,
2010-04-19,1.251579,2.815518,4.259726,
2010-04-20,1.268268,2.841219,4.286700,
2010-04-21,1.308840,2.858544,4.282071,
2010-04-22,1.340321,2.861442,4.235805,
2010-04-23,1.403141,2.935908,4.291773,
2010-04-26,1.405256,2.916843,4.248100,
2010-04-27,1.350805,2.863011,4.210198,
2010-04-28,1.328083,2.837853,4.186758,
2010-04-29,1.339760,2.847852,4.195880,
2010-04-30,1.258012,2.753430,4.103433,
2010-05-04,1.228425,2.699049,4.024333,
2010-05-05,1.206423,2.674491,4.001802,
2010-05-06,1.216445,2.671120,3.979868,
2010-05-07,1.232172,2.693892,4.020316,
2010-05-10,1.278255,2.771265,4.106859,
2010-05-11,1.271252,2.742573,4.073032,
2010-05-12,1.198809,2.677474,4.026487,
2010-05-13,1.141552,2.628603,4.036038,
2010-05-14,1.088368,2.531864,3.957738,
2010-05-17,1.061015,2.502579,3.950081,
2010-05-18,1.076165,2.510977,3.956680,
2010-05-19,1.035623,2.424210,3.866077,
2010-05-20,0.992758,2.339148,3.759451,
2010-05-21,1.013150,2.339482,3.741458,
2010-05-24,1.028689,2.335708,3.742747,
2010-05-25,0.975544,2.251654,3.664953,
2010-05-26,1.022189,2.336265,3.762837,
2010-05-27,1.052169,2.408472,3.817838,
2010-05-28,1.047966,2.410121,3.791873,
2010-06-01,1.064672,2.424628,3.782395,
2010-06-02,1.044219,2.387982,3.754474,
2010-06-03,1.071017,2.420030,3.802271,
2010-06-04,1.016468,2.343850,3.730621,
2010-06-07,0.984911,2.313323,3.709790,
2010-06-08,0.962318,2.282783,3.684779,
2010-06-09,0.994100,2.330661,3.741927,
2010-06-10,1.049681,2.388244,3.773048,
2010-06-11,0.995051,2.317103,3.678624,
2010-06-14,1.094061,2.423871,3.765468,
2010-06-15,1.056036,2.410360,3.772562,
2010-06-16,1.051778,2.397263,3.758523,
2010-06-17,1.041770,2.371078,3.711367,
2010-06-18,1.080512,2.418598,3.764846,
2010-06-21,1.056224,2.387204,3.735226,
2010-06-22,0.982471,2.321707,3.686322,
2010-06-23,0.973116,2.306087,3.665504,
2010-06-24,0.931957,2.249346,3.614631,
2010-06-25,0.932528,2.241517,3.614309,
2010-06-28,0.951197,2.241824,3.610323,
2010-06-29,0.986421,2.265675,3.624388,
2010-06-30,0.936241,2.213254,3.585279,
2010-07-01,0.945729,2.196048,3.540616,
2010-07-02,0.976926,2.230093,3.588269,
2010-07-05,0.935551,2.185702,3.549395,
2010-07-06,0.940239,2.201006,3.580154,
2010-07-07,0.958590,2.211816,3.591395,
2010-07-08,0.963731,2.220178,3.600518,
2010-07-09,0.928273,2.179185,3.560966,
2010-07-12,0.936406,2.185801,3.566480,
2010-07-13,0.966932,2.230486,3.607806,
2010-07-14,0.988622,2.257803,3.633032,
2010-07-15,0.974552,2.238605,3.613302,
2010-07-16,0.953874,2.205274,3.576226,
2010-07-19,0.977136,2.223871,3.592518,
2010-07-20,0.990194,2.237040,3.592220,
2010-07-21,0.994903,2.237257,3.589784,
2010-07-22,0.998838,2.244670,3.601483,
2010-07-23,1.076038,2.329526,3.673286,
2010-07-26,1.110287,2.358867,3.692438,
2010-07-27,1.151616,2.416139,3.743785,
2010-07-28,1.117788,2.381665,3.719621,
2010-07-29,1.054253,2.313859,3.659632,
2010-07-30,0.992098,2.228097,3.569099,
2010-08-02,1.017125,2.259874,3.591118,
2010-08-03,0.991961,2.208086,3.521278,
2010-08-04,1.009581,2.224710,3.534945,
2010-08-05,0.993830,2.178811,3.477647,
2010-08-06,0.979158,2.159648,3.467568,
2010-08-09,0.991009,2.175996,3.486018,
2010-08-10,0.978676,2.169576,3.503939,
2010-08-11,0.910344,2.042245,3.395325,
2010-08-12,0.893497,2.005071,3.368151,
2010-08-13,0.910743,2.023500,3.373753,
2010-08-16,0.858172,1.963155,3.300957,
2010-08-17,0.874782,1.979233,3.317501,
2010-08-18,0.855404,1.950551,3.283003,
2010-08-19,0.829675,1.924324,3.267017,
2010-08-20,0.802053,1.882055,3.234988,
2010-08-23,0.798479,1.879198,3.230491,
2010-08-24,0.738397,1.788352,3.135091,
2010-08-25,0.756824,1.768009,3.097988,
2010-08-26,0.774195,1.781012,3.080313,
2010-08-27,0.789336,1.803557,3.087909,
2010-08-31,0.770697,1.757465,3.021735,
2010-09-01,0.826987,1.849338,3.123725,
2010-09-02,0.853527,1.881342,3.154517,
2010-09-03,0.861693,1.910178,3.203760,
2010-09-06,0.839278,1.887528,3.176911,
2010-09-07,0.792843,1.818771,3.109143,
2010-09-08,0.813943,1.876203,3.186322,
2010-09-09,0.844678,1.923159,3.253260,
2010-09-10,0.907126,2.000352,3.326887,
2010-09-13,0.895755,1.998930,3.319376,
2010-09-14,0.836028,1.925705,3.259668,
2010-09-15,0.847650,1.940153,3.284540,
2010-09-16,0.884889,1.992132,3.349972,
2010-09-17,0.875904,1.981761,3.336076,
2010-09-20,0.898615,2.008385,3.364133,
2010-09-21,0.871826,1.973534,3.327093,
2010-09-22,0.796496,1.842475,3.175657,
2010-09-23,0.778491,1.813737,3.155261,
2010-09-24,0.840532,1.894286,3.245891,
2010-09-27,0.798978,1.837047,3.177173,
2010-09-28,0.791418,1.805544,3.133928,
2010-09-29,0.768891,1.779510,3.108994,
2010-09-30,0.786718,1.812979,3.151243,
2010-10-01,0.790634,1.827862,3.174886,
2010-10-04,0.766133,1.785784,3.134242,
2010-10-05,0.800099,1.823762,3.168627,
2010-10-06,0.758673,1.769328,3.100427,
2010-10-07,0.784499,1.797459,3.131734,
2010-10-08,0.747506,1.744401,3.066473,
2010-10-11,0.764539,1.759888,3.087441,
2010-10-12,0.751545,1.725192,3.052506,
2010-10-13,0.766533,1.749584,3.086385,
2010-10-14,0.765381,1.748515,3.086806,
2010-10-15,0.796205,1.795816,3.152947,
2010-10-18,0.785939,1.797562,3.176281,
2010-10-19,0.772026,1.805547,3.219240,
2010-10-20,0.724941,1.752009,3.207842,
2010-10-21,0.697873,1.696308,3.156002,
2010-10-22,0.739810,1.727884,3.171819,
2010-10-25,0.749139,1.721659,3.141382,
2010-10-26,0.843687,1.867294,3.273895,
2010-10-27,0.855184,1.941911,3.372819,
2010-10-28,0.863075,1.943167,3.370259,
2010-10-29,0.819158,1.878025,3.304238,
2010-11-01,0.817971,1.859044,3.270377,
2010-11-02,0.818770,1.852871,3.257174,
2010-11-03,0.805494,1.827103,3.223539,
2010-11-04,0.775948,1.779507,3.179953,
2010-11-05,0.790150,1.796899,3.203019,
2010-11-08,0.822404,1.825149,3.228496,
2010-11-09,0.848224,1.856954,3.260076,
2010-11-10,0.923414,1.983359,3.381134,
2010-11-11,0.939326,1.992955,3.372503,
2010-11-12,0.978774,2.051422,3.417722,
2010-11-15,1.002389,2.119474,3.489429,
2010-11-16,1.009615,2.138325,3.527669,
2010-11-17,0.982470,2.109495,3.498058,
2010-11-18,1.029419,2.215894,3.615238,
2010-11-19,1.002744,2.210567,3.615618,
2010-11-22,0.956717,2.152997,3.561758,
2010-11-23,0.890722,2.079372,3.493089,
2010-11-24,0.928931,2.139145,3.568908,
2010-11-25,0.951477,2.169768,3.595183,
2010-11-26,0.943315,2.157509,3.573286,
2010-11-29,0.925189,2.139653,3.571217,
2010-11-30,0.849121,2.031301,3.459086,
2010-12-01,0.924502,2.146265,3.593593,
2010-12-02,0.953048,2.190406,3.642300,
2010-12-03,0.955956,2.198826,3.651103,
2010-12-06,0.936721,2.179300,3.631330,
2010-12-07,0.975848,2.232717,3.697981,
2010-12-08,1.054315,2.332692,3.775450,
2010-12-09,1.021437,2.301455,3.726794,
2010-12-10,1.044434,2.326573,3.740045,
2010-12-13,1.101653,2.387324,3.782605,
2010-12-14,1.147844,2.448506,3.833472,
2010-12-15,1.147115,2.463136,3.834787,
2010-12-16,1.162719,2.486433,3.848560,
2010-12-17,1.132054,2.429949,3.777776,
2010-12-20,1.093147,2.367280,3.692804,
2010-12-21,1.126040,2.402900,3.718804,
2010-12-22,1.146722,2.423300,3.719508,
2010-12-23,1.144972,2.416934,3.710986,
2010-12-24,1.160086,2.433856,3.723619,
2010-12-29,1.179984,2.477911,3.783353,
2010-12-30,1.099376,2.385800,3.690054,
2010-12-31,1.031169,2.314002,3.617426,
2011-01-04,1.086206,2.378065,3.683118,
2011-01-05,1.134552,2.449582,3.775673,
2011-01-06,1.125548,2.444999,3.754045,
2011-01-07,1.137713,2.437489,3.735204,
2011-01-10,1.184118,2.465842,3.725895,
2011-01-11,1.238747,2.522596,3.777111,
2011-01-12,1.296855,2.604719,3.861563,
2011-01-13,1.254114,2.552720,3.836459,
2011-01-14,1.272034,2.564881,3.831982,
2011-01-17,1.277560,2.566130,3.843465,
2011-01-18,1.308516,2.606091,3.887708,
2011-01-19,1.241078,2.544493,3.863870,
2011-01-20,1.284747,2.598525,3.921102,
2011-01-21,1.280855,2.597375,3.923011,
2011-01-24,1.254511,2.570332,3.902844,
2011-01-25,1.132888,2.484045,3.869105,
2011-01-26,1.205885,2.559619,3.922276,
2011-01-27,1.219109,2.583941,3.923685,
2011-01-28,1.211817,2.571983,3.885946,
2011-01-31,1.235696,2.585815,3.882740,
2011-02-01,1.330797,2.669132,3.934688,
2011-02-02,1.420403,2.744134,3.969230,
2011-02-03,1.371798,2.721986,3.991601,
2011-02-04,1.451563,2.799619,4.038415,
2011-02-07,1.481992,2.835983,4.042749,
2011-02-08,1.463420,2.823385,4.048472,
2011-02-09,1.494522,2.871965,4.101111,
2011-02-10,1.487386,2.867328,4.097564,
2011-02-11,1.476277,2.841240,4.062189,
2011-02-14,1.456108,2.823239,4.051360,
2011-02-15,1.488326,2.853873,4.068178,
2011-02-16,1.456189,2.810619,4.044893,
2011-02-17,1.413475,2.756765,3.985289,
2011-02-18,1.483711,2.819435,4.029564,
2011-02-21,1.443963,2.754362,3.952628,
2011-02-22,1.446305,2.723185,3.898232,
2011-02-23,1.475392,2.734661,3.888522,
2011-02-24,1.420297,2.704695,3.909230,
2011-02-25,1.365214,2.660036,3.902618,
2011-02-28,1.367343,2.650755,3.887193,
2011-03-01,1.377623,2.666531,3.916411,
2011-03-02,1.373333,2.662924,3.938516,
2011-03-03,1.432364,2.738380,3.999424,
2011-03-04,1.391441,2.671054,3.921277,
2011-03-07,1.368788,2.662693,3.932735,
2011-03-08,1.382633,2.692175,3.975210,
2011-03-09,1.389817,2.686597,3.961949,
2011-03-10,1.331933,2.605745,3.880099,
2011-03-11,1.279211,2.554485,3.847968,
2011-03-14,1.228297,2.493084,3.792863,
2011-03-15,1.207203,2.461581,3.756815,
2011-03-16,1.171441,2.412229,3.692532,
2011-03-17,1.255211,2.508367,3.773460,
2011-03-18,1.209385,2.452201,3.729013,
2011-03-21,1.249702,2.488947,3.751849,
2011-03-22,1.327104,2.565755,3.811028,
2011-03-23,1.313854,2.533656,3.758346,
2011-03-24,1.302311,2.548838,3.797393,
2011-03-25,1.312321,2.568237,3.812144,
2011-03-28,1.317245,2.583096,3.824717,
2011-03-29,1.336475,2.601307,3.837337,
2011-03-30,1.366686,2.646338,3.879602,
2011-03-31,1.390498,2.657660,3.897459,
2011-04-01,1.436698,2.708806,3.932509,
2011-04-04,1.426057,2.695339,3.922158,
2011-04-05,1.486625,2.760822,3.962125,
2011-04-06,1.454260,2.736763,3.965098,
2011-04-07,1.430718,2.723623,3.959518,
2011-04-08,1.458071,2.780700,4.021648,
2011-04-11,1.452677,2.783035,4.036537,
2011-04-12,1.300828,2.637626,3.920445,
2011-04-13,1.316672,2.650224,3.931380,
2011-04-14,1.297734,2.627677,3.911922,
2011-04-15,1.257308,2.554875,3.821988,
2011-04-18,1.195310,2.485118,3.777266,
2011-04-19,1.213315,2.497633,3.787837,
2011-04-20,1.220381,2.515173,3.803211,
2011-04-21,1.200354,2.486718,3.763761,
2011-04-26,1.162150,2.442327,3.717264,
2011-04-27,1.255322,2.534502,3.792699,
2011-04-28,1.179016,2.453397,3.711648,
2011-05-03,1.094984,2.356104,3.650213,
2011-05-04,1.085573,2.313786,3.620079,
2011-05-05,1.096116,2.318046,3.629190,
2011-05-06,1.093497,2.316816,3.634390,
2011-05-09,1.069302,2.284757,3.605697,
2011-05-10,1.098560,2.315707,3.620579,
2011-05-11,1.159373,2.392602,3.681297,
2011-05-12,1.101249,2.319978,3.617809,
2011-05-13,1.091753,2.314111,3.619593,
2011-05-16,1.093956,2.319872,3.631804,
2011-05-17,1.087388,2.306928,3.613055,
2011-05-18,1.111276,2.323326,3.620748,
2011-05-19,1.114362,2.342481,3.640045,
2011-05-20,1.085034,2.304854,3.600676,
2011-05-23,1.041524,2.251707,3.563604,
2011-05-24,1.051630,2.282352,3.602015,
2011-05-25,1.033794,2.256718,3.579824,
2011-05-26,1.033981,2.247273,3.568464,
2011-05-27,1.034716,2.238915,3.557295,
2011-05-31,1.049809,2.250687,3.565505,
2011-06-01,1.007592,2.190211,3.520416,
2011-06-02,0.990996,2.165717,3.522429,
2011-06-03,1.010782,2.189826,3.546024,
2011-06-06,1.009419,2.180540,3.542716,
2011-06-07,1.029393,2.218715,3.605830,
2011-06-08,0.990841,2.170712,3.566383,
2011-06-09,0.984324,2.147742,3.551564,
2011-06-10,0.936201,2.092325,3.500346,
2011-06-13,0.969777,2.129418,3.527561,
2011-06-14,0.976357,2.161052,3.569791,
2011-06-15,0.932816,2.114451,3.533740,
2011-06-16,0.880121,2.044216,3.461758,
2011-06-17,0.905302,2.070583,3.484149,
2011-06-20,0.917191,2.078414,3.493431,
2011-06-21,0.934234,2.099807,3.514664,
2011-06-22,0.885598,2.047915,3.483282,
2011-06-23,0.842602,1.988768,3.434674,
2011-06-24,0.834950,1.979915,3.423609,
2011-06-27,0.868348,2.007269,3.446640,
2011-06-28,0.925545,2.090504,3.544636,
2011-06-29,0.955819,2.157866,3.617295,
2011-06-30,0.980569,2.203605,3.666519,
2011-07-01,0.992663,2.227485,3.675086,
2011-07-04,0.980748,2.200444,3.649861,
2011-07-05,0.965067,2.160835,3.614639,
2011-07-06,0.915516,2.068994,3.535907,
2011-07-07,0.936970,2.120901,3.595718,
2011-07-08,0.880590,2.023420,3.488120,
2011-07-11,0.826660,1.918944,3.382331,
2011-07-12,0.821040,1.920742,3.386187,
2011-07-13,0.850734,1.977425,3.418453,
2011-07-14,0.847992,1.967185,3.405935,
2011-07-15,0.832095,1.945363,3.378585,
2011-07-18,0.826882,1.911221,3.332514,
2011-07-19,0.842411,1.937825,3.357095,
2011-07-20,0.858390,1.959685,3.381459,
2011-07-21,0.900767,2.050343,3.478606,
2011-07-22,0.855768,1.981168,3.404565,
2011-07-25,0.827919,1.913009,3.333593,
2011-07-26,0.846907,1.943547,3.368639,
2011-07-27,0.813917,1.872604,3.287555,
2011-07-28,0.793458,1.845726,3.275141,
2011-07-29,0.746036,1.751154,3.175548,
2011-08-01,0.727380,1.707170,3.128402,
2011-08-02,0.719258,1.663182,3.089564,
2011-08-03,0.721140,1.643841,3.058799,
2011-08-04,0.690623,1.597319,2.997271,
2011-08-05,0.659677,1.608722,3.022821,
2011-08-08,0.646817,1.549888,2.970253,
2011-08-09,0.684987,1.607588,3.031566,
2011-08-10,0.575743,1.386968,2.819094,
2011-08-11,0.619444,1.407994,2.818870,
2011-08-12,0.670337,1.458151,2.860444,
2011-08-15,0.694029,1.474030,2.864754,
2011-08-16,0.694310,1.511438,2.882506,
2011-08-17,0.637750,1.420929,2.769710,
2011-08-18,0.592691,1.316376,2.611311,
2011-08-19,0.631260,1.394974,2.695503,
2011-08-22,0.631143,1.404447,2.705611,
2011-08-23,0.638159,1.408209,2.699759,
2011-08-24,0.673421,1.498107,2.799664,
2011-08-25,0.653023,1.487672,2.785546,
2011-08-26,0.691528,1.525989,2.791480,
2011-08-30,0.654306,1.515587,2.791508,
2011-08-31,0.708236,1.606516,2.903765,
2011-09-01,0.649816,1.530343,2.825591,
2011-09-02,0.634488,1.458936,2.734290,
2011-09-05,0.589971,1.329936,2.581758,
2011-09-06,0.630479,1.349300,2.575194,
2011-09-07,0.636656,1.393150,2.625424,
2011-09-08,0.632329,1.406928,2.654353,
2011-09-09,0.584959,1.322416,2.547693,
2011-09-12,0.566719,1.258538,2.464457,
2011-09-13,0.584626,1.278273,2.474268,
2011-09-14,0.602596,1.318095,2.502778,
2011-09-15,0.600175,1.385800,2.609499,
2011-09-16,0.583129,1.359505,2.575637,
2011-09-19,0.573997,1.310042,2.480424,
2011-09-20,0.578509,1.319569,2.488242,
2011-09-21,0.579450,1.333637,2.506384,
2011-09-22,0.596475,1.320493,2.420104,
2011-09-23,0.608213,1.356765,2.452097,
2011-09-26,0.634481,1.408035,2.504053,
2011-09-27,0.650963,1.490844,2.625888,
2011-09-28,0.645585,1.466464,2.598166,
2011-09-29,0.655833,1.476389,2.620000,
2011-09-30,0.634529,1.404776,2.509613,
2011-10-03,0.617496,1.347710,2.431207,
2011-10-04,0.628877,1.308482,2.339386,
2011-10-05,0.643334,1.380026,2.446112,
2011-10-06,0.684560,1.412047,2.490838,
2011-10-07,0.683996,1.453031,2.568933,
2011-10-10,0.702585,1.508462,2.660974,
2011-10-11,0.705408,1.525313,2.674541,
2011-10-12,0.720561,1.588055,2.755314,
2011-10-13,0.667846,1.493235,2.661570,
2011-10-14,0.680856,1.546450,2.726154,
2011-10-17,0.667743,1.503538,2.650402,
2011-10-18,0.648470,1.447868,2.559306,
2011-10-19,0.664711,1.477107,2.595366,
2011-10-20,0.654505,1.472863,2.591482,
2011-10-21,0.660649,1.515972,2.658475,
2011-10-24,0.670678,1.525259,2.671650,
2011-10-25,0.644009,1.481503,2.619917,
2011-10-26,0.627905,1.430081,2.554798,
2011-10-27,0.650903,1.531549,2.732204,
2011-10-28,0.640835,1.535750,2.755906,
2011-10-31,0.570266,1.371932,2.564204,
2011-11-01,0.555837,1.240240,2.322982,
2011-11-02,0.580122,1.299327,2.396534,
2011-11-03,0.580730,1.337988,2.486585,
2011-11-04,0.579209,1.309124,2.441020,
2011-11-07,0.560606,1.272469,2.409096,
2011-11-08,0.548497,1.250692,2.384344,
2011-11-09,0.549414,1.211135,2.294083,
2011-11-10,0.545871,1.221482,2.316499,
2011-11-11,0.570407,1.294584,2.418008,
2011-11-14,0.515284,1.204671,2.322232,
2011-11-15,0.514252,1.163560,2.260464,
2011-11-16,0.528355,1.187753,2.285301,
2011-11-17,0.560519,1.263104,2.350379,
2011-11-18,0.538830,1.268748,2.388150,
2011-11-21,0.520922,1.223718,2.338532,
2011-11-22,0.505161,1.200567,2.311803,
2011-11-23,0.507598,1.195565,2.283700,
2011-11-24,0.506371,1.212086,2.299973,
2011-11-25,0.501026,1.285523,2.437102,
2011-11-28,0.430570,1.209096,2.387331,
2011-11-29,0.441433,1.203582,2.356532,
2011-11-30,0.485792,1.275204,2.427497,
2011-12-01,0.383457,1.187931,2.393641,
2011-12-02,0.397602,1.191834,2.422296,
2011-12-05,0.398605,1.195694,2.468516,
2011-12-06,0.347394,1.084905,2.350972,
2011-12-07,0.365770,1.081386,2.344209,
2011-12-08,0.348129,0.997044,2.242732,
2011-12-09,0.392206,1.062274,2.281277,
2011-12-12,0.361698,1.015665,2.215661,
2011-12-13,0.366982,1.040469,2.239571,
2011-12-14,0.354066,1.034451,2.212242,
2011-12-15,0.378997,1.079164,2.232527,
2011-12-16,0.323843,1.013437,2.169025,
2011-12-19,0.337328,1.045650,2.197958,
2011-12-20,0.372009,1.086725,2.218714,
2011-12-21,0.359606,1.056009,2.162694,
2011-12-22,0.345060,1.048031,2.170656,
2011-12-23,0.349017,1.048240,2.164515,
2011-12-28,0.336584,1.033099,2.147703,
2011-12-29,0.308944,0.981422,2.089664,
2011-12-30,0.327545,1.000989,2.104980,
2012-01-03,0.353355,1.048838,2.154968,
2012-01-04,0.385988,1.070558,2.167308,
2012-01-05,0.403633,1.073099,2.173165,
2012-01-06,0.400981,1.038535,2.150616,
2012-01-09,0.383566,1.000679,2.121917,
2012-01-10,0.416836,1.056444,2.187323,
2012-01-11,0.391361,1.006204,2.128679,
2012-01-12,0.388373,1.003695,2.144830,
2012-01-13,0.378057,0.963872,2.096134,
2012-01-16,0.382309,0.966227,2.097370,
2012-01-17,0.397544,0.980442,2.089041,
2012-01-18,0.416783,0.994456,2.077865,
2012-01-19,0.376594,1.020948,2.183672,
2012-01-20,0.397153,1.052956,2.238795,
2012-01-23,0.422570,1.123243,2.302160,
2012-01-24,0.441036,1.136992,2.313565,
2012-01-25,0.417465,1.111558,2.291195,
2012-01-26,0.377474,1.044561,2.228635,
2012-01-27,0.372719,1.018232,2.199290,
2012-01-30,0.359348,0.972693,2.124052,
2012-01-31,0.343578,0.954381,2.098320,
2012-02-01,0.378541,1.009876,2.175183,
2012-02-02,0.377007,1.046778,2.234758,
2012-02-03,0.398811,1.110858,2.320666,
2012-02-06,0.408379,1.114486,2.304675,
2012-02-07,0.428395,1.158241,2.361478,
2012-02-08,0.398214,1.122959,2.341527,
2012-02-09,0.407001,1.109544,2.395619,
2012-02-10,0.364892,0.998091,2.291457,
2012-02-13,0.361020,0.991391,2.285801,
2012-02-14,0.360661,0.966727,2.250443,
2012-02-15,0.363641,0.961613,2.228874,
2012-02-16,0.379682,0.997356,2.277837,
2012-02-17,0.402942,1.056970,2.343853,
2012-02-20,0.412158,1.096579,2.395203,
2012-02-21,0.407083,1.081419,2.369659,
2012-02-22,0.383324,1.024155,2.295015,
2012-02-23,0.371730,0.986998,2.258057,
2012-02-24,0.363864,0.966792,2.231157,
2012-02-27,0.370118,0.947927,2.208670,
2012-02-28,0.382878,0.957661,2.196208,
2012-02-29,0.382950,1.000980,2.258154,
2012-03-01,0.420472,1.060328,2.305686,
2012-03-02,0.371056,0.982609,2.234485,
2012-03-05,0.417211,1.044617,2.281475,
2012-03-06,0.401420,1.013997,2.217712,
2012-03-07,0.411867,1.033826,2.233717,
2012-03-08,0.412750,1.040018,2.241579,
2012-03-09,0.414566,1.049769,2.250486,
2012-03-12,0.411142,1.012702,2.185315,
2012-03-13,0.439085,1.075791,2.266859,
2012-03-14,0.476444,1.201937,2.442739,
2012-03-15,0.434623,1.204008,2.478046,
2012-03-16,0.449046,1.259959,2.558302,
2012-03-19,0.456637,1.249459,2.542484,
2012-03-20,0.446521,1.242894,2.537066,
2012-03-21,0.453703,1.223373,2.486533,
2012-03-22,0.443489,1.190061,2.437612,
2012-03-23,0.432039,1.142219,2.382206,
2012-03-26,0.467833,1.192454,2.440690,
2012-03-27,0.436130,1.128191,2.364692,
2012-03-28,0.426871,1.090623,2.310299,
2012-03-29,0.418534,1.073778,2.298709,
2012-03-30,0.404064,1.063874,2.302573,
2012-04-02,0.411476,1.079539,2.326109,
2012-04-03,0.394565,1.048475,2.270209,
2012-04-04,0.406922,1.091859,2.309432,
2012-04-05,0.393923,1.056648,2.255917,
2012-04-10,0.364577,0.956439,2.103230,
2012-04-11,0.380580,0.985556,2.148492,
2012-04-12,0.373035,0.994737,2.188112,
2012-04-13,0.365231,0.963145,2.144735,
2012-04-16,0.372337,0.961491,2.134691,
2012-04-17,0.400186,1.021610,2.203845,
2012-04-18,0.432989,1.079022,2.237924,
2012-04-19,0.440406,1.106855,2.256357,
2012-04-20,0.471456,1.157535,2.282709,
2012-04-23,0.448948,1.110631,2.229773,
2012-04-24,0.422121,1.075783,2.201904,
2012-04-25,0.415905,1.087905,2.248237,
2012-04-26,0.393473,1.051838,2.208325,
2012-04-27,0.412613,1.081230,2.233686,
2012-04-30,0.438577,1.106473,2.222516,
2012-05-01,0.431336,1.094266,2.207568,
2012-05-02,0.412526,1.058468,2.155934,
2012-05-03,0.408977,1.055439,2.149854,
2012-05-04,0.398427,1.023777,2.108068,
2012-05-08,0.401472,0.986319,2.044727,
2012-05-09,0.400262,0.973368,2.016944,
2012-05-10,0.418918,1.039322,2.105355,
2012-05-11,0.402294,1.008132,2.085329,
2012-05-14,0.381308,0.943272,1.997860,
2012-05-15,0.379594,0.950626,2.014051,
2012-05-16,0.357435,0.917462,1.995729,
2012-05-17,0.326672,0.871334,1.956220,
2012-05-18,0.303356,0.851272,1.946643,
2012-05-21,0.294616,0.866308,1.969337,
2012-05-22,0.289595,0.883611,1.996866,
2012-05-23,0.252115,0.803156,1.893125,
2012-05-24,0.234204,0.796887,1.898924,
2012-05-25,0.219399,0.777275,1.877444,
2012-05-28,0.231611,0.788474,1.886584,
2012-05-29,0.271526,0.822319,1.901068,
2012-05-30,0.242826,0.728965,1.763916,
2012-05-31,0.224849,0.684235,1.678067,
2012-06-01,0.244378,0.684963,1.637630,
2012-06-06,0.262424,0.778669,1.775426,
2012-06-07,0.264262,0.825374,1.830011,
2012-06-08,0.233777,0.763063,1.735506,
2012-06-11,0.253817,0.796133,1.762395,
2012-06-12,0.272925,0.845423,1.811015,
2012-06-13,0.276782,0.873782,1.872459,
2012-06-14,0.283137,0.876020,1.858762,
2012-06-15,0.216468,0.790738,1.800029,
2012-06-18,0.226759,0.772907,1.791911,
2012-06-19,0.220574,0.782435,1.849875,
2012-06-20,0.279199,0.843617,1.900571,
2012-06-21,0.261402,0.797518,1.825780,
2012-06-22,0.288498,0.829976,1.850207,
2012-06-25,0.260372,0.786049,1.798737,
2012-06-26,0.265516,0.793580,1.813117,
2012-06-27,0.268421,0.798835,1.815482,
2012-06-28,0.253417,0.763450,1.767988,
2012-06-29,0.270315,0.829688,1.865059,
2012-07-02,0.263018,0.810751,1.829818,
2012-07-03,0.299772,0.872867,1.889557,
2012-07-04,0.273778,0.857746,1.855653,
2012-07-05,0.202280,0.762737,1.795413,
2012-07-06,0.176122,0.704275,1.731484,
2012-07-09,0.181749,0.695414,1.720050,
2012-07-10,0.194033,0.709019,1.721939,
2012-07-11,0.192413,0.694806,1.699096,
2012-07-12,0.184070,0.674587,1.666701,
2012-07-13,0.194788,0.684615,1.687211,
2012-07-16,0.174366,0.640641,1.632174,
2012-07-17,0.169502,0.634802,1.641862,
2012-07-18,0.121119,0.582386,1.613785,
2012-07-19,0.107450,0.616177,1.665897,
2012-07-20,0.086591,0.576100,1.623225,
2012-07-23,0.069159,0.558700,1.611568,
2012-07-24,0.059931,0.557338,1.606404,
2012-07-25,0.044381,0.543815,1.600123,
2012-07-26,0.068719,0.571027,1.619666,
2012-07-27,0.101768,0.623517,1.677992,
2012-07-30,0.095506,0.626369,1.684403,
2012-07-31,0.066103,0.572102,1.611098,
2012-08-01,0.070459,0.599781,1.662675,
2012-08-02,0.030891,0.531285,1.583278,
2012-08-03,0.087640,0.632926,1.707807,
2012-08-06,0.051309,0.579638,1.646622,
2012-08-07,0.098026,0.661728,1.749814,
2012-08-08,0.105642,0.636754,1.714462,
2012-08-09,0.134955,0.681829,1.766629,
2012-08-10,0.100154,0.616980,1.684839,
2012-08-13,0.110750,0.633297,1.709820,
2012-08-14,0.130559,0.669885,1.749793,
2012-08-15,0.168290,0.732811,1.833405,
2012-08-16,0.175071,0.747340,1.844287,
2012-08-17,0.149067,0.722705,1.824695,
2012-08-20,0.154687,0.725622,1.817432,
2012-08-21,0.197486,0.784600,1.862385,
2012-08-22,0.168483,0.730106,1.785627,
2012-08-23,0.148346,0.691935,1.721792,
2012-08-24,0.116780,0.651128,1.682768,
2012-08-28,0.101448,0.612846,1.642837,
2012-08-29,0.122133,0.635194,1.658958,
2012-08-30,0.090111,0.585784,1.606386,
2012-08-31,0.070022,0.578539,1.623584,
2012-09-03,0.074253,0.583025,1.645023,
2012-09-04,0.070005,0.563470,1.620187,
2012-09-05,0.094955,0.586473,1.638873,
2012-09-06,0.125902,0.638501,1.711191,
2012-09-07,0.106808,0.609962,1.681120,
2012-09-10,0.144855,0.656198,1.731276,
2012-09-11,0.166514,0.675680,1.734508,
2012-09-12,0.213236,0.763140,1.831790,
2012-09-13,0.208409,0.754570,1.807074,
2012-09-14,0.281820,0.888409,1.963555,
2012-09-17,0.260090,0.860831,1.919394,
2012-09-18,0.244436,0.825260,1.868223,
2012-09-19,0.241219,0.798040,1.830094,
2012-09-20,0.229358,0.768775,1.784620,
2012-09-21,0.237603,0.794385,1.826434,
2012-09-24,0.229804,0.779864,1.804766,
2012-09-25,0.224989,0.775309,1.808949,
2012-09-26,0.195970,0.681247,1.668973,
2012-09-27,0.201235,0.708694,1.713764,
2012-09-28,0.191643,0.698521,1.710547,
2012-10-01,0.194079,0.705701,1.727479,
2012-10-02,0.180345,0.676265,1.705161,
2012-10-03,0.165914,0.650402,1.680136,
2012-10-04,0.171129,0.661731,1.698974,
2012-10-05,0.199833,0.717094,1.771021,
2012-10-08,0.181146,0.679337,1.731174,
2012-10-09,0.181360,0.679337,1.726743,
2012-10-10,0.211960,0.723065,1.765341,
2012-10-11,0.218845,0.739442,1.784635,
2012-10-12,0.187626,0.687668,1.724259,
2012-10-15,0.213722,0.723360,1.761360,
2012-10-16,0.247234,0.780301,1.826943,
2012-10-17,0.273543,0.864849,1.926708,
2012-10-18,0.277337,0.869776,1.929810,
2012-10-19,0.256528,0.834920,1.897979,
2012-10-22,0.266779,0.858403,1.921957,
2012-10-23,0.236428,0.793766,1.840836,
2012-10-24,0.241413,0.813238,1.867114,
2012-10-25,0.265741,0.866408,1.936116,
2012-10-26,0.248359,0.832788,1.895127,
2012-10-29,0.224365,0.774865,1.822262,
2012-10-30,0.252417,0.806890,1.849729,
2012-10-31,0.259391,0.825148,1.874902,
2012-11-01,0.266974,0.836170,1.888322,
2012-11-02,0.254177,0.822014,1.876473,
2012-11-05,0.225313,0.778816,1.836869,
2012-11-06,0.226049,0.774857,1.836358,
2012-11-07,0.208563,0.727597,1.779455,
2012-11-08,0.214081,0.742985,1.793692,
2012-11-09,0.224716,0.726926,1.753681,
2012-11-12,0.219048,0.715374,1.737671,
2012-11-13,0.238456,0.725874,1.732138,
2012-11-14,0.239172,0.750313,1.775694,
2012-11-15,0.233016,0.745199,1.758737,
2012-11-16,0.241362,0.756105,1.756553,
2012-11-19,0.265000,0.795816,1.802219,
2012-11-20,0.301016,0.857979,1.878187,
2012-11-21,0.307133,0.863152,1.882928,
2012-11-22,0.313353,0.867443,1.873005,
2012-11-23,0.313213,0.867187,1.868022,
2012-11-26,0.316648,0.867567,1.863177,
2012-11-27,0.331478,0.886879,1.877135,
2012-11-28,0.283010,0.814924,1.792930,
2012-11-29,0.282669,0.805891,1.778634,
2012-11-30,0.313839,0.834590,1.796933,
2012-12-03,0.335889,0.871019,1.846346,
2012-12-04,0.319834,0.853540,1.838713,
2012-12-05,0.299641,0.819041,1.809590,
2012-12-06,0.255981,0.779190,1.777267,
2012-12-07,0.251945,0.778708,1.778695,
2012-12-10,0.272634,0.805221,1.811964,
2012-12-11,0.288859,0.827922,1.846650,
2012-12-12,0.292303,0.840980,1.865057,
2012-12-13,0.317271,0.874602,1.905482,
2012-12-14,0.328914,0.891904,1.912745,
2012-12-17,0.350730,0.921317,1.941598,
2012-12-18,0.376104,0.972661,2.007883,
2012-12-19,0.379435,0.986765,2.021557,
2012-12-20,0.374677,0.986325,2.007486,
2012-12-21,0.331480,0.930907,1.945172,
2012-12-24,0.340678,0.940960,1.951511,
2012-12-27,0.287794,0.868840,1.866597,
2012-12-28,0.313532,0.890941,1.880520,
2012-12-31,0.315220,0.894347,1.887622,
2013-01-02,0.396099,1.023554,2.056007,
2013-01-03,0.443735,1.088893,2.144954,
2013-01-04,0.461073,1.128250,2.190617,
2013-01-07,0.433487,1.098580,2.156563,
2013-01-08,0.388881,1.048554,2.100302,
2013-01-09,0.380132,1.036959,2.095160,
2013-01-10,0.403172,1.088800,2.172917,
2013-01-11,0.398397,1.081350,2.161227,
2013-01-14,0.382964,1.045444,2.112684,
2013-01-15,0.369294,1.026827,2.099279,
2013-01-16,0.352721,0.999607,2.073838,
2013-01-17,0.382674,1.035752,2.117197,
2013-01-18,0.369260,1.015038,2.086626,
2013-01-21,0.406453,1.057863,2.133469,
2013-01-22,0.393918,1.038056,2.103067,
2013-01-23,0.357601,1.004907,2.076120,
2013-01-24,0.359052,1.015506,2.095082,
2013-01-25,0.365153,1.053797,2.141428,
2013-01-28,0.385125,1.091106,2.189372,
2013-01-29,0.378356,1.079536,2.171172,
2013-01-30,0.379489,1.095363,2.203165,
2013-01-31,0.377248,1.079843,2.188292,
2013-02-01,0.349453,1.064942,2.190490,
2013-02-04,0.312160,1.036400,2.175759,
2013-02-05,0.334311,1.066591,2.221116,
2013-02-06,0.316138,1.046424,2.200558,
2013-02-07,0.312862,1.048560,2.206544,
2013-02-08,0.304160,1.042906,2.202060,
2013-02-11,0.305012,1.049594,2.219902,
2013-02-12,0.300353,1.046525,2.220838,
2013-02-13,0.342119,1.119572,2.332697,
2013-02-14,0.285796,1.087243,2.330399,
2013-02-15,0.293901,1.094442,2.327060,
2013-02-18,0.291966,1.094847,2.327148,
2013-02-19,0.277002,1.080831,2.320414,
2013-02-20,0.239628,1.059984,2.344280,
2013-02-21,0.211370,0.986761,2.255076,
2013-02-22,0.228654,0.999888,2.263828,
2013-02-25,0.200709,0.969020,2.235062,
2013-02-26,0.171785,0.901362,2.118283,
2013-02-27,0.205060,0.908571,2.101449,
2013-02-28,0.218594,0.920281,2.111733,
2013-03-01,0.170781,0.847652,2.005985,
2013-03-04,0.190456,0.875723,2.043049,
2013-03-05,0.191693,0.907913,2.102460,
2013-03-06,0.162130,0.887194,2.095579,
2013-03-07,0.188017,0.931874,2.156864,
2013-03-08,0.211156,0.963804,2.204485,
2013-03-11,0.179210,0.922359,2.161181,
2013-03-12,0.160114,0.880527,2.113418,
2013-03-13,0.177786,0.886359,2.112691,
2013-03-14,0.179111,0.881784,2.108040,
2013-03-15,0.175244,0.866621,2.083527,
2013-03-18,0.157816,0.829141,2.034985,
2013-03-19,0.145695,0.782552,1.961708,
2013-03-20,0.151552,0.798316,2.006796,
2013-03-21,0.164613,0.798180,1.992145,
2013-03-22,0.180496,0.802019,1.982176,
2013-03-25,0.151748,0.765767,1.934332,
2013-03-26,0.162717,0.766415,1.921818,
2013-03-27,0.139983,0.716902,1.853771,
2013-03-28,0.170755,0.756136,1.900563,
2013-04-02,0.173073,0.760969,1.907518,
2013-04-03,0.157240,0.740548,1.882157,
2013-04-04,0.162967,0.719166,1.834139,
2013-04-05,0.148143,0.671078,1.748497,
2013-04-08,0.186645,0.726038,1.815817,
2013-04-09,0.196977,0.751536,1.863112,
2013-04-10,0.211169,0.790275,1.914255,
2013-04-11,0.186655,0.775243,1.899147,
2013-04-12,0.172929,0.745082,1.860357,
2013-04-15,0.170837,0.731473,1.839475,
2013-04-16,0.185893,0.756168,1.865264,
2013-04-17,0.173532,0.718985,1.813931,
2013-04-18,0.164574,0.705445,1.785378,
2013-04-19,0.193111,0.722213,1.788205,
2013-04-22,0.192043,0.716809,1.778149,
2013-04-23,0.228203,0.769323,1.842451,
2013-04-24,0.207925,0.742409,1.816415,
2013-04-25,0.226670,0.776571,1.858545,
2013-04-26,0.207778,0.744303,1.809271,
2013-04-29,0.194578,0.722013,1.776005,
2013-04-30,0.203021,0.734285,1.792230,
2013-05-01,0.188504,0.728754,1.787459,
2013-05-02,0.174107,0.689341,1.732218,
2013-05-03,0.234949,0.791732,1.852791,
2013-05-07,0.254796,0.845596,1.921889,
2013-05-08,0.241151,0.824039,1.892959,
2013-05-09,0.249938,0.836868,1.913584,
2013-05-10,0.286958,0.913373,2.022286,
2013-05-13,0.276792,0.906234,2.020619,
2013-05-14,0.287422,0.919404,2.037224,
2013-05-15,0.309656,0.946356,2.069927,
2013-05-16,0.277600,0.896392,2.011238,
2013-05-17,0.296384,0.911851,2.028531,
2013-05-20,0.310933,0.932664,2.060260,
2013-05-21,0.318822,0.943739,2.081356,
2013-05-22,0.299683,0.910678,2.044002,
2013-05-23,0.305706,0.930418,2.062967,
2013-05-24,0.308266,0.927363,2.040771,
2013-05-28,0.340752,0.977070,2.105247,
2013-05-29,0.354692,1.016024,2.150922,
2013-05-30,0.342500,0.988251,2.110349,
2013-05-31,0.357478,1.023706,2.163397,
2013-06-03,0.342538,1.018081,2.155727,
2013-06-04,0.367791,1.057108,2.202928,
2013-06-05,0.350782,1.033592,2.175945,
2013-06-06,0.362896,1.054161,2.196014,
2013-06-07,0.390228,1.099602,2.233442,
2013-06-10,0.423324,1.154753,2.299627,
2013-06-11,0.476318,1.246978,2.334229,
2013-06-12,0.445066,1.206252,2.314759,
2013-06-13,0.431921,1.176988,2.282053,
2013-06-14,0.401541,1.126466,2.224434,
2013-06-17,0.409218,1.139798,2.239864,
2013-06-18,0.443850,1.190072,2.298489,
2013-06-19,0.437443,1.185738,2.284695,
2013-06-20,0.517957,1.380315,2.455137,
2013-06-21,0.533202,1.434050,2.564037,
2013-06-24,0.608729,1.603898,2.722069,
2013-06-25,0.541221,1.531765,2.688909,
2013-06-26,0.448410,1.423064,2.612145,
2013-06-27,0.452697,1.408751,2.589978,
2013-06-28,0.423843,1.398043,2.617065,
2013-07-01,0.411037,1.386097,2.596251,
2013-07-02,0.400776,1.357102,2.561848,
2013-07-03,0.441565,1.386915,2.570076,
2013-07-04,0.407406,1.347832,2.570734,
2013-07-05,0.425739,1.420581,2.678545,
2013-07-08,0.406704,1.401379,2.676744,
2013-07-09,0.360272,1.337057,2.625637,
2013-07-10,0.383241,1.334820,2.605059,
2013-07-11,0.374662,1.308324,2.570544,
2013-07-12,0.358888,1.267160,2.508597,
2013-07-15,0.372063,1.285661,2.530229,
2013-07-16,0.327601,1.214491,2.465208,
2013-07-17,0.314077,1.209454,2.491962,
2013-07-18,0.287353,1.171351,2.461275,
2013-07-19,0.334928,1.218938,2.492697,
2013-07-22,0.336274,1.208018,2.467525,
2013-07-23,0.358709,1.249661,2.505961,
2013-07-24,0.384032,1.314723,2.595068,
2013-07-25,0.363935,1.304054,2.593964,
2013-07-26,0.320435,1.241277,2.534407,
2013-07-29,0.335018,1.244092,2.530758,
2013-07-30,0.337528,1.234746,2.517034,
2013-07-31,0.334101,1.252088,2.558127,
2013-08-01,0.341508,1.283588,2.610571,
2013-08-02,0.369291,1.324544,2.633709,
2013-08-05,0.411592,1.384791,2.682942,
2013-08-06,0.405206,1.395529,2.687072,
2013-08-07,0.412320,1.412126,2.690138,
2013-08-08,0.395741,1.402644,2.695077,
2013-08-09,0.374324,1.380841,2.676323,
2013-08-12,0.394698,1.396959,2.679961,
2013-08-13,0.460631,1.512427,2.815764,
2013-08-14,0.481965,1.557999,2.858106,
2013-08-15,0.489290,1.612942,2.904765,
2013-08-16,0.487933,1.622784,2.926809,
2013-08-19,0.499132,1.657790,2.969743,
2013-08-20,0.443145,1.582589,2.905011,
2013-08-21,0.470944,1.614465,2.936427,
2013-08-22,0.474690,1.625673,2.942013,
2013-08-23,0.506056,1.647566,2.931840,
2013-08-27,0.463082,1.553771,2.816272,
2013-08-28,0.501469,1.593889,2.854247,
2013-08-29,0.468728,1.564487,2.826260,
2013-08-30,0.474645,1.569524,2.829327,
2013-09-02,0.506582,1.626812,2.894480,
2013-09-03,0.533284,1.663309,2.925004,
2013-09-04,0.536060,1.667089,2.924372,
2013-09-05,0.622906,1.809639,3.052499,
2013-09-06,0.573342,1.748793,2.985195,
2013-09-09,0.586667,1.761425,3.004449,
2013-09-10,0.603422,1.815998,3.069168,
2013-09-11,0.585597,1.794831,3.054968,
2013-09-12,0.559317,1.743546,2.997962,
2013-09-13,0.548382,1.720667,2.969935,
2013-09-16,0.551529,1.697681,2.939812,
2013-09-17,0.579887,1.748872,2.987473,
2013-09-18,0.631352,1.830444,3.051745,
2013-09-19,0.566088,1.708759,2.950612,
2013-09-20,0.571264,1.722255,2.974487,
2013-09-23,0.558218,1.709349,2.960846,
2013-09-24,0.500209,1.610570,2.846678,
2013-09-25,0.500819,1.578221,2.802019,
2013-09-26,0.514560,1.574111,2.796532,
2013-09-27,0.499739,1.549087,2.758193,
2013-09-30,0.509581,1.555242,2.759123,
2013-10-01,0.508985,1.555675,2.755829,
2013-10-02,0.489398,1.544230,2.749418,
2013-10-03,0.488545,1.552132,2.740221,
2013-10-04,0.523778,1.610573,2.785711,
2013-10-07,0.501841,1.583965,2.758745,
2013-10-08,0.502019,1.586995,2.764577,
2013-10-09,0.489958,1.555691,2.746095,
2013-10-10,0.497535,1.595405,2.806679,
2013-10-11,0.502282,1.587163,2.792347,
2013-10-14,0.519116,1.607730,2.816284,
2013-10-15,0.565163,1.663701,2.873061,
2013-10-16,0.573761,1.688721,2.915216,
2013-10-17,0.545764,1.615536,2.826192,
2013-10-18,0.537218,1.590756,2.792901,
2013-10-21,0.557330,1.617040,2.818891,
2013-10-22,0.491267,1.520167,2.720036,
2013-10-23,0.476890,1.490817,2.683537,
2013-10-24,0.512909,1.529607,2.714520,
2013-10-25,0.504401,1.517115,2.691925,
2013-10-28,0.512904,1.526982,2.694467,
2013-10-29,0.488461,1.503708,2.681723,
2013-10-30,0.462809,1.458262,2.629607,
2013-10-31,0.493530,1.516106,2.704520,
2013-11-01,0.497178,1.535042,2.742230,
2013-11-04,0.482212,1.518552,2.731400,
2013-11-05,0.544238,1.614237,2.814291,
2013-11-06,0.531030,1.609047,2.815581,
2013-11-07,0.480436,1.551158,2.776944,
2013-11-08,0.548751,1.643026,2.870423,
2013-11-11,0.566806,1.673168,2.897526,
2013-11-12,0.540540,1.650903,2.895880,
2013-11-13,0.544704,1.651381,2.896255,
2013-11-14,0.523965,1.615005,2.855970,
2013-11-15,0.497299,1.586087,2.843283,
2013-11-18,0.502150,1.574140,2.823091,
2013-11-19,0.527792,1.592657,2.826355,
2013-11-20,0.521066,1.596589,2.835021,
2013-11-21,0.535237,1.669627,2.935244,
2013-11-22,0.523283,1.644977,2.907884,
2013-11-25,0.514447,1.622321,2.879506,
2013-11-26,0.511331,1.600152,2.843899,
2013-11-27,0.531209,1.620226,2.864101,
2013-11-28,0.519958,1.607721,2.852186,
2013-11-29,0.539945,1.636390,2.877574,
2013-12-02,0.585765,1.708772,2.963213,
2013-12-03,0.570130,1.691916,2.931045,
2013-12-04,0.596426,1.753633,3.016661,
2013-12-05,0.594726,1.761987,3.033489,
2013-12-06,0.596785,1.760417,3.011186,
2013-12-09,0.603604,1.784517,3.031855,
2013-12-10,0.577173,1.757836,3.000765,
2013-12-11,0.567652,1.748948,2.994121,
2013-12-12,0.591051,1.780197,3.028909,
2013-12-13,0.580040,1.773952,3.025518,
2013-12-16,0.568351,1.759060,3.007316,
2013-12-17,0.553816,1.751442,3.006272,
2013-12-18,0.585820,1.805553,3.045810,
2013-12-19,0.650129,1.873211,3.085480,
2013-12-20,0.653013,1.884165,3.064892,
2013-12-23,0.690006,1.923692,3.089045,
2013-12-24,0.709999,1.946634,3.105149,
2013-12-27,0.774875,2.039699,3.204659,
2013-12-30,0.712970,1.991854,3.160178,
2013-12-31,0.716432,1.996340,3.157088,
2014-01-02,0.679913,1.980426,3.162514,
2014-01-03,0.684236,1.979459,3.157950,
2014-01-06,0.651128,1.931036,3.105341,
2014-01-07,0.663245,1.920223,3.083090,
2014-01-08,0.715277,1.969474,3.114050,
2014-01-09,0.719493,1.975184,3.107586,
2014-01-10,0.670221,1.892227,3.012371,
2014-01-13,0.628476,1.835068,2.963828,
2014-01-14,0.650318,1.843048,2.959250,
2014-01-15,0.671414,1.878301,2.996778,
2014-01-16,0.641624,1.826496,2.942201,
2014-01-17,0.667584,1.858375,2.963413,
2014-01-20,0.679555,1.860016,2.951615,
2014-01-21,0.689824,1.876329,2.956800,
2014-01-22,0.741895,1.942915,2.995007,
2014-01-23,0.699379,1.876357,2.929118,
2014-01-24,0.679383,1.832088,2.890571,
2014-01-27,0.694973,1.847329,2.901093,
2014-01-28,0.708466,1.879074,2.931868,
2014-01-29,0.654171,1.816120,2.885813,
2014-01-30,0.662442,1.812833,2.871649,
2014-01-31,0.640013,1.783849,2.834665,
2014-02-03,0.620179,1.766083,2.822006,
2014-02-04,0.617082,1.755416,2.826242,
2014-02-05,0.611056,1.730078,2.817817,
2014-02-06,0.636496,1.776856,2.876468,
2014-02-07,0.607196,1.743168,2.843045,
2014-02-10,0.609035,1.745942,2.855360,
2014-02-11,0.630069,1.773233,2.865477,
2014-02-12,0.712945,1.886813,2.946688,
2014-02-13,0.680122,1.852453,2.912458,
2014-02-14,0.691061,1.871083,2.920168,
2014-02-17,0.666553,1.852647,2.910518,
2014-02-18,0.646045,1.818559,2.883718,
2014-02-19,0.631103,1.794513,2.866607,
2014-02-20,0.680349,1.863394,2.942146,
2014-02-21,0.659993,1.844143,2.919976,
2014-02-24,0.653542,1.831213,2.907607,
2014-02-25,0.665110,1.819111,2.880667,
2014-02-26,0.669530,1.805442,2.859025,
2014-02-27,0.650181,1.763885,2.808914,
2014-02-28,0.656190,1.800220,2.856095,
2014-03-03,0.635673,1.745826,2.791182,
2014-03-04,0.650946,1.775782,2.831392,
2014-03-05,0.652344,1.793742,2.858109,
2014-03-06,0.663173,1.824991,2.909263,
2014-03-07,0.659300,1.831549,2.921747,
2014-03-10,0.673249,1.842973,2.929460,
2014-03-11,0.670028,1.831821,2.917418,
2014-03-12,0.667945,1.813568,2.883106,
2014-03-13,0.635180,1.766859,2.826816,
2014-03-14,0.641480,1.753445,2.799001,
2014-03-17,0.658315,1.769301,2.811408,
2014-03-18,0.663792,1.772953,2.810279,
2014-03-19,0.667120,1.783351,2.826706,
2014-03-20,0.702405,1.850894,2.900117,
2014-03-21,0.702943,1.850120,2.881519,
2014-03-24,0.686723,1.811619,2.829865,
2014-03-25,0.708218,1.828975,2.844917,
2014-03-26,0.709615,1.821427,2.832790,
2014-03-27,0.713238,1.806745,2.805368,
2014-03-28,0.759006,1.864824,2.857016,
2014-03-31,0.760141,1.874836,2.868699,
2014-04-01,0.747312,1.870761,2.876189,
2014-04-02,0.761616,1.895422,2.906664,
2014-04-03,0.741958,1.872588,2.886986,
2014-04-04,0.708116,1.808819,2.822635,
2014-04-07,0.699021,1.790273,2.800317,
2014-04-08,0.719241,1.818193,2.829836,
2014-04-09,0.719006,1.815449,2.830709,
2014-04-10,0.675117,1.735623,2.749789,
2014-04-11,0.688482,1.740550,2.747988,
2014-04-14,0.705733,1.764599,2.770941,
2014-04-15,0.687189,1.739417,2.736971,
2014-04-16,0.726132,1.784064,2.768170,
2014-04-17,0.770760,1.829140,2.793759,
2014-04-22,0.811176,1.889326,2.851764,
2014-04-23,0.764263,1.842696,2.808827,
2014-04-24,0.785792,1.870367,2.827618,
2014-04-25,0.756997,1.824370,2.771445,
2014-04-28,0.769985,1.852336,2.804128,
2014-04-29,0.777875,1.876108,2.827431,
2014-04-30,0.769145,1.861805,2.807752,
2014-05-01,0.757030,1.842402,2.778810,
2014-05-02,0.775538,1.855146,2.777803,
2014-05-06,0.830081,1.904536,2.791878,
2014-05-07,0.831013,1.909979,2.799954,
2014-05-08,0.802421,1.888150,2.785913,
2014-05-09,0.828724,1.920116,2.821287,
2014-05-12,0.868346,1.970782,2.871987,
2014-05-13,0.830231,1.913722,2.822261,
2014-05-14,0.762779,1.810241,2.733055,
2014-05-15,0.737528,1.753860,2.661891,
2014-05-16,0.778003,1.796153,2.702274,
2014-05-19,0.783251,1.814003,2.722661,
2014-05-20,0.795214,1.841691,2.755099,
2014-05-21,0.822858,1.873375,2.785242,
2014-05-22,0.821122,1.880411,2.795448,
2014-05-23,0.799537,1.857104,2.774483,
2014-05-27,0.804149,1.863640,2.778638,
2014-05-28,0.753389,1.782884,2.686964,
2014-05-29,0.758069,1.771847,2.670056,
2014-05-30,0.778989,1.803756,2.702867,
2014-06-02,0.802575,1.842696,2.751079,
2014-06-03,0.821099,1.879319,2.795225,
2014-06-04,0.839157,1.914007,2.841149,
2014-06-05,0.806279,1.887402,2.825897,
2014-06-06,0.811442,1.877543,2.806396,
2014-06-09,0.840179,1.915902,2.841040,
2014-06-10,0.868009,1.947711,2.871283,
2014-06-11,0.857202,1.936499,2.859488,
2014-06-12,0.870255,1.947078,2.859871,
2014-06-13,0.996179,2.032558,2.888196,
2014-06-16,1.030420,2.046059,2.890086,
2014-06-17,1.048563,2.068670,2.913955,
2014-06-18,1.008511,2.021201,2.873908,
2014-06-19,1.021850,2.033959,2.869258,
2014-06-20,1.039576,2.068817,2.903307,
2014-06-23,1.017487,2.038666,2.872007,
2014-06-24,1.017206,2.041497,2.878183,
2014-06-25,0.970246,1.963113,2.789014,
2014-06-26,0.977934,1.961634,2.776331,
2014-06-27,0.988043,1.966070,2.775524,
2014-06-30,1.016349,1.999239,2.812023,
2014-07-01,1.047942,2.037488,2.841497,
2014-07-02,1.083303,2.087116,2.887835,
2014-07-03,1.064231,2.079906,2.895111,
2014-07-04,1.074923,2.090275,2.902345,
2014-07-07,1.063585,2.068375,2.876391,
2014-07-08,1.020313,1.997575,2.801660,
2014-07-09,1.049996,2.015687,2.807035,
2014-07-10,1.037005,1.985825,2.771079,
2014-07-11,1.010229,1.958451,2.747850,
2014-07-14,1.005810,1.957305,2.753945,
2014-07-15,1.060201,2.014835,2.795983,
2014-07-16,1.058081,2.016420,2.798434,
2014-07-17,1.012066,1.953511,2.737300,
2014-07-18,1.028582,1.950061,2.717475,
2014-07-21,1.012141,1.934149,2.703267,
2014-07-22,1.033943,1.960132,2.728226,
2014-07-23,1.013922,1.932936,2.696094,
2014-07-24,1.049862,1.983257,2.745966,
2014-07-25,1.029552,1.951816,2.707369,
2014-07-28,1.043382,1.963143,2.716046,
2014-07-29,1.030687,1.932777,2.677203,
2014-07-30,1.059261,1.978565,2.729642,
2014-07-31,1.043340,1.988577,2.759820,
2014-08-01,1.005964,1.935715,2.698635,
2014-08-04,1.001080,1.919683,2.679340,
2014-08-05,1.028851,1.958346,2.723851,
2014-08-06,1.015194,1.914502,2.654422,
2014-08-07,1.001157,1.898078,2.633215,
2014-08-08,0.993010,1.870809,2.593429,
2014-08-11,1.018858,1.905862,2.633642,
2014-08-12,1.010684,1.895094,2.623235,
2014-08-13,0.922205,1.823012,2.589064,
2014-08-14,0.911718,1.808039,2.578595,
2014-08-15,0.878500,1.754163,2.505183,
2014-08-18,0.931035,1.822384,2.574632,
2014-08-19,0.897891,1.783003,2.538103,
2014-08-20,0.934374,1.814832,2.559377,
2014-08-21,0.911624,1.794675,2.547038,
2014-08-22,0.929133,1.804351,2.552547,
2014-08-26,0.903994,1.746006,2.476060,
2014-08-27,0.870001,1.686610,2.391326,
2014-08-28,0.884693,1.699818,2.389569,
2014-08-29,0.880070,1.702407,2.391601,
2014-09-01,0.890490,1.721477,2.412116,
2014-09-02,0.898201,1.751173,2.460502,
2014-09-03,0.914276,1.779342,2.498348,
2014-09-04,0.915677,1.792947,2.519943,
2014-09-05,0.870518,1.753538,2.497009,
2014-09-08,0.834059,1.721397,2.497465,
2014-09-09,0.853261,1.738617,2.505815,
2014-09-10,0.862125,1.758219,2.531613,
2014-09-11,0.874929,1.765060,2.531051,
2014-09-12,0.904046,1.807048,2.572833,
2014-09-15,0.901750,1.809694,2.576149,
2014-09-16,0.896077,1.805918,2.567968,
2014-09-17,0.918111,1.823830,2.556574,
2014-09-18,0.952065,1.883626,2.625457,
2014-09-19,0.955023,1.871218,2.580594,
2014-09-22,0.953173,1.853008,2.544990,
2014-09-23,0.941269,1.833845,2.523678,
2014-09-24,0.951957,1.838388,2.518321,
2014-09-25,0.932319,1.814596,2.498187,
2014-09-26,0.933807,1.813457,2.500204,
2014-09-29,0.922944,1.798689,2.482650,
2014-09-30,0.915794,1.780985,2.468205,
2014-10-01,0.880091,1.726828,2.411603,
2014-10-02,0.849938,1.692668,2.385349,
2014-10-03,0.888207,1.739844,2.436464,
2014-10-06,0.866439,1.706087,2.402708,
2014-10-07,0.833053,1.645561,2.336021,
2014-10-08,0.809727,1.602993,2.296334,
2014-10-09,0.803703,1.595897,2.309515,
2014-10-10,0.780324,1.560513,2.267374,
2014-10-13,0.729077,1.493099,2.209236,
2014-10-14,0.692781,1.447323,2.182298,
2014-10-15,0.585894,1.280615,2.036629,
2014-10-16,0.688614,1.395506,2.124072,
2014-10-17,0.757503,1.511627,2.238811,
2014-10-20,0.733502,1.477233,2.200084,
2014-10-21,0.739946,1.489899,2.212821,
2014-10-22,0.743572,1.511949,2.243100,
2014-10-23,0.749992,1.537335,2.281298,
2014-10-24,0.757690,1.545278,2.281666,
2014-10-27,0.730520,1.524869,2.259390,
2014-10-28,0.733170,1.540789,2.281187,
2014-10-29,0.724415,1.548194,2.305543,
2014-10-30,0.718172,1.535327,2.279852,
2014-10-31,0.742627,1.564712,2.305359,
2014-11-03,0.782089,1.601270,2.331458,
2014-11-04,0.752289,1.562026,2.282031,
2014-11-05,0.771009,1.587850,2.308716,
2014-11-06,0.758692,1.578538,2.301145,
2014-11-07,0.730787,1.542389,2.265479,
2014-11-10,0.727090,1.526680,2.247014,
2014-11-11,0.758319,1.569993,2.288024,
2014-11-12,0.715266,1.519482,2.244694,
2014-11-13,0.701265,1.505909,2.237782,
2014-11-14,0.674568,1.461850,2.199032,
2014-11-17,0.653210,1.430687,2.175698,
2014-11-18,0.668163,1.440479,2.179728,
2014-11-19,0.683903,1.459721,2.193725,
2014-11-20,0.662096,1.420764,2.157378,
2014-11-21,0.627063,1.376987,2.111794,
2014-11-24,0.636553,1.383061,2.107935,
2014-11-25,0.618158,1.349376,2.063422,
2014-11-26,0.594871,1.324010,2.029013,
2014-11-27,0.574775,1.286841,1.982762,
2014-11-28,0.595653,1.300331,1.985304,
2014-12-01,0.571342,1.267646,1.948172,
2014-12-02,0.626885,1.346115,2.027954,
2014-12-03,0.660854,1.392908,2.065286,
2014-12-04,0.635956,1.371077,2.043757,
2014-12-05,0.672835,1.412405,2.070438,
2014-12-08,0.650708,1.387164,2.028794,
2014-12-09,0.605604,1.320903,1.952961,
2014-12-10,0.619243,1.339408,1.974999,
2014-12-11,0.624536,1.331786,1.964733,
2014-12-12,0.557945,1.241119,1.861245,
2014-12-15,0.555771,1.251540,1.877558,
2014-12-16,0.550072,1.221807,1.831621,
2014-12-17,0.546438,1.211750,1.820874,
2014-12-18,0.610557,1.313976,1.930916,
2014-12-19,0.585234,1.292798,1.919523,
2014-12-22,0.568848,1.265315,1.888644,
2014-12-23,0.584693,1.288753,1.916607,
2014-12-24,0.599574,1.316367,1.945569,
2014-12-29,0.543907,1.244278,1.874618,
2014-12-30,0.538564,1.233626,1.860535,
2014-12-31,0.516113,1.198690,1.819632,
2015-01-02,0.502187,1.172138,1.787992,
2015-01-05,0.477127,1.115482,1.732235,
2015-01-06,0.457608,1.053697,1.655111,
2015-01-07,0.476634,1.072511,1.665795,
2015-01-08,0.503624,1.110249,1.703022,
2015-01-09,0.459147,1.056541,1.648572,
2015-01-12,0.462402,1.049900,1.634504,
2015-01-13,0.489654,1.070631,1.645957,
2015-01-14,0.471628,1.019977,1.569067,
2015-01-15,0.476651,1.028492,1.571652,
2015-01-16,0.494505,1.055588,1.596078,
2015-01-19,0.480133,1.047296,1.577107,
2015-01-20,0.487165,1.063956,1.579958,
2015-01-21,0.440716,1.000153,1.532593,
2015-01-22,0.440427,1.012280,1.565945,
2015-01-23,0.411528,0.973873,1.521157,
2015-01-26,0.455132,1.016959,1.555513,
2015-01-27,0.452934,0.999260,1.523847,
2015-01-28,0.452894,0.994247,1.506248,
2015-01-29,0.442846,0.964548,1.467312,
2015-01-30,0.417910,0.908572,1.386691,
2015-02-02,0.450128,0.953334,1.429240,
2015-02-03,0.492959,1.031173,1.509094,
2015-02-04,0.506872,1.072398,1.574984,
2015-02-05,0.511582,1.079670,1.594041,
2015-02-06,0.570952,1.170321,1.689149,
2015-02-09,0.537250,1.126888,1.656926,
2015-02-10,0.549451,1.166404,1.712207,
2015-02-11,0.542929,1.170842,1.731184,
2015-02-12,0.502492,1.135735,1.726364,
2015-02-13,0.496807,1.131076,1.733678,
2015-02-16,0.506161,1.149887,1.756728,
2015-02-17,0.538469,1.199738,1.820387,
2015-02-18,0.583522,1.276924,1.906987,
2015-02-19,0.556302,1.253180,1.886318,
2015-02-20,0.539737,1.220746,1.834915,
2015-02-23,0.556293,1.249643,1.867968,
2015-02-24,0.545546,1.230290,1.827229,
2015-02-25,0.529314,1.191714,1.772636,
2015-02-26,0.537456,1.219682,1.798368,
2015-02-27,0.586070,1.281113,1.856717,
2015-03-02,0.593108,1.294937,1.871937,
2015-03-03,0.623344,1.344076,1.932435,
2015-03-04,0.628983,1.374159,1.975409,
2015-03-05,0.607700,1.349055,1.956289,
2015-03-06,0.651424,1.430446,2.048469,
2015-03-09,0.647798,1.419677,2.029271,
2015-03-10,0.582990,1.306809,1.901252,
2015-03-11,0.590031,1.314914,1.906969,
2015-03-12,0.555394,1.246995,1.835264,
2015-03-13,0.519245,1.198506,1.795268,
2015-03-16,0.506854,1.174817,1.775823,
2015-03-17,0.509282,1.176149,1.769304,
2015-03-18,0.462597,1.102736,1.693253,
2015-03-19,0.433132,1.045251,1.619311,
2015-03-20,0.426229,1.042525,1.614714,
2015-03-23,0.408479,1.031658,1.607799,
2015-03-24,0.410776,1.037720,1.606846,
2015-03-25,0.402248,1.017949,1.575229,
2015-03-26,0.440731,1.109818,1.669315,
2015-03-27,0.409285,1.064918,1.630002,
2015-03-30,0.423741,1.085739,1.660045,
2015-03-31,0.433841,1.085104,1.660537,
2015-04-01,0.416480,1.059014,1.639607,
2015-04-02,0.451636,1.102276,1.686280,
2015-04-07,0.451249,1.100927,1.692176,
2015-04-08,0.462847,1.102484,1.677687,
2015-04-09,0.461167,1.101436,1.681651,
2015-04-10,0.461319,1.102532,1.693652,
2015-04-13,0.465308,1.111757,1.701090,
2015-04-14,0.432490,1.037914,1.611031,
2015-04-15,0.458100,1.078811,1.657955,
2015-04-16,0.485209,1.119764,1.701554,
2015-04-17,0.485259,1.110252,1.685264,
2015-04-20,0.477645,1.099436,1.669035,
2015-04-21,0.484679,1.103958,1.670830,
2015-04-22,0.564529,1.222647,1.795785,
2015-04-23,0.538657,1.207612,1.791426,
2015-04-24,0.515509,1.172648,1.746612,
2015-04-27,0.541961,1.209296,1.789121,
2015-04-28,0.534623,1.204118,1.791907,
2015-04-29,0.585171,1.308004,1.933656,
2015-04-30,0.572105,1.301744,1.944702,
2015-05-01,0.586526,1.315043,1.945493,
2015-05-05,0.636896,1.409574,2.085716,
2015-05-06,0.624095,1.406504,2.083785,
2015-05-07,0.607796,1.370361,2.036310,
2015-05-08,0.574749,1.321080,1.973456,
2015-05-11,0.620872,1.386174,2.032128,
2015-05-12,0.639485,1.431726,2.105133,
2015-05-13,0.625407,1.418473,2.100573,
2015-05-14,0.617302,1.407962,2.108423,
2015-05-15,0.573603,1.322334,2.015412,
2015-05-18,0.597523,1.365877,2.065296,
2015-05-19,0.595796,1.373435,2.073934,
2015-05-20,0.595575,1.384113,2.091586,
2015-05-21,0.601079,1.385528,2.085171,
2015-05-22,0.593414,1.359589,2.037592,
2015-05-26,0.585477,1.327247,1.987437,
2015-05-27,0.603028,1.345172,2.000216,
2015-05-28,0.577368,1.298735,1.952016,
2015-05-29,0.552603,1.263025,1.917766,
2015-06-01,0.565645,1.287334,1.961898,
2015-06-02,0.606653,1.367477,2.063540,
2015-06-03,0.640849,1.447083,2.187913,
2015-06-04,0.604489,1.390057,2.127553,
2015-06-05,0.631396,1.446580,2.193537,
2015-06-08,0.602046,1.411905,2.162777,
2015-06-09,0.630036,1.456023,2.224333,
2015-06-10,0.646854,1.491665,2.268482,
2015-06-11,0.607365,1.429444,2.195394,
2015-06-12,0.581281,1.361076,2.093954,
2015-06-15,0.604917,1.408464,2.151592,
2015-06-16,0.602605,1.397880,2.130985,
2015-06-17,0.658768,1.464552,2.189220,
2015-06-18,0.640631,1.438085,2.167401,
2015-06-19,0.626252,1.409411,2.133024,
2015-06-22,0.667504,1.485737,2.230505,
2015-06-23,0.685441,1.504183,2.241384,
2015-06-24,0.720773,1.538729,2.259208,
2015-06-25,0.747824,1.560513,2.269652,
2015-06-26,0.762223,1.591110,2.302605,
2015-06-29,0.683885,1.488207,2.189725,
2015-06-30,0.659267,1.456745,2.155196,
2015-07-01,0.698824,1.512864,2.220905,
2015-07-02,0.696030,1.500073,2.205834,
2015-07-03,0.662022,1.438855,2.127289,
2015-07-06,0.662027,1.451539,2.146001,
2015-07-07,0.572484,1.296613,1.946563,
2015-07-08,0.595075,1.358989,2.029942,
2015-07-09,0.625792,1.410306,2.087834,
2015-07-10,0.665243,1.496135,2.210729,
2015-07-13,0.687659,1.529613,2.248605,
2015-07-14,0.702461,1.547193,2.261796,
2015-07-15,0.731875,1.566864,2.267309,
2015-07-16,0.706964,1.520167,2.208455,
2015-07-17,0.730951,1.531601,2.210347,
2015-07-20,0.734452,1.528159,2.204012,
2015-07-21,0.734678,1.532744,2.216384,
2015-07-22,0.743390,1.511016,2.159557,
2015-07-23,0.748686,1.511245,2.153129,
2015-07-24,0.716557,1.451878,2.058136,
2015-07-27,0.697632,1.430957,2.045111,
2015-07-28,0.699018,1.437273,2.066539,
2015-07-29,0.710545,1.458117,2.097115,
2015-07-30,0.734785,1.471006,2.092284,
2015-07-31,0.678240,1.389228,2.007447,
2015-08-03,0.678626,1.385593,2.000986,
2015-08-04,0.673881,1.378213,1.995952,
2015-08-05,0.740313,1.468413,2.089900,
2015-08-06,0.710006,1.433290,2.041204,
2015-08-07,0.691304,1.389431,1.972823,
2015-08-10,0.729396,1.447651,2.041469,
2015-08-11,0.670512,1.364091,1.939887,
2015-08-12,0.638465,1.321319,1.903836,
2015-08-13,0.652335,1.355879,1.960951,
2015-08-14,0.671018,1.384476,1.998942,
2015-08-17,0.645801,1.342871,1.950733,
2015-08-18,0.679178,1.391801,2.002568,
2015-08-19,0.656362,1.370614,1.983345,
2015-08-20,0.619165,1.302228,1.890893,
2015-08-21,0.592965,1.254464,1.836436,
2015-08-24,0.581129,1.226455,1.804408,
2015-08-25,0.641627,1.318933,1.912532,
2015-08-26,0.632137,1.339779,1.959797,
2015-08-27,0.634508,1.354671,1.985565,
2015-08-28,0.641218,1.345439,1.966852,
2015-09-01,0.648187,1.342716,1.951333,
2015-09-02,0.645589,1.344624,1.958548,
2015-09-03,0.620690,1.308259,1.926806,
2015-09-04,0.580493,1.239631,1.843982,
2015-09-07,0.570732,1.224729,1.826179,
2015-09-08,0.591416,1.254315,1.858658,
2015-09-09,0.608909,1.276403,1.885222,
2015-09-10,0.604076,1.264912,1.874085,
2015-09-11,0.567129,1.219925,1.834524,
2015-09-14,0.584983,1.243175,1.863902,
2015-09-15,0.615881,1.292032,1.922902,
2015-09-16,0.653104,1.335711,1.958381,
2015-09-17,0.668418,1.352761,1.969877,
2015-09-18,0.587668,1.244373,1.861383,
2015-09-21,0.613337,1.281536,1.910611,
2015-09-22,0.536621,1.177493,1.797496,
2015-09-23,0.565893,1.206154,1.823578,
2015-09-24,0.519833,1.144318,1.756979,
2015-09-25,0.593193,1.243392,1.864898,
2015-09-28,0.552681,1.188673,1.802287,
2015-09-29,0.543743,1.169771,1.775269,
2015-09-30,0.543214,1.184042,1.791863,
2015-10-01,0.542553,1.173334,1.771113,
2015-10-02,0.512819,1.116475,1.722328,
2015-10-05,0.557739,1.182263,1.810370,
2015-10-06,0.555762,1.184992,1.821626,
2015-10-07,0.574522,1.211010,1.850666,
2015-10-08,0.561827,1.196752,1.835770,
2015-10-09,0.581522,1.233815,1.880329,
2015-10-12,0.550264,1.200028,1.845814,
2015-10-13,0.553193,1.206228,1.861553,
2015-10-14,0.498425,1.128493,1.785940,
2015-10-15,0.501195,1.134832,1.799883,
2015-10-16,0.514804,1.154289,1.818088,
2015-10-19,0.531834,1.177347,1.852337,
2015-10-20,0.548617,1.203983,1.882514,
2015-10-21,0.507851,1.151851,1.821471,
2015-10-22,0.503893,1.147026,1.825048,
2015-10-23,0.541688,1.204697,1.888762,
2015-10-26,0.521519,1.177362,1.854232,
2015-10-27,0.489850,1.123395,1.783800,
2015-10-28,0.510592,1.160981,1.825719,
2015-10-29,0.609336,1.289603,1.952676,
2015-10-30,0.599909,1.285277,1.945742,
2015-11-02,0.631049,1.318972,1.977084,
2015-11-03,0.663241,1.345944,1.998488,
2015-11-04,0.693119,1.377531,2.028237,
2015-11-05,0.658273,1.343738,2.006051,
2015-11-06,0.723358,1.416890,2.074761,
2015-11-09,0.715381,1.426401,2.096764,
2015-11-10,0.685120,1.393909,2.066009,
2015-11-11,0.701119,1.409344,2.079923,
2015-11-12,0.680470,1.383819,2.050962,
2015-11-13,0.657089,1.352625,2.020437,
2015-11-16,0.617137,1.309866,1.986200,
2015-11-17,0.649623,1.348450,2.024381,
2015-11-18,0.630258,1.313195,1.977849,
2015-11-19,0.606958,1.278571,1.935855,
2015-11-20,0.588445,1.256166,1.917325,
2015-11-23,0.593551,1.264756,1.930764,
2015-11-24,0.584627,1.246584,1.903942,
2015-11-25,0.606590,1.272702,1.929004,
2015-11-26,0.578816,1.233545,1.877489,
2015-11-27,0.573499,1.222666,1.857603,
2015-11-30,0.591820,1.239907,1.874133,
2015-12-01,0.549948,1.186672,1.810184,
2015-12-02,0.546129,1.175446,1.792370,
2015-12-03,0.637934,1.285853,1.915829,
2015-12-04,0.646856,1.316799,1.974152,
2015-12-07,0.571596,1.222915,1.864472,
2015-12-08,0.571956,1.222333,1.860536,
2015-12-09,0.606760,1.272993,1.925281,
2015-12-10,0.594974,1.253327,1.898444,
2015-12-11,0.567691,1.214615,1.851582,
2015-12-14,0.575936,1.224710,1.865963,
2015-12-15,0.644438,1.330013,1.993981,
2015-12-16,0.634602,1.322148,1.994059,
2015-12-17,0.599674,1.254826,1.900188,
2015-12-18,0.601215,1.250119,1.888003,
2015-12-21,0.594164,1.240106,1.870904,
2015-12-22,0.628304,1.293763,1.933677,
2015-12-23,0.641404,1.335919,1.994817,
2015-12-24,0.630183,1.320223,1.972502,
2015-12-29,0.648398,1.328081,1.962883,
2015-12-30,0.696599,1.402792,2.044088,
2015-12-31,0.675778,1.375208,2.009683,
2016-01-04,0.611093,1.297485,1.934177,2.684496
2016-01-05,0.593339,1.282928,1.929885,2.679990
2016-01-06,0.534982,1.210266,1.844250,2.614465
2016-01-07,0.540998,1.209917,1.858590,2.651983
2016-01-08,0.518128,1.168597,1.821300,2.633975
2016-01-11,0.512112,1.169265,1.826100,2.648340
2016-01-12,0.503003,1.150912,1.812460,2.625672
2016-01-13,0.491897,1.133730,1.802767,2.611826
2016-01-14,0.484362,1.117458,1.790045,2.606035
2016-01-15,0.421576,1.034808,1.713935,2.555889
2016-01-18,0.450233,1.069891,1.753127,2.587059
2016-01-19,0.467489,1.096367,1.770703,2.600633
2016-01-20,0.419460,1.036671,1.683896,2.524354
2016-01-21,0.441833,1.080950,1.735298,2.562143
2016-01-22,0.459618,1.121331,1.777958,2.583654
2016-01-25,0.429368,1.090208,1.746717,2.541432
2016-01-26,0.438283,1.096480,1.753904,2.530269
2016-01-27,0.434246,1.093650,1.755803,2.525183
2016-01-28,0.417799,1.065207,1.728083,2.506495
2016-01-29,0.343575,0.957344,1.635542,2.443343
2016-02-01,0.404872,1.018177,1.697550,2.509636
2016-02-02,0.366763,0.948029,1.620033,2.460494
2016-02-03,0.339333,0.901799,1.577952,2.421866
2016-02-04,0.359568,0.935068,1.636021,2.466452
2016-02-05,0.370091,0.939097,1.638347,2.478273
2016-02-08,0.274863,0.792363,1.471515,2.347267
2016-02-09,0.296788,0.803872,1.481332,2.365885
2016-02-10,0.321809,0.822490,1.489390,2.376709
2016-02-11,0.233223,0.682128,1.344798,2.274095
2016-02-12,0.340927,0.808627,1.470834,2.369719
2016-02-15,0.337994,0.824984,1.492370,2.393304
2016-02-16,0.318554,0.816669,1.494464,2.403194
2016-02-17,0.342154,0.856356,1.556856,2.458998
2016-02-18,0.322074,0.820268,1.512039,2.442791
2016-02-19,0.311080,0.791680,1.477016,2.416239
2016-02-22,0.298838,0.785227,1.472072,2.417030
2016-02-23,0.297203,0.793593,1.499720,2.437248
2016-02-24,0.264545,0.724331,1.421345,2.401686
2016-02-25,0.257718,0.731981,1.443070,2.448085
2016-02-26,0.286786,0.759819,1.488181,2.477526
2016-02-29,0.251252,0.690875,1.409563,2.412676
2016-03-01,0.293982,0.740602,1.468474,2.442669
2016-03-02,0.336999,0.808875,1.543599,2.462337
2016-03-03,0.337982,0.811327,1.529318,2.420268
2016-03-04,0.360794,0.843795,1.571590,2.451320
2016-03-07,0.351761,0.831336,1.559441,2.463336
2016-03-08,0.315625,0.762230,1.450119,2.322635
2016-03-09,0.359022,0.849156,1.553672,2.401149
2016-03-10,0.422126,0.918742,1.612312,2.415928
2016-03-11,0.463443,0.972561,1.659323,2.447742
2016-03-14,0.446963,0.952653,1.628456,2.403046
2016-03-15,0.426924,0.921895,1.612542,2.401353
2016-03-16,0.410172,0.902306,1.598891,2.414634
2016-03-17,0.377533,0.843670,1.539336,2.384360
2016-03-18,0.381884,0.847455,1.547499,2.383970
2016-03-21,0.391858,0.858897,1.564181,2.411651
2016-03-22,0.374138,0.838705,1.542858,2.404382
2016-03-23,0.359471,0.836667,1.535504,2.388611
2016-03-24,0.390708,0.860183,1.551815,2.422412
2016-03-29,0.367224,0.825070,1.506130,2.404543
2016-03-30,0.383742,0.850639,1.543111,2.434058
2016-03-31,0.341113,0.806351,1.504137,2.373169
2016-04-01,0.335639,0.812135,1.522631,2.395133
2016-04-04,0.329165,0.805871,1.518108,2.384771
2016-04-05,0.305533,0.758652,1.462898,2.351649
2016-04-06,0.296851,0.760605,1.479128,2.350741
2016-04-07,0.266558,0.705860,1.420575,2.299758
2016-04-08,0.298384,0.738176,1.466455,2.351143
2016-04-11,0.320674,0.759616,1.496606,2.390833
2016-04-12,0.353000,0.807802,1.545862,2.433721
2016-04-13,0.349529,0.802456,1.532283,2.392545
2016-04-14,0.358462,0.815143,1.545347,2.394796
2016-04-15,0.346062,0.795837,1.516877,2.372374
2016-04-18,0.377050,0.843318,1.576181,2.434195
2016-04-19,0.392323,0.880715,1.619872,2.455858
2016-04-20,0.364903,0.836935,1.563191,2.392215
2016-04-21,0.413785,0.929291,1.677194,2.472198
2016-04-22,0.422156,0.945375,1.697115,2.485093
2016-04-25,0.438965,0.958223,1.698770,2.474381
2016-04-26,0.474697,1.012419,1.755102,2.539503
2016-04-27,0.462721,0.987065,1.715949,2.505851
2016-04-28,0.453583,0.966257,1.691734,2.487275
2016-04-29,0.451475,0.968388,1.694745,2.474165
2016-05-03,0.411768,0.908812,1.619411,2.393571
2016-05-04,0.393552,0.900521,1.624320,2.411688
2016-05-05,0.363853,0.859267,1.575635,2.386393
2016-05-06,0.339286,0.815454,1.519989,2.345918
2016-05-09,0.328881,0.804807,1.519787,2.361106
2016-05-10,0.314439,0.790956,1.507356,2.351974
2016-05-11,0.314324,0.791741,1.498490,2.347390
2016-05-12,0.324061,0.805121,1.510289,2.367103
2016-05-13,0.313900,0.782663,1.480419,2.334759
2016-05-16,0.330983,0.802503,1.501031,2.344668
2016-05-17,0.317865,0.782578,1.471847,2.322221
2016-05-18,0.370545,0.851930,1.547036,2.397974
2016-05-19,0.373344,0.857782,1.542077,2.384648
2016-05-20,0.395578,0.889906,1.573517,2.407232
2016-05-23,0.397248,0.893515,1.569635,2.396769
2016-05-24,0.429365,0.926924,1.583992,2.396319
2016-05-25,0.418680,0.914694,1.558178,2.358184
2016-05-26,0.390345,0.883053,1.523723,2.311862
2016-05-27,0.414081,0.909832,1.547721,2.314412
2016-05-31,0.393530,0.904445,1.547400,2.287585
2016-06-01,0.355773,0.841074,1.482377,2.228805
2016-06-02,0.330038,0.810146,1.455494,2.213996
2016-06-03,0.288913,0.746097,1.388832,2.162987
2016-06-06,0.296268,0.745657,1.397133,2.184197
2016-06-07,0.305459,0.734405,1.376483,2.177808
2016-06-08,0.327181,0.742371,1.363909,2.155600
2016-06-09,0.328879,0.736960,1.350804,2.130872
2016-06-10,0.337126,0.735255,1.335797,2.116479
2016-06-13,0.328703,0.722561,1.328956,2.099415
2016-06-14,0.284088,0.646000,1.245590,2.029934
2016-06-15,0.274189,0.638068,1.231421,1.989788
2016-06-16,0.271533,0.624989,1.215457,1.983465
2016-06-17,0.314807,0.668260,1.258400,2.057798
2016-06-20,0.402464,0.769342,1.361869,2.159919
2016-06-21,0.430683,0.806432,1.399289,2.185275
2016-06-22,0.434648,0.827980,1.439575,2.209160
2016-06-23,0.446237,0.862498,1.480963,2.227470
2016-06-24,0.208635,0.567192,1.217166,1.994814
2016-06-27,0.090009,0.415628,1.072109,1.887976
2016-06-28,0.113872,0.436567,1.074798,1.858545
2016-06-29,0.133691,0.447525,1.063472,1.814229
2016-06-30,0.078958,0.395886,1.026317,1.786944
2016-07-01,0.117215,0.397121,0.985906,1.739417
2016-07-04,0.100848,0.378159,0.952924,1.711158
2016-07-05,0.075413,0.335739,0.894131,1.643591
2016-07-06,0.095853,0.343419,0.880242,1.631580
2016-07-07,0.099853,0.348827,0.898392,1.682351
2016-07-08,0.087355,0.327429,0.860960,1.649285
2016-07-11,0.107895,0.345975,0.868969,1.667607
2016-07-12,0.131292,0.392747,0.924513,1.717379
2016-07-13,0.072708,0.329744,0.861125,1.654369
2016-07-14,0.105478,0.370666,0.912782,1.686487
2016-07-15,0.125992,0.400414,0.959253,1.759127
2016-07-18,0.122084,0.388486,0.934469,1.743564
2016-07-19,0.125788,0.389810,0.928786,1.739109
2016-07-20,0.121616,0.401321,0.956135,1.782603
2016-07-21,0.113747,0.399539,0.971019,1.805966
2016-07-22,0.073073,0.358604,0.933848,1.766728
2016-07-25,0.069237,0.350816,0.932762,1.757408
2016-07-26,0.100165,0.370013,0.951438,1.781825
2016-07-27,0.053700,0.299240,0.849617,1.691199
2016-07-28,0.058446,0.293454,0.828336,1.680985
2016-07-29,0.041324,0.275186,0.799763,1.628224
2016-08-01,0.104063,0.321781,0.845231,1.665097
2016-08-02,0.130948,0.369726,0.921344,1.711987
2016-08-03,0.122045,0.354225,0.910554,1.688833
2016-08-04,0.039125,0.196105,0.742854,1.558826
2016-08-05,0.059086,0.209110,0.763128,1.549295
2016-08-08,0.028386,0.166921,0.721055,1.508870
2016-08-09,0.015134,0.141451,0.672980,1.440609
2016-08-10,0.037565,0.145787,0.640723,1.331816
2016-08-11,0.080620,0.171203,0.627952,1.276137
2016-08-12,0.072203,0.160936,0.622799,1.294338
2016-08-15,0.080580,0.174457,0.651392,1.333153
2016-08-16,0.115698,0.222825,0.699909,1.373356
2016-08-17,0.088758,0.202762,0.688258,1.383124
2016-08-18,0.088471,0.205428,0.687439,1.364929
2016-08-19,0.094372,0.239450,0.740989,1.418669
2016-08-22,0.073094,0.213750,0.697232,1.378569
2016-08-23,0.068009,0.205302,0.672552,1.324187
2016-08-24,0.084394,0.221024,0.689896,1.324882
2016-08-25,0.087524,0.225564,0.689568,1.323449
2016-08-26,0.081342,0.215335,0.659107,1.294117
2016-08-30,0.097123,0.226706,0.660925,1.300623
2016-08-31,0.089348,0.218201,0.661460,1.322162
2016-09-01,0.066868,0.228546,0.700148,1.339610
2016-09-02,0.089279,0.274293,0.770287,1.400828
2016-09-05,0.074095,0.252906,0.738120,1.368000
2016-09-06,0.045282,0.208988,0.697220,1.367077
2016-09-07,0.031489,0.192848,0.696611,1.356976
2016-09-08,0.089624,0.267532,0.786941,1.441007
2016-09-09,0.125525,0.335802,0.900247,1.569214
2016-09-12,0.110773,0.328299,0.901883,1.577245
2016-09-13,0.133095,0.352149,0.929635,1.610609
2016-09-14,0.119750,0.351767,0.928034,1.635749
2016-09-15,0.099284,0.343679,0.936819,1.660546
2016-09-16,0.082695,0.315583,0.905297,1.640267
2016-09-19,0.092032,0.327307,0.919047,1.681648
2016-09-20,0.061399,0.278671,0.840510,1.627072
2016-09-21,0.063728,0.283263,0.846466,1.649720
2016-09-22,0.044667,0.233179,0.753325,1.524120
2016-09-23,0.053324,0.240293,0.759909,1.529384
2016-09-26,0.039423,0.220736,0.736747,1.494415
2016-09-27,0.029663,0.195492,0.696282,1.441763
2016-09-28,0.020015,0.192810,0.701389,1.460144
2016-09-29,0.025029,0.219426,0.747775,1.510977
2016-09-30,0.073732,0.259051,0.796832,1.591595
2016-10-03,0.047425,0.233651,0.774460,1.550231
2016-10-04,0.060767,0.253493,0.799060,1.573743
2016-10-05,0.068390,0.290545,0.858592,1.620485
2016-10-06,0.080349,0.327268,0.921515,1.678458
2016-10-07,0.123618,0.400822,1.010851,1.734308
2016-10-10,0.163277,0.454453,1.064628,1.773498
2016-10-11,0.143340,0.431349,1.035277,1.756137
2016-10-12,0.162150,0.469371,1.089061,1.816698
2016-10-13,0.155636,0.449347,1.060138,1.776200
2016-10-14,0.182817,0.515892,1.147980,1.836172
2016-10-17,0.169297,0.525011,1.169605,1.843294
2016-10-18,0.170776,0.506638,1.131984,1.822206
2016-10-19,0.178263,0.508265,1.126789,1.810427
2016-10-20,0.182380,0.513144,1.126086,1.780176
2016-10-21,0.197657,0.518664,1.121258,1.772354
2016-10-24,0.208892,0.529684,1.134505,1.785421
2016-10-25,0.203474,0.521791,1.121693,1.775147
2016-10-26,0.248013,0.590770,1.204478,1.846643
2016-10-27,0.257130,0.646613,1.292416,1.892375
2016-10-28,0.263462,0.657157,1.307016,1.940982
2016-10-31,0.233643,0.634101,1.287736,1.918283
2016-11-01,0.239196,0.661283,1.333766,1.973088
2016-11-02,0.172580,0.580153,1.237788,1.901204
2016-11-03,0.182493,0.599308,1.263835,1.920747
2016-11-04,0.146262,0.540728,1.188486,1.845317
2016-11-07,0.168932,0.581754,1.246968,1.908808
2016-11-08,0.203771,0.619237,1.286546,1.931002
2016-11-09,0.190580,0.616730,1.290893,1.961231
2016-11-10,0.230849,0.697663,1.399115,2.060061
2016-11-11,0.233979,0.709884,1.419948,2.061960
2016-11-14,0.239102,0.750986,1.495447,2.120497
2016-11-15,0.213958,0.708372,1.437002,2.040013
2016-11-16,0.225396,0.730756,1.467330,2.049159
2016-11-17,0.204184,0.720542,1.452940,2.027867
2016-11-18,0.224868,0.768867,1.533624,2.101183
2016-11-21,0.203837,0.736437,1.486921,2.062135
2016-11-22,0.183872,0.707655,1.459336,2.057825
2016-11-23,0.172471,0.743446,1.534244,2.117841
2016-11-24,0.146838,0.711940,1.499679,2.082009
2016-11-25,0.123996,0.692650,1.481769,2.078566
2016-11-28,0.100833,0.649606,1.440605,2.053076
2016-11-29,0.102906,0.654483,1.450791,2.041660
2016-11-30,0.124640,0.674711,1.476462,2.047069
2016-12-01,0.143976,0.714694,1.539873,2.115012
2016-12-02,0.115256,0.648276,1.444498,2.040533
2016-12-05,0.114534,0.657920,1.467008,2.041973
2016-12-06,0.133331,0.678112,1.480993,2.066455
2016-12-07,0.122251,0.646647,1.433203,2.042671
2016-12-08,0.115099,0.647765,1.450831,2.044816
2016-12-09,0.139148,0.685167,1.506643,2.103098
2016-12-12,0.147720,0.716274,1.556987,2.157766
2016-12-13,0.133229,0.678890,1.501398,2.097825
2016-12-14,0.113246,0.645706,1.456545,2.066541
2016-12-15,0.166657,0.736385,1.575135,2.178762
2016-12-16,0.147678,0.715866,1.526082,2.126982
2016-12-19,0.114372,0.679207,1.479413,2.089510
2016-12-20,0.107199,0.683283,1.488131,2.094547
2016-12-21,0.083036,0.646544,1.440831,2.045464
2016-12-22,0.075394,0.641473,1.432639,2.019695
2016-12-23,0.064244,0.620575,1.401181,1.985772
2016-12-28,0.056640,0.595764,1.358731,1.946467
2016-12-29,0.047346,0.549154,1.284750,1.878322
2016-12-30,0.043756,0.549509,1.295547,1.895977
2017-01-03,0.128682,0.641809,1.397562,2.004154
2017-01-04,0.134178,0.637871,1.391486,2.004168
2017-01-05,0.142117,0.641068,1.384913,2.009250
2017-01-06,0.188908,0.688186,1.438827,2.050701
2017-01-09,0.179509,0.667401,1.414696,2.033718
2017-01-10,0.189019,0.677659,1.421016,2.033692
2017-01-11,0.176338,0.670182,1.422130,2.040495
2017-01-12,0.149872,0.622095,1.359004,1.990484
2017-01-13,0.176236,0.667625,1.428513,2.059737
2017-01-16,0.152448,0.633661,1.391047,2.030112
2017-01-17,0.159189,0.623598,1.366702,1.989665
2017-01-18,0.179137,0.645108,1.391133,2.004380
2017-01-19,0.208105,0.698245,1.459263,2.073868
2017-01-20,0.215094,0.718031,1.489765,2.096835
2017-01-23,0.183765,0.681644,1.448462,2.064532
2017-01-24,0.178743,0.679550,1.449160,2.033402
2017-01-25,0.196019,0.725780,1.529746,2.117462
2017-01-26,0.221495,0.766508,1.578185,2.157756
2017-01-27,0.195275,0.736770,1.537728,2.128866
2017-01-30,0.185698,0.726036,1.510281,2.100238
2017-01-31,0.174217,0.713359,1.485828,2.066472
2017-02-01,0.196682,0.746060,1.533071,2.115779
2017-02-02,0.151022,0.680046,1.461809,2.075642
2017-02-03,0.133783,0.654192,1.437850,2.067621
2017-02-06,0.117595,0.622887,1.397904,2.041727
2017-02-07,0.109021,0.599627,1.367187,2.020079
2017-02-08,0.112087,0.559114,1.299198,1.946631
2017-02-09,0.118666,0.564884,1.309355,1.953027
2017-02-10,0.132760,0.593046,1.345852,1.995716
2017-02-13,0.143242,0.612246,1.368856,2.025006
2017-02-14,0.140588,0.623216,1.389066,2.038024
2017-02-15,0.128696,0.615669,1.384623,2.054297
2017-02-16,0.094296,0.570707,1.331498,2.001992
2017-02-17,0.080363,0.531785,1.285236,1.970402
2017-02-20,0.089363,0.535284,1.299203,1.985560
2017-02-21,0.105070,0.551362,1.320733,1.990041
2017-02-22,0.079235,0.511143,1.278158,1.963504
2017-02-23,0.068922,0.480261,1.223659,1.931145
2017-02-24,0.058321,0.433750,1.147706,1.868537
2017-02-27,0.049311,0.425874,1.142044,1.865779
2017-02-28,0.046034,0.419577,1.130318,1.829557
2017-03-01,0.069733,0.462593,1.184477,1.857138
2017-03-02,0.072772,0.467836,1.197868,1.884442
2017-03-03,0.054335,0.450753,1.185725,1.895174
2017-03-06,0.062974,0.464534,1.205125,1.916460
2017-03-07,0.050780,0.441074,1.177638,1.881434
2017-03-08,0.058348,0.470911,1.226661,1.906794
2017-03-09,0.064562,0.467921,1.211883,1.889531
2017-03-10,0.068813,0.492565,1.240831,1.927768
2017-03-13,0.061541,0.489320,1.252798,1.937712
2017-03-14,0.041528,0.467365,1.238315,1.925681
2017-03-15,0.010269,0.442351,1.222760,1.919587
2017-03-16,0.041590,0.470147,1.248399,1.915994
2017-03-17,0.038715,0.464939,1.237900,1.895828
2017-03-20,0.045157,0.465066,1.235418,1.891332
2017-03-21,0.106451,0.507102,1.255134,1.907081
2017-03-22,0.079915,0.455546,1.175627,1.831322
2017-03-23,0.123776,0.504685,1.228794,1.877475
2017-03-24,0.139217,0.507048,1.207053,1.856780
2017-03-27,0.146870,0.499782,1.180955,1.837284
2017-03-28,0.146108,0.509785,1.196718,1.850005
2017-03-29,0.116141,0.482056,1.159889,1.832341
2017-03-30,0.079376,0.438745,1.127034,1.799743
2017-03-31,0.087165,0.438377,1.134269,1.794437
2017-04-03,0.077604,0.398310,1.074145,1.734240
2017-04-04,0.093766,0.402829,1.071613,1.739186
2017-04-05,0.096884,0.428573,1.103296,1.777617
2017-04-06,0.101561,0.438184,1.106344,1.778657
2017-04-07,0.085183,0.421411,1.087195,1.765856
2017-04-10,0.071195,0.421867,1.103027,1.774886
2017-04-11,0.055093,0.389944,1.064500,1.734577
2017-04-12,0.060853,0.392139,1.068633,1.738861
2017-04-13,0.067805,0.395650,1.061505,1.733344
2017-04-18,0.068766,0.392258,1.054600,1.721195
2017-04-19,0.089100,0.423933,1.084554,1.737253
2017-04-20,0.077962,0.422426,1.086638,1.742897
2017-04-21,0.048289,0.393005,1.058843,1.736145
2017-04-24,0.051607,0.412988,1.092261,1.771530
2017-04-25,0.061882,0.423843,1.106615,1.791788
2017-04-26,0.051326,0.420996,1.110702,1.802952
2017-04-27,0.030611,0.395594,1.089430,1.797026
2017-04-28,0.035052,0.406206,1.106688,1.793607
2017-05-02,0.045488,0.417061,1.119529,1.814839
2017-05-03,0.042939,0.405805,1.105791,1.817462
2017-05-04,0.069260,0.436715,1.143247,1.865428
2017-05-05,0.098554,0.447949,1.151685,1.883030
2017-05-08,0.109060,0.462760,1.176973,1.907634
2017-05-09,0.120096,0.504328,1.231358,1.924845
2017-05-10,0.101018,0.482183,1.200679,1.885011
2017-05-11,0.087817,0.468349,1.196690,1.882058
2017-05-12,0.070289,0.413127,1.123419,1.822701
2017-05-15,0.085143,0.433850,1.159412,1.874319
2017-05-16,0.084028,0.435918,1.147907,1.839105
2017-05-17,0.079364,0.402818,1.102219,1.792032
2017-05-18,0.072561,0.404737,1.095737,1.780710
2017-05-19,0.071192,0.421732,1.119213,1.784291
2017-05-22,0.057097,0.414653,1.114478,1.786455
2017-05-23,0.056984,0.407919,1.102773,1.764641
2017-05-24,0.059183,0.409707,1.105407,1.761681
2017-05-25,0.058516,0.393144,1.079130,1.743466
2017-05-26,0.058346,0.373461,1.048833,1.724515
2017-05-30,0.051363,0.360576,1.036594,1.739928
2017-05-31,0.077719,0.389763,1.066919,1.762902
2017-06-01,0.092724,0.421032,1.100662,1.788436
2017-06-02,0.085703,0.413496,1.087638,1.782577
2017-06-05,0.077597,0.415346,1.092542,1.789818
2017-06-06,0.062485,0.373222,1.029825,1.744670
2017-06-07,0.065414,0.371187,1.026286,1.718536
2017-06-08,0.081424,0.404623,1.077330,1.772667
2017-06-09,0.061691,0.375276,1.056003,1.770578
2017-06-12,0.051511,0.339803,1.020440,1.771577
2017-06-13,0.098688,0.389134,1.074918,1.840803
2017-06-14,0.057589,0.310085,0.975581,1.743584
2017-06-15,0.138274,0.419604,1.077880,1.826117
2017-06-16,0.119579,0.401046,1.063122,1.805962
2017-06-19,0.135251,0.415614,1.068596,1.788078
2017-06-20,0.101472,0.384248,1.046301,1.768976
2017-06-21,0.155154,0.420311,1.061293,1.757572
2017-06-22,0.161607,0.425955,1.055801,1.741067
2017-06-23,0.188791,0.447452,1.070814,1.748571
2017-06-26,0.194832,0.446033,1.063757,1.750003
2017-06-27,0.211916,0.486017,1.124888,1.793023
2017-06-28,0.249095,0.546108,1.195134,1.835740
2017-06-29,0.315093,0.625294,1.284577,1.928031
2017-06-30,0.307410,0.635198,1.297148,1.930736
2017-07-03,0.314018,0.645652,1.313901,1.951329
2017-07-04,0.294930,0.620513,1.289941,1.938629
2017-07-05,0.268250,0.599936,1.297802,1.955792
2017-07-06,0.322609,0.666719,1.363140,2.016368
2017-07-07,0.292694,0.641380,1.347485,2.016032
2017-07-10,0.260032,0.611223,1.314829,1.973337
2017-07-11,0.270247,0.626969,1.322374,1.974676
2017-07-12,0.269736,0.619527,1.305086,1.955803
2017-07-13,0.287933,0.641821,1.333043,1.976463
2017-07-14,0.293043,0.652044,1.354161,1.991692
2017-07-17,0.273633,0.620786,1.315402,1.973413
2017-07-18,0.240086,0.565628,1.252987,1.927534
2017-07-19,0.226949,0.541490,1.224059,1.896445
2017-07-20,0.253092,0.562634,1.248289,1.920310
2017-07-21,0.227547,0.530395,1.209649,1.887675
2017-07-24,0.234822,0.537512,1.218028,1.894193
2017-07-25,0.265404,0.585601,1.284621,1.951087
2017-07-26,0.231911,0.555784,1.263183,1.939228
2017-07-27,0.200384,0.520317,1.235171,1.927397
2017-07-28,0.208835,0.540781,1.253257,1.933614
2017-07-31,0.228954,0.555513,1.261308,1.935624
2017-08-01,0.217609,0.540851,1.241420,1.903995
2017-08-02,0.236241,0.569236,1.273709,1.935848
2017-08-03,0.187305,0.501737,1.191957,1.877167
2017-08-04,0.203260,0.514867,1.200929,1.887731
2017-08-07,0.175279,0.486518,1.173640,1.861484
2017-08-08,0.185904,0.497189,1.186120,1.866779
2017-08-09,0.169941,0.460832,1.135316,1.819843
2017-08-10,0.173790,0.453118,1.111019,1.797755
2017-08-11,0.165803,0.441967,1.096937,1.791214
2017-08-14,0.176280,0.455796,1.114513,1.810444
2017-08-15,0.182925,0.464194,1.123784,1.824425
2017-08-16,0.193231,0.485134,1.144257,1.848228
2017-08-17,0.187012,0.478579,1.133985,1.838897
2017-08-18,0.178928,0.468043,1.117434,1.823623
2017-08-21,0.176215,0.461952,1.103903,1.802689
2017-08-22,0.169264,0.464988,1.122552,1.820274
2017-08-23,0.151649,0.441413,1.089291,1.788927
2017-08-24,0.149537,0.443341,1.096389,1.793737
2017-08-25,0.135104,0.434085,1.092446,1.781482
2017-08-29,0.118628,0.398580,1.038968,1.738384
2017-08-30,0.134020,0.422649,1.078798,1.781444
2017-08-31,0.127023,0.419487,1.075840,1.772704
2017-09-01,0.139679,0.438733,1.104259,1.797797
2017-09-04,0.140969,0.434240,1.100994,1.807261
2017-09-05,0.129698,0.407746,1.060917,1.757875
2017-09-06,0.119152,0.398307,1.052245,1.744672
2017-09-07,0.098472,0.368334,1.006525,1.698841
2017-09-08,0.132094,0.408526,1.042084,1.722442
2017-09-11,0.176333,0.462280,1.086717,1.767027
2017-09-12,0.250256,0.557442,1.192282,1.870341
2017-09-13,0.253645,0.557046,1.194743,1.872941
2017-09-14,0.335068,0.645532,1.266022,1.923383
2017-09-15,0.415759,0.746644,1.364299,1.978808
2017-09-18,0.391256,0.728120,1.347705,1.968656
2017-09-19,0.389381,0.744367,1.373564,1.991450
2017-09-20,0.409207,0.745907,1.375470,1.979640
2017-09-21,0.429866,0.778276,1.410909,1.990670
2017-09-22,0.430429,0.776473,1.405173,1.991141
2017-09-25,0.412344,0.753759,1.375554,1.960728
2017-09-26,0.425725,0.763859,1.376870,1.959480
2017-09-27,0.444718,0.802823,1.423046,1.996381
2017-09-28,0.440835,0.801419,1.423423,1.989568
2017-09-29,0.433726,0.783892,1.400852,1.966147
2017-10-02,0.412852,0.758566,1.368529,1.936922
2017-10-03,0.432942,0.782343,1.399642,1.965803
2017-10-04,0.433620,0.786667,1.412176,1.988110
2017-10-05,0.444460,0.795868,1.429403,2.019996
2017-10-06,0.407134,0.769098,1.410345,2.004436
2017-10-09,0.407219,0.761002,1.402588,1.999373
2017-10-10,0.427077,0.777563,1.409604,1.995980
2017-10-11,0.444312,0.793981,1.422346,1.998451
2017-10-12,0.456598,0.805029,1.422076,1.990907
2017-10-13,0.460234,0.808157,1.411127,1.966700
2017-10-16,0.444115,0.788134,1.384828,1.937922
2017-10-17,0.403149,0.734352,1.328986,1.899131
2017-10-18,0.428321,0.764708,1.360447,1.924498
2017-10-19,0.401260,0.730317,1.320611,1.893698
2017-10-20,0.430300,0.773926,1.379400,1.950789
2017-10-23,0.421386,0.760796,1.358623,1.929554
2017-10-24,0.451660,0.799935,1.403905,1.959077
2017-10-25,0.497815,0.858995,1.464269,1.994942
2017-10-26,0.483520,0.845308,1.455895,2.002091
2017-10-27,0.455675,0.807770,1.412054,1.973097
2017-10-30,0.438525,0.782917,1.384648,1.953235
2017-10-31,0.450791,0.792329,1.389353,1.944554
2017-11-01,0.480755,0.822890,1.402528,1.944533
2017-11-02,0.392007,0.719348,1.318495,1.895231
2017-11-03,0.429128,0.731469,1.320436,1.913239
2017-11-06,0.426501,0.727483,1.313452,1.903131
2017-11-07,0.421891,0.716714,1.296250,1.880017
2017-11-08,0.415631,0.700258,1.265678,1.835178
2017-11-09,0.443861,0.744535,1.319136,1.880565
2017-11-10,0.470076,0.807576,1.399011,1.950169
2017-11-13,0.469806,0.801767,1.389894,1.940379
2017-11-14,0.452194,0.780385,1.371856,1.935860
2017-11-15,0.451756,0.764832,1.347420,1.914346
2017-11-16,0.467195,0.783260,1.361857,1.919290
2017-11-17,0.463238,0.789582,1.362616,1.912284
2017-11-20,0.455280,0.775853,1.340494,1.876373
2017-11-21,0.459299,0.774056,1.329350,1.861309
2017-11-22,0.445915,0.772767,1.334018,1.880417
2017-11-23,0.431904,0.746402,1.307026,1.862736
2017-11-24,0.436576,0.749295,1.305983,1.842605
2017-11-27,0.447219,0.760485,1.316991,1.860239
2017-11-28,0.449295,0.761288,1.312445,1.863759
2017-11-29,0.507046,0.851079,1.409159,1.938780
2017-11-30,0.495289,0.826881,1.384360,1.921569
2017-12-01,0.419249,0.735212,1.282486,1.842050
2017-12-04,0.483890,0.794513,1.342036,1.897651
2017-12-05,0.479587,0.780715,1.322852,1.878755
2017-12-06,0.470377,0.761217,1.289139,1.846330
2017-12-07,0.484264,0.778959,1.313532,1.879228
2017-12-08,0.480760,0.797623,1.340106,1.897617
2017-12-11,0.438076,0.733824,1.265203,1.836355
2017-12-12,0.447517,0.753692,1.288469,1.849005
2017-12-13,0.462324,0.760847,1.280344,1.835939
2017-12-14,0.429732,0.729830,1.237885,1.775563
2017-12-15,0.433409,0.726107,1.221463,1.761044
2017-12-18,0.426298,0.721050,1.211334,1.753154
2017-12-19,0.446954,0.761421,1.272799,1.828961
2017-12-20,0.468438,0.796817,1.328107,1.887509
2017-12-21,0.456780,0.794000,1.329595,1.888989
2017-12-22,0.438008,0.773906,1.307352,1.868294
2017-12-27,0.409816,0.727976,1.240540,1.813320
2017-12-28,0.429105,0.750080,1.265597,1.823204
2017-12-29,0.424984,0.744409,1.257999,1.805531
2018-01-02,0.490649,0.821863,1.349780,1.883470
2018-01-03,0.459924,0.769363,1.287446,1.818305
2018-01-04,0.486352,0.789677,1.308400,1.829454
2018-01-05,0.489814,0.790745,1.310906,1.827328
2018-01-08,0.493598,0.788403,1.296845,1.804260
2018-01-09,0.524961,0.829956,1.349045,1.849195
2018-01-10,0.533245,0.838517,1.361822,1.859448
2018-01-11,0.561486,0.867753,1.386519,1.868640
2018-01-12,0.596878,0.902094,1.408306,1.875559
2018-01-15,0.599296,0.896000,1.391830,1.850636
2018-01-16,0.589010,0.880275,1.376584,1.851555
2018-01-17,0.575026,0.874618,1.370487,1.841922
2018-01-18,0.609800,0.911837,1.405555,1.869680
2018-01-19,0.588901,0.902678,1.408907,1.878912
2018-01-22,0.588227,0.914023,1.424601,1.893536
2018-01-23,0.595835,0.918279,1.425404,1.886629
2018-01-24,0.626326,0.968260,1.479133,1.919747
2018-01-25,0.634584,0.973856,1.478820,1.912889
2018-01-26,0.661255,1.008407,1.503069,1.921132
2018-01-29,0.670708,1.028466,1.522187,1.912618
2018-01-30,0.657898,1.018736,1.524231,1.926269
2018-01-31,0.688311,1.042731,1.547697,1.946954
2018-02-01,0.705306,1.071275,1.579481,1.953980
2018-02-02,0.713303,1.103470,1.624559,1.969452
2018-02-05,0.697451,1.091511,1.619198,1.972830
2018-02-06,0.648564,1.031212,1.572252,1.953616
2018-02-07,0.669180,1.055145,1.597190,1.974161
2018-02-08,0.748189,1.158378,1.678191,2.008032
2018-02-09,0.733249,1.133187,1.648667,1.975375
2018-02-12,0.735602,1.138375,1.651347,1.978757
2018-02-13,0.754752,1.160635,1.672577,1.996612
2018-02-14,0.756042,1.166658,1.685240,2.019197
2018-02-15,0.756979,1.177757,1.710508,2.053895
2018-02-16,0.712355,1.116592,1.644218,1.983430
2018-02-19,0.722364,1.128842,1.660702,1.994089
2018-02-20,0.713917,1.108568,1.630640,1.960802
2018-02-21,0.719138,1.100663,1.613125,1.944580
2018-02-22,0.726041,1.097106,1.607496,1.943122
2018-02-23,0.734473,1.086502,1.589039,1.928184
2018-02-26,0.738321,1.079596,1.574647,1.912782
2018-02-27,0.763272,1.118118,1.619616,1.949252
2018-02-28,0.730496,1.075538,1.573763,1.905380
2018-03-01,0.713158,1.041482,1.535035,1.879111
2018-03-02,0.719391,1.035560,1.527458,1.876922
2018-03-05,0.741995,1.062931,1.559951,1.908934
2018-03-06,0.746993,1.089009,1.589541,1.931716
2018-03-07,0.743232,1.075874,1.567170,1.905212
2018-03-08,0.743906,1.068484,1.546940,1.894791
2018-03-09,0.774077,1.087484,1.571372,1.930510
2018-03-12,0.777458,1.089046,1.572137,1.935318
2018-03-13,0.777313,1.081314,1.553791,1.889527
2018-03-14,0.741153,1.035558,1.495577,1.819445
2018-03-15,0.749252,1.047304,1.502083,1.805341
2018-03-16,0.758013,1.056029,1.502912,1.795396
2018-03-19,0.774112,1.070588,1.508140,1.770194
2018-03-20,0.823995,1.124150,1.552055,1.773753
2018-03-21,0.867808,1.182830,1.597141,1.788520
2018-03-22,0.821029,1.097293,1.482150,1.705328
2018-03-23,0.837444,1.122734,1.513079,1.745682
2018-03-26,0.838594,1.125895,1.513910,1.736168
2018-03-27,0.823215,1.102490,1.483974,1.731668
2018-03-28,0.773366,1.040815,1.436051,1.711997
2018-03-29,0.769253,1.030448,1.424014,1.706367
2018-04-03,0.780666,1.040054,1.432533,1.732654
2018-04-04,0.789659,1.048161,1.443940,1.762896
2018-04-05,0.816308,1.086994,1.491077,1.801693
2018-04-06,0.808176,1.075693,1.472780,1.780639
2018-04-09,0.820461,1.087828,1.483192,1.784507
2018-04-10,0.836180,1.098992,1.496005,1.814874
2018-04-11,0.830401,1.083239,1.462116,1.756320
2018-04-12,0.854641,1.127304,1.519941,1.805236
2018-04-13,0.849881,1.123618,1.511358,1.805993
2018-04-16,0.864227,1.145725,1.540795,1.835958
2018-04-17,0.836442,1.123638,1.524228,1.829420
2018-04-18,0.796840,1.084373,1.501453,1.826685
2018-04-19,0.842581,1.154662,1.591593,1.898939
2018-04-20,0.785689,1.113108,1.576223,1.897460
2018-04-23,0.792070,1.126288,1.605805,1.933995
2018-04-24,0.817439,1.154759,1.623657,1.946814
2018-04-25,0.831986,1.169341,1.622024,1.924984
2018-04-26,0.831065,1.152533,1.586500,1.886941
2018-04-27,0.750556,1.079770,1.534878,1.861886
2018-04-30,0.722712,1.048503,1.508374,1.833491
2018-05-01,0.724112,1.039335,1.492016,1.825812
2018-05-02,0.769354,1.089942,1.543602,1.876807
2018-05-03,0.709656,1.026440,1.482633,1.820246
2018-05-04,0.725644,1.041565,1.487421,1.826633
2018-05-08,0.752070,1.081615,1.531180,1.865189
2018-05-09,0.772459,1.109051,1.557740,1.875576
2018-05-10,0.724966,1.058010,1.516533,1.857490
2018-05-11,0.742235,1.078253,1.540300,1.880211
2018-05-14,0.760476,1.106941,1.573725,1.903056
2018-05-15,0.781218,1.141017,1.606835,1.917139
2018-05-16,0.765183,1.124183,1.596013,1.903740
2018-05-17,0.803074,1.177960,1.652615,1.938516
2018-05-18,0.759031,1.123298,1.596114,1.907651
2018-05-21,0.750544,1.111388,1.585898,1.908179
2018-05-22,0.773425,1.142341,1.617977,1.928850
2018-05-23,0.711666,1.063470,1.531584,1.866652
2018-05-24,0.689831,1.036167,1.496747,1.841186
2018-05-25,0.652111,0.981192,1.436011,1.784677
2018-05-29,0.577948,0.893292,1.339259,1.719340
2018-05-30,0.562741,0.881237,1.335450,1.702063
2018-05-31,0.555094,0.877407,1.333471,1.699282
2018-06-01,0.586267,0.922248,1.389978,1.757283
2018-06-04,0.615457,0.948864,1.409185,1.768562
2018-06-05,0.623704,0.950679,1.400124,1.766159
2018-06-06,0.686608,1.032694,1.496376,1.862970
2018-06-07,0.704196,1.052933,1.522308,1.884861
2018-06-08,0.704528,1.045786,1.507400,1.872342
2018-06-11,0.700948,1.050619,1.521541,1.880160
2018-06-12,0.698067,1.042269,1.503780,1.854325
2018-06-13,0.689310,1.016928,1.469563,1.807931
2018-06-14,0.677280,0.997094,1.436159,1.760184
2018-06-15,0.668097,0.985874,1.426828,1.773648
2018-06-18,0.674986,0.991487,1.435909,1.788342
2018-06-19,0.658403,0.959336,1.395776,1.764213
2018-06-20,0.667070,0.967751,1.407472,1.781416
2018-06-21,0.680214,0.969357,1.391000,1.755819
2018-06-22,0.717752,1.006423,1.425613,1.781642
2018-06-25,0.699256,0.987578,1.413693,1.791908
2018-06-26,0.694236,0.982317,1.412872,1.777209
2018-06-27,0.668749,0.944740,1.364849,1.739758
2018-06-28,0.662432,0.943548,1.371179,1.739325
2018-06-29,0.686058,0.968567,1.391024,1.751134
2018-07-02,0.668289,0.946007,1.370054,1.741251
2018-07-03,0.658683,0.930139,1.357481,1.720513
2018-07-04,0.692948,0.965078,1.390518,1.749549
2018-07-05,0.689105,0.955957,1.368332,1.726744
2018-07-06,0.710458,0.972325,1.373577,1.725417
2018-07-09,0.699745,0.979427,1.387834,1.729496
2018-07-10,0.727178,1.005871,1.411432,1.752562
2018-07-11,0.728296,1.003520,1.411743,1.750623
2018-07-12,0.705964,0.979956,1.390407,1.733074
2018-07-13,0.714744,0.980818,1.386651,1.743499
2018-07-16,0.733459,1.000451,1.407853,1.763896
2018-07-17,0.722049,0.977301,1.373946,1.739692
2018-07-18,0.704694,0.942717,1.340519,1.723220
2018-07-19,0.690777,0.914006,1.297986,1.682025
2018-07-20,0.701399,0.947520,1.345006,1.710406
2018-07-23,0.721948,0.975735,1.377688,1.728909
2018-07-24,0.719824,0.974667,1.376167,1.722871
2018-07-25,0.724400,0.978899,1.377492,1.715420
2018-07-26,0.728967,0.989611,1.391688,1.742514
2018-07-27,0.732784,0.991392,1.395111,1.753584
2018-07-30,0.758117,1.042587,1.464243,1.814936
2018-07-31,0.741889,1.023624,1.442226,1.786646
2018-08-01,0.771582,1.075468,1.498361,1.824724
2018-08-02,0.767571,1.070553,1.489707,1.821929
2018-08-03,0.722434,1.019589,1.437562,1.789986
2018-08-06,0.699693,0.995039,1.412376,1.764719
2018-08-07,0.710216,1.018546,1.444519,1.782558
2018-08-08,0.717422,1.013023,1.432753,1.780467
2018-08-09,0.715164,1.004727,1.417763,1.775992
2018-08-10,0.678744,0.956663,1.365002,1.736621
2018-08-13,0.693979,0.975629,1.383235,1.754687
2018-08-14,0.695162,0.977061,1.383383,1.753826
2018-08-15,0.672116,0.939519,1.339398,1.721878
2018-08-16,0.681309,0.948149,1.350761,1.731898
2018-08-17,0.694090,0.951551,1.349733,1.739102
2018-08-20,0.689794,0.942999,1.335741,1.729397
2018-08-21,0.710942,0.980041,1.386692,1.772015
2018-08-22,0.718657,0.985290,1.393455,1.775128
2018-08-23,0.720100,0.986644,1.395851,1.779656
2018-08-24,0.716633,0.985660,1.395827,1.785550
2018-08-28,0.731458,1.011187,1.426895,1.807563
2018-08-29,0.768381,1.059312,1.470962,1.834742
2018-08-30,0.745940,1.036150,1.434869,1.810646
2018-08-31,0.732923,1.014768,1.411642,1.796220
2018-09-03,0.727408,0.995941,1.386890,1.782397
2018-09-04,0.738352,1.004362,1.406288,1.812000
2018-09-05,0.761982,1.038637,1.450888,1.858128
2018-09-06,0.730857,0.995367,1.399809,1.807222
2018-09-07,0.752381,1.024790,1.438761,1.839167
2018-09-10,0.763346,1.035540,1.453102,1.856267
2018-09-11,0.793397,1.070417,1.483352,1.879828
2018-09-12,0.795024,1.064324,1.468093,1.876683
2018-09-13,0.806561,1.081698,1.486260,1.890978
2018-09-14,0.816673,1.104522,1.507423,1.900677
2018-09-17,0.819940,1.114242,1.516060,1.907733
2018-09-18,0.816736,1.128280,1.546697,1.942078
2018-09-19,0.848273,1.173075,1.595536,1.989462
2018-09-20,0.841612,1.163625,1.576913,1.961561
2018-09-21,0.817573,1.128631,1.540868,1.928908
2018-09-24,0.838175,1.167875,1.595421,1.984199
2018-09-25,0.847974,1.185826,1.618871,2.012098
2018-09-26,0.825715,1.157944,1.585857,1.975983
2018-09-27,0.840755,1.164348,1.584284,1.963316
2018-09-28,0.835739,1.151569,1.568002,1.947011
2018-10-01,0.830456,1.150084,1.570729,1.952868
2018-10-02,0.809970,1.112395,1.530683,1.938541
2018-10-03,0.829984,1.133871,1.555054,1.957069
2018-10-04,0.886115,1.222752,1.652990,2.022399
2018-10-05,0.919657,1.266642,1.702055,2.064252
2018-10-08,0.901431,1.242052,1.674772,2.031496
2018-10-09,0.901557,1.240681,1.677835,2.071001
2018-10-10,0.918893,1.269003,1.716016,2.120312
2018-10-11,0.885768,1.229048,1.673984,2.118038
2018-10-12,0.847430,1.185205,1.632695,2.078620
2018-10-15,0.820466,1.152238,1.602867,2.063865
2018-10-16,0.826601,1.160678,1.610819,2.047055
2018-10-17,0.798441,1.121934,1.561932,1.991029
2018-10-18,0.787247,1.110884,1.554420,1.994878
2018-10-19,0.799933,1.118916,1.556389,1.985226
2018-10-22,0.764825,1.077031,1.514226,1.957964
2018-10-23,0.756254,1.052937,1.474938,1.925972
2018-10-24,0.744621,1.021041,1.443334,1.916494
2018-10-25,0.738096,1.008180,1.428613,1.913540
2018-10-26,0.699492,0.944448,1.359505,1.877415
2018-10-29,0.708257,0.961837,1.387505,1.892049
2018-10-30,0.719084,0.974892,1.393152,1.867791
2018-10-31,0.745387,1.013483,1.432176,1.903921
2018-11-01,0.765141,1.033045,1.448770,1.901432
2018-11-02,0.798947,1.071883,1.488744,1.930605
2018-11-05,0.802340,1.076778,1.494683,1.940725
2018-11-06,0.814943,1.100191,1.531238,1.974409
2018-11-07,0.818223,1.103480,1.530279,1.982713
2018-11-08,0.848360,1.136867,1.563457,2.015553
2018-11-09,0.796544,1.075707,1.500239,1.972644
2018-11-12,0.746338,1.012577,1.443332,1.942933
2018-11-13,0.795794,1.072830,1.512547,2.007459
2018-11-14,0.787245,1.061027,1.509239,2.028999
2018-11-15,0.695026,0.921986,1.378546,1.991646
2018-11-16,0.720843,0.959066,1.422934,2.021289
2018-11-19,0.685977,0.919442,1.385853,2.013446
2018-11-20,0.705508,0.930608,1.396747,2.029711
2018-11-21,0.729773,0.947088,1.396264,2.012686
2018-11-22,0.756218,0.981780,1.423419,2.019915
2018-11-23,0.734737,0.949490,1.383527,2.000426
2018-11-26,0.767103,0.980982,1.416963,2.038143
2018-11-27,0.764022,0.964555,1.396286,2.059916
2018-11-28,0.746039,0.947948,1.392414,2.099167
2018-11-29,0.729757,0.921918,1.356712,2.086539
2018-11-30,0.746296,0.931791,1.368522,2.153048
2018-12-03,0.718538,0.899633,1.330571,2.098221
2018-12-04,0.716434,0.883977,1.295890,1.997855
2018-12-05,0.742724,0.913936,1.322316,1.989224
2018-12-06,0.707021,0.852022,1.235142,1.883027
2018-12-07,0.721566,0.880518,1.271368,1.871803
2018-12-10,0.646587,0.794695,1.165339,1.702131
2018-12-11,0.677977,0.821037,1.197055,1.759412
2018-12-12,0.716588,0.881767,1.279661,1.865469
2018-12-13,0.734383,0.895087,1.283711,1.858875
2018-12-14,0.699293,0.859582,1.247247,1.830752
2018-12-17,0.728672,0.893983,1.277957,1.843259
2018-12-18,0.747245,0.919331,1.302751,1.846272
2018-12-19,0.717544,0.895280,1.295827,1.861502
2018-12-20,0.713296,0.881192,1.284978,1.836588
2018-12-21,0.754981,0.928613,1.334846,1.874552
2018-12-24,0.709692,0.879184,1.278350,1.819621
2018-12-27,0.748315,0.923276,1.327336,1.867377
2018-12-28,0.728461,0.895808,1.289816,1.843202
2018-12-31,0.730239,0.906859,1.305238,1.867704
2019-01-02,0.702493,0.850360,1.241260,1.836464
2019-01-03,0.681727,0.828845,1.206996,1.803542
2019-01-04,0.735707,0.903127,1.292000,1.858688
2019-01-07,0.729938,0.887330,1.264512,1.820199
2019-01-08,0.738072,0.903012,1.286905,1.848208
2019-01-09,0.719814,0.885177,1.264905,1.804978
2019-01-10,0.748881,0.915074,1.295217,1.829944
2019-01-11,0.782744,0.945544,1.317045,1.874550
2019-01-14,0.789715,0.949079,1.317087,1.854746
2019-01-15,0.778258,0.923226,1.282942,1.816765
2019-01-16,0.806625,0.970240,1.335162,1.844365
2019-01-17,0.806695,0.982929,1.360785,1.883023
2019-01-18,0.800210,0.988769,1.377997,1.899460
2019-01-21,0.782961,0.962843,1.348944,1.869676
2019-01-22,0.782897,0.959839,1.349148,1.871639
2019-01-23,0.791528,0.968321,1.349049,1.843959
2019-01-24,0.758222,0.918573,1.290544,1.798409
2019-01-25,0.790465,0.955509,1.331872,1.819649
2019-01-28,0.763234,0.923457,1.297541,1.779532
2019-01-29,0.763904,0.922680,1.293967,1.778042
2019-01-30,0.766207,0.920794,1.287356,1.765430
2019-01-31,0.744475,0.888454,1.254347,1.759617
2019-02-01,0.750665,0.901218,1.274363,1.777478
2019-02-04,0.770498,0.927747,1.305861,1.815250
2019-02-05,0.731593,0.885374,1.255898,1.764575
2019-02-06,0.721766,0.871014,1.244742,1.754042
2019-02-07,0.697874,0.831108,1.202716,1.734788
2019-02-08,0.686136,0.806707,1.172862,1.704616
2019-02-11,0.702295,0.829848,1.196952,1.713651
2019-02-12,0.715185,0.844702,1.211786,1.729223
2019-02-13,0.718206,0.847474,1.213733,1.726933
2019-02-14,0.703810,0.812206,1.172953,1.696500
2019-02-15,0.706673,0.828914,1.199209,1.717131
2019-02-18,0.710345,0.831956,1.200788,1.717943
2019-02-19,0.720929,0.841800,1.209401,1.737648
2019-02-20,0.724058,0.848676,1.215281,1.739263
2019-02-21,0.740837,0.875271,1.242327,1.746228
2019-02-22,0.724332,0.838339,1.190575,1.713773
2019-02-25,0.739470,0.855168,1.207505,1.745307
2019-02-26,0.772566,0.890884,1.237201,1.786303
2019-02-27,0.825930,0.968849,1.315062,1.852945
2019-02-28,0.805839,0.969693,1.332994,1.855976
2019-03-01,0.781928,0.958046,1.330257,1.837973
2019-03-04,0.765002,0.940190,1.310156,1.813027
2019-03-05,0.787845,0.957561,1.317673,1.807486
2019-03-06,0.735364,0.900170,1.255857,1.742699
2019-03-07,0.703309,0.840175,1.185906,1.687110
2019-03-08,0.732972,0.868024,1.218989,1.738334
2019-03-11,0.715537,0.848959,1.198986,1.717804
2019-03-12,0.711532,0.853640,1.204566,1.732045
2019-03-13,0.737144,0.882231,1.236962,1.775242
2019-03-14,0.756561,0.906527,1.260260,1.768964
2019-03-15,0.746023,0.891554,1.242575,1.747008
2019-03-18,0.731558,0.873020,1.218687,1.727740
2019-03-19,0.737065,0.881524,1.222469,1.712200
2019-03-20,0.714013,0.845297,1.172579,1.649960
2019-03-21,0.666967,0.768340,1.082242,1.570978
2019-03-22,0.631440,0.730290,1.034217,1.509000
2019-03-25,0.617028,0.715633,1.016348,1.503252
2019-03-26,0.639175,0.739377,1.039746,1.560148
2019-03-27,0.643798,0.735265,1.033834,1.557023
2019-03-28,0.642257,0.732175,1.038204,1.576987
2019-03-29,0.621261,0.712095,1.036121,1.588471
2019-04-01,0.645813,0.743431,1.077366,1.616684
2019-04-02,0.614883,0.702437,1.036405,1.575830
2019-04-03,0.671364,0.772949,1.108847,1.631627
2019-04-04,0.684624,0.784587,1.119493,1.663003
2019-04-05,0.705836,0.814494,1.149226,1.688714
2019-04-08,0.688914,0.802930,1.141793,1.682329
2019-04-09,0.686554,0.803048,1.140933,1.674890
2019-04-10,0.677407,0.789090,1.123221,1.657846
2019-04-11,0.719400,0.840645,1.180346,1.701917
2019-04-12,0.769508,0.899299,1.248956,1.762152
2019-04-15,0.769752,0.902208,1.251804,1.750051
2019-04-16,0.774474,0.904776,1.251005,1.754500
2019-04-17,0.766017,0.915458,1.272401,1.770442
2019-04-18,0.736988,0.878181,1.232694,1.740405
2019-04-23,0.763360,0.904912,1.260241,1.766061
2019-04-24,0.723143,0.854578,1.207408,1.731699
2019-04-25,0.711257,0.839330,1.191627,1.710764
2019-04-26,0.700152,0.827872,1.180905,1.703758
2019-04-29,0.708766,0.837573,1.187539,1.702315
2019-04-30,0.732465,0.870297,1.216870,1.718217
2019-05-01,0.712647,0.848726,1.188150,1.695308
2019-05-02,0.742871,0.881451,1.221295,1.734797
2019-05-03,0.773537,0.913861,1.252993,1.764450
2019-05-07,0.734272,0.867585,1.198294,1.717541
2019-05-08,0.716801,0.842187,1.168942,1.696619
2019-05-09,0.709190,0.828782,1.156711,1.687987
2019-05-10,0.708200,0.827465,1.165398,1.707748
2019-05-13,0.690209,0.805205,1.140079,1.693415
2019-05-14,0.689746,0.801207,1.133716,1.677922
2019-05-15,0.690342,0.787923,1.107973,1.651606
2019-05-16,0.694892,0.789176,1.108062,1.652034
2019-05-17,0.678972,0.767285,1.081424,1.630152
2019-05-20,0.701541,0.791069,1.101753,1.649616
2019-05-21,0.729615,0.817746,1.128503,1.669206
2019-05-22,0.682300,0.759986,1.068204,1.624349
2019-05-23,0.632308,0.694964,1.002062,1.567909
2019-05-24,0.612760,0.681559,0.993504,1.556900
2019-05-28,0.585297,0.653630,0.968160,1.551623
2019-05-29,0.578447,0.634078,0.946979,1.545876
2019-05-30,0.585650,0.631842,0.939159,1.535912
2019-05-31,0.577349,0.622749,0.933249,1.525867
2019-06-03,0.545657,0.595544,0.906643,1.496274
2019-06-04,0.572455,0.626823,0.937221,1.533814
2019-06-05,0.545521,0.600632,0.906284,1.498380
2019-06-06,0.520821,0.571852,0.871675,1.458716
2019-06-07,0.499186,0.550506,0.850484,1.438095
2019-06-10,0.520096,0.575081,0.873843,1.462416
2019-06-11,0.549400,0.594518,0.885315,1.472258
2019-06-12,0.584435,0.624445,0.910596,1.513114
2019-06-13,0.562641,0.595026,0.877192,1.477854
2019-06-14,0.573778,0.605476,0.884620,1.483872
2019-06-17,0.579769,0.610760,0.891882,1.503981
2019-06-18,0.538348,0.562194,0.843089,1.471036
2019-06-19,0.585008,0.620901,0.903367,1.505978
2019-06-20,0.543118,0.569707,0.847794,1.471339
2019-06-21,0.583347,0.613345,0.892489,1.502092
2019-06-24,0.549387,0.576899,0.855526,1.471385
2019-06-25,0.542021,0.563326,0.839809,1.466435
2019-06-26,0.562183,0.588287,0.866539,1.497375
2019-06-27,0.570575,0.597841,0.877144,1.518689
2019-06-28,0.590312,0.613978,0.891427,1.535557
2019-07-01,0.563658,0.582530,0.850741,1.486618
2019-07-02,0.492462,0.507880,0.778978,1.415847
2019-07-03,0.460984,0.467452,0.737244,1.364378
2019-07-04,0.467858,0.461752,0.724373,1.371426
2019-07-05,0.531664,0.530921,0.793910,1.428418
2019-07-08,0.501773,0.493267,0.752227,1.396242
2019-07-09,0.507949,0.505441,0.766181,1.404813
2019-07-10,0.530976,0.538188,0.800558,1.427317
2019-07-11,0.579263,0.611714,0.884069,1.492723
2019-07-12,0.563687,0.604157,0.878486,1.483675
2019-07-15,0.533344,0.563591,0.839518,1.448638
2019-07-16,0.546186,0.575672,0.863976,1.479988
2019-07-17,0.502181,0.523834,0.808560,1.439394
2019-07-18,0.491591,0.518699,0.807595,1.438479
2019-07-19,0.469706,0.496080,0.783294,1.415896
2019-07-22,0.455278,0.474463,0.758172,1.381873
2019-07-23,0.437431,0.454280,0.736675,1.361731
2019-07-24,0.429789,0.445659,0.729208,1.367621
2019-07-25,0.456802,0.475695,0.764853,1.410701
2019-07-26,0.439693,0.457658,0.744030,1.402990
2019-07-29,0.417915,0.423766,0.711670,1.399825
2019-07-30,0.400677,0.404351,0.700974,1.427113
2019-07-31,0.385960,0.380445,0.679071,1.396379
2019-08-01,0.370595,0.347862,0.642195,1.343847
2019-08-02,0.378991,0.337667,0.615846,1.320722
2019-08-05,0.362436,0.300639,0.558759,1.256156
2019-08-06,0.374564,0.316111,0.568126,1.264704
2019-08-07,0.387676,0.308469,0.524087,1.188817
2019-08-08,0.416446,0.352040,0.577063,1.258403
2019-08-09,0.388281,0.320013,0.540038,1.237850
2019-08-12,0.378046,0.312815,0.537992,1.239968
2019-08-13,0.393070,0.325250,0.533249,1.203974
2019-08-14,0.389526,0.311462,0.482562,1.121410
2019-08-15,0.385431,0.304621,0.437672,1.004611
2019-08-16,0.446232,0.370577,0.499219,1.066363
2019-08-19,0.440203,0.372585,0.521545,1.121774
2019-08-20,0.430082,0.350938,0.490833,1.073887
2019-08-21,0.422638,0.349358,0.491319,1.059074
2019-08-22,0.454384,0.391909,0.555647,1.132515
2019-08-23,0.413873,0.361406,0.543335,1.146134
2019-08-27,0.365072,0.297722,0.470282,1.090734
2019-08-28,0.335118,0.254501,0.407303,1.038570
2019-08-29,0.347423,0.261060,0.400951,1.028183
2019-08-30,0.382695,0.299458,0.442630,1.070740
2019-09-02,0.332212,0.250709,0.392311,0.997350
2019-09-03,0.311430,0.229922,0.360356,0.953351
2019-09-04,0.358557,0.314225,0.469806,1.057646
2019-09-05,0.437424,0.396935,0.572221,1.191017
2019-09-06,0.368105,0.303237,0.468365,1.054953
2019-09-09,0.435594,0.381885,0.568524,1.160755
2019-09-10,0.460318,0.407100,0.596840,1.172870
2019-09-11,0.483992,0.425727,0.603686,1.170220
2019-09-12,0.498903,0.439565,0.601175,1.147831
2019-09-13,0.564190,0.530209,0.723677,1.269939
2019-09-16,0.502983,0.460513,0.649675,1.179933
2019-09-17,0.513910,0.465412,0.650369,1.168532
2019-09-18,0.502196,0.432134,0.606675,1.100310
2019-09-19,0.494044,0.422825,0.594722,1.088075
2019-09-20,0.507135,0.430936,0.591144,1.089824
2019-09-23,0.442490,0.351757,0.497520,0.995043
2019-09-24,0.432057,0.341627,0.493092,0.987853
2019-09-25,0.427357,0.332156,0.489084,0.986154
2019-09-26,0.418363,0.324430,0.489694,0.986933
2019-09-27,0.368312,0.276278,0.473472,1.005286
2019-09-30,0.347946,0.251729,0.456731,1.013386
2019-10-01,0.315994,0.220229,0.435729,0.983807
2019-10-02,0.354296,0.255461,0.462245,1.009826
2019-10-03,0.348359,0.245384,0.450793,1.014271
2019-10-04,0.318701,0.212034,0.404952,0.967074
2019-10-07,0.321508,0.217781,0.418658,0.986616
2019-10-08,0.288801,0.181297,0.380713,0.958797
2019-10-09,0.339442,0.230945,0.428675,1.002260
2019-10-10,0.411095,0.314173,0.519871,1.086163
2019-10-11,0.541536,0.480631,0.679365,1.214052
2019-10-14,0.498827,0.419668,0.611092,1.151235
2019-10-15,0.537028,0.471262,0.674802,1.201091
2019-10-16,0.519979,0.452566,0.662456,1.197134
2019-10-17,0.510145,0.452251,0.668528,1.216816
2019-10-18,0.526514,0.472943,0.684345,1.230644
2019-10-21,0.541583,0.501622,0.724090,1.289832
2019-10-22,0.501012,0.456798,0.676675,1.260254
2019-10-23,0.504327,0.443523,0.651687,1.219327
2019-10-24,0.459867,0.400116,0.600197,1.151894
2019-10-25,0.485159,0.429174,0.637281,1.186863
2019-10-28,0.526655,0.474584,0.693788,1.262646
2019-10-29,0.532179,0.470837,0.688536,1.285005
2019-10-30,0.502863,0.440373,0.654832,1.242636
2019-10-31,0.483172,0.397441,0.598382,1.168587
2019-11-01,0.511347,0.434298,0.641689,1.210110
2019-11-04,0.526998,0.465438,0.688056,1.257782
2019-11-05,0.559547,0.506412,0.735659,1.308898
2019-11-06,0.541816,0.485638,0.710373,1.286612
2019-11-07,0.508423,0.482407,0.748016,1.328605
2019-11-08,0.542664,0.512928,0.773620,1.346793
2019-11-11,0.555801,0.529439,0.784440,1.353107
2019-11-12,0.562210,0.543934,0.793375,1.360420
2019-11-13,0.538663,0.502423,0.737673,1.305244
2019-11-14,0.515668,0.467702,0.698679,1.278650
2019-11-15,0.525860,0.476803,0.708613,1.294684
2019-11-18,0.554090,0.502152,0.725971,1.310094
2019-11-19,0.549275,0.496414,0.720840,1.311030
2019-11-20,0.553642,0.496620,0.715386,1.311237
2019-11-21,0.565623,0.519670,0.743028,1.350104
2019-11-22,0.513831,0.469016,0.694499,1.309171
2019-11-25,0.506147,0.459858,0.683851,1.299858
2019-11-26,0.472714,0.418592,0.629319,1.243558
2019-11-27,0.505347,0.453707,0.665805,1.268461
2019-11-28,0.506016,0.456023,0.661590,1.249677
2019-11-29,0.539867,0.485239,0.684846,1.231477
2019-12-02,0.551035,0.522080,0.732578,1.278303
2019-12-03,0.504833,0.467233,0.674021,1.230118
2019-12-04,0.563227,0.523747,0.727362,1.293888
2019-12-05,0.581093,0.554119,0.769045,1.321105
2019-12-06,0.574553,0.547274,0.759827,1.303118
2019-12-09,0.564664,0.547324,0.760071,1.291418
2019-12-10,0.578274,0.573171,0.785794,1.307629
2019-12-11,0.566143,0.561864,0.772941,1.299868
2019-12-12,0.585527,0.596890,0.822853,1.363053
2019-12-13,0.550722,0.578945,0.801639,1.317427
2019-12-16,0.597715,0.614904,0.825141,1.336660
2019-12-17,0.535086,0.550215,0.767604,1.307071
2019-12-18,0.524797,0.555155,0.785683,1.308827
2019-12-19,0.545505,0.581152,0.815251,1.327024
2019-12-20,0.528215,0.555684,0.784832,1.305338
2019-12-23,0.539697,0.559753,0.780731,1.306081
2019-12-24,0.525073,0.546573,0.769542,1.297173
2019-12-27,0.523227,0.542457,0.759213,1.282014
2019-12-30,0.578003,0.626374,0.868381,1.386151
2019-12-31,0.529301,0.578936,0.821403,1.348786
2020-01-02,0.541219,0.564853,0.791612,1.297981
2020-01-03,0.526948,0.528755,0.744298,1.241171
2020-01-06,0.564043,0.559290,0.767748,1.254195
2020-01-07,0.578991,0.588759,0.791338,1.258484
2020-01-08,0.583685,0.590687,0.801172,1.280195
2020-01-09,0.573332,0.600260,0.829915,1.326466
2020-01-10,0.517389,0.549062,0.787234,1.287161
2020-01-13,0.469295,0.512671,0.765414,1.280188
2020-01-14,0.469860,0.487920,0.731092,1.248575
2020-01-15,0.423223,0.418062,0.659787,1.194821
2020-01-16,0.421954,0.415619,0.651484,1.185257
2020-01-17,0.402787,0.404875,0.647298,1.195464
2020-01-20,0.409084,0.417362,0.660595,1.220059
2020-01-21,0.406258,0.407801,0.637411,1.178259
2020-01-22,0.424712,0.420795,0.641631,1.160929
2020-01-23,0.396350,0.384395,0.594215,1.096005
2020-01-24,0.400405,0.377269,0.574904,1.089869
2020-01-27,0.366972,0.325976,0.512809,1.032336
2020-01-28,0.410364,0.368947,0.552820,1.078897
2020-01-29,0.410081,0.360468,0.532813,1.060780
2020-01-30,0.468189,0.397885,0.549311,1.077805
2020-01-31,0.461198,0.377250,0.529469,1.057127
2020-02-03,0.448210,0.379929,0.540174,1.072307
2020-02-04,0.450061,0.392522,0.566928,1.106940
2020-02-05,0.462967,0.419757,0.609707,1.144757
2020-02-06,0.461007,0.410912,0.601909,1.130047
2020-02-07,0.458205,0.397099,0.579844,1.109823
2020-02-10,0.447525,0.385738,0.565698,1.091556
2020-02-11,0.471144,0.409712,0.576589,1.087948
2020-02-12,0.514529,0.461864,0.624618,1.111858
2020-02-13,0.523113,0.479482,0.650523,1.138419
2020-02-14,0.506218,0.462681,0.631056,1.119897
2020-02-17,0.520688,0.479046,0.652440,1.141414
2020-02-18,0.499473,0.454828,0.626894,1.129013
2020-02-19,0.494265,0.446444,0.616076,1.117054
2020-02-20,0.484184,0.432887,0.591076,1.077246
2020-02-21,0.473510,0.420651,0.567608,1.003232
2020-02-24,0.440505,0.387114,0.535709,0.998422
2020-02-25,0.412591,0.357986,0.504295,0.974458
2020-02-26,0.403988,0.351930,0.503954,0.982192
2020-02-27,0.359474,0.305773,0.461635,0.977848
2020-02-28,0.335304,0.281322,0.433091,0.968312
2020-03-02,0.294098,0.250796,0.407931,0.957631
2020-03-03,0.253280,0.223427,0.392226,0.954746
2020-03-04,0.214076,0.202416,0.369461,0.944870
2020-03-05,0.169208,0.161529,0.331796,0.889266
2020-03-06,0.093705,0.064636,0.203842,0.687468
2020-03-09,0.111051,0.067486,0.160736,0.528119
2020-03-10,0.155817,0.117278,0.218914,0.549857
2020-03-11,0.153108,0.154562,0.286706,0.687231
2020-03-12,0.218787,0.195285,0.282680,0.689529
2020-03-13,0.279848,0.277699,0.400919,0.880771
2020-03-16,0.307881,0.336646,0.478835,0.977451
2020-03-17,0.308735,0.385993,0.549937,1.043334
2020-03-18,0.333250,0.537915,0.810054,1.355352
2020-03-19,0.233784,0.507405,0.832497,1.338848
2020-03-20,0.103334,0.254329,0.527252,0.902204
2020-03-23,0.053452,0.140363,0.393146,0.738285
2020-03-24,0.107118,0.184845,0.443182,0.809675
2020-03-25,0.098030,0.167706,0.429813,0.852092
2020-03-26,0.110970,0.151600,0.365421,0.800495
2020-03-27,0.119053,0.147112,0.341507,0.751735
2020-03-30,0.113710,0.124041,0.311091,0.747279
2020-03-31,0.139571,0.162716,0.361595,0.839611
2020-04-01,0.114055,0.130012,0.315043,0.772959
2020-04-02,0.113270,0.135075,0.337632,0.802710
2020-04-03,0.096827,0.119653,0.324723,0.798497
2020-04-06,0.105240,0.128459,0.338896,0.808661
2020-04-07,0.151985,0.183488,0.396776,0.833004
2020-04-08,0.117020,0.159505,0.383049,0.763109
2020-04-09,0.050925,0.096462,0.312185,0.663677
2020-04-14,0.076189,0.112158,0.327547,0.692954
2020-04-15,0.048345,0.079509,0.292630,0.670915
2020-04-16,0.077049,0.098239,0.291912,0.672244
2020-04-17,0.098188,0.113738,0.291569,0.673725
2020-04-20,0.104686,0.136570,0.328359,0.699905
2020-04-21,0.077192,0.108973,0.290681,0.625996
2020-04-22,0.089547,0.127804,0.315699,0.636323
2020-04-23,0.076003,0.114453,0.297733,0.585415
2020-04-24,0.079608,0.118803,0.296139,0.595496
2020-04-27,0.091880,0.133694,0.319712,0.629198
2020-04-28,0.071518,0.116513,0.302268,0.629792
2020-04-29,0.067822,0.114148,0.302574,0.615605
2020-04-30,0.034725,0.061445,0.243850,0.570077
2020-05-01,0.069183,0.088728,0.271128,0.612431
2020-05-04,0.053458,0.062456,0.236659,0.570147
2020-05-05,0.030324,0.036174,0.209810,0.548642
2020-05-06,0.039705,0.055641,0.242636,0.560898
2020-05-07,0.022806,0.047662,0.248190,0.555189
2020-05-11,0.028688,0.061074,0.275255,0.587800
2020-05-12,0.013026,0.044981,0.262855,0.593056
2020-05-13,0.010432,0.029126,0.237445,0.595168
2020-05-14,0.013356,0.028915,0.232941,0.603780
2020-05-15,0.028344,0.043697,0.245262,0.626941
2020-05-18,0.031937,0.054864,0.272265,0.668113
2020-05-19,0.007635,0.038545,0.264970,0.659008
2020-05-20,0.013695,0.036806,0.254704,0.639888
2020-05-21,-0.025157,-0.025841,0.186048,0.587061
2020-05-22,-0.035733,-0.037893,0.181043,0.603204
2020-05-26,-0.001793,-0.003536,0.221218,0.665353
2020-05-27,-0.013433,-0.027212,0.189181,0.634250
2020-05-28,-0.009882,-0.018451,0.204460,0.640815
2020-05-29,-0.026463,-0.035471,0.184513,0.605891
2020-06-01,0.014975,0.012223,0.234627,0.642841
2020-06-02,-0.006239,-0.002100,0.229404,0.663412
2020-06-03,0.027927,0.043686,0.294574,0.748704
2020-06-04,0.028272,0.054429,0.320168,0.770160
2020-06-05,0.029266,0.073037,0.366764,0.826032
2020-06-08,0.025996,0.066243,0.347122,0.813178
2020-06-09,0.019565,0.058168,0.332049,0.739330
2020-06-10,-0.022634,0.007783,0.274082,0.672732
2020-06-11,-0.030634,-0.030698,0.200253,0.603309
2020-06-12,-0.016205,-0.013647,0.216942,0.624725
2020-06-15,-0.012297,-0.009534,0.217946,0.619500
2020-06-16,-0.030561,-0.025932,0.209104,0.618441
2020-06-17,-0.038886,-0.033202,0.197464,0.589658
2020-06-18,-0.019640,-0.007695,0.242942,0.703384
2020-06-19,-0.023849,-0.005221,0.255506,0.736504
2020-06-22,-0.049457,-0.037567,0.214321,0.714016
2020-06-23,-0.042113,-0.018563,0.236625,0.714853
2020-06-24,-0.055804,-0.033069,0.214978,0.672026
2020-06-25,-0.051179,-0.046954,0.182678,0.621434
2020-06-26,-0.053422,-0.046016,0.193352,0.647671
2020-06-29,-0.072605,-0.065131,0.177924,0.637213
2020-06-30,-0.069679,-0.062575,0.191701,0.664601
2020-07-01,-0.050129,-0.027970,0.236968,0.711415
2020-07-02,-0.077020,-0.056844,0.208283,0.679602
2020-07-03,-0.071885,-0.051804,0.207346,0.680701
2020-07-06,-0.057834,-0.036223,0.220982,0.677284
2020-07-07,-0.058701,-0.044098,0.204137,0.662382
2020-07-08,-0.063507,-0.050671,0.200173,0.671065
2020-07-09,-0.077187,-0.067989,0.177622,0.668623
2020-07-10,-0.095971,-0.083056,0.170506,0.656810
2020-07-13,-0.083664,-0.054577,0.211398,0.693055
2020-07-14,-0.090304,-0.074554,0.170703,0.668594
2020-07-15,-0.070213,-0.054112,0.194273,0.730175
2020-07-16,-0.095513,-0.088436,0.158839,0.710550
2020-07-17,-0.081567,-0.070773,0.184926,0.723585
2020-07-20,-0.092431,-0.085621,0.173422,0.715687
2020-07-21,-0.101664,-0.100573,0.165147,0.700239
2020-07-22,-0.110196,-0.118916,0.145491,0.664711
2020-07-23,-0.102703,-0.115768,0.149533,0.678110
2020-07-24,-0.088094,-0.096562,0.176734,0.700803
2020-07-27,-0.108940,-0.126767,0.141706,0.670601
2020-07-28,-0.105981,-0.124813,0.138171,0.663194
2020-07-29,-0.089464,-0.112322,0.150227,0.681985
2020-07-30,-0.102405,-0.133663,0.117147,0.653027
2020-07-31,-0.093727,-0.127686,0.125219,0.656851
2020-08-03,-0.090445,-0.123851,0.131699,0.665441
2020-08-04,-0.090699,-0.132420,0.111416,0.640992
2020-08-05,-0.073063,-0.096134,0.164983,0.707640
2020-08-06,-0.058765,-0.089353,0.138936,0.665133
2020-08-07,-0.039314,-0.061874,0.180441,0.725114
2020-08-10,-0.049766,-0.073320,0.170234,0.726783
2020-08-11,-0.015000,-0.019208,0.242079,0.786982
2020-08-12,-0.008959,-0.001600,0.276125,0.829295
2020-08-13,-0.021207,-0.004543,0.285169,0.838981
2020-08-14,-0.032831,-0.013638,0.286158,0.853189
2020-08-17,-0.061702,-0.043787,0.259119,0.822823
2020-08-18,-0.057878,-0.041167,0.258263,0.824165
2020-08-19,-0.047223,-0.027641,0.272100,0.857818
2020-08-20,-0.055005,-0.030605,0.267947,0.860442
2020-08-21,-0.066178,-0.042486,0.254191,0.840107
2020-08-24,-0.069086,-0.045609,0.249679,0.835352
2020-08-25,-0.036385,0.003784,0.312375,0.903838
2020-08-26,-0.034164,0.021427,0.349942,0.944700
2020-08-27,-0.033830,0.034289,0.383910,0.993843
2020-08-28,-0.072683,-0.003051,0.353255,0.943305
2020-09-01,-0.088215,-0.017395,0.349485,0.938690
2020-09-02,-0.107745,-0.061089,0.279118,0.872227
2020-09-03,-0.102233,-0.062031,0.268153,0.841954
2020-09-04,-0.086659,-0.042144,0.292820,0.863488
2020-09-07,-0.092789,-0.049718,0.291044,0.862491
2020-09-08,-0.141956,-0.111740,0.217178,0.767938
2020-09-09,-0.086015,-0.050718,0.280336,0.843357
2020-09-10,-0.101718,-0.063882,0.281930,0.864324
2020-09-11,-0.136632,-0.113826,0.223442,0.789331
2020-09-14,-0.108543,-0.086969,0.238430,0.797050
2020-09-15,-0.085628,-0.062212,0.255437,0.806522
2020-09-16,-0.073655,-0.052614,0.256369,0.798340
2020-09-17,-0.131939,-0.113312,0.219010,0.782096
2020-09-18,-0.135672,-0.116418,0.218537,0.785068
2020-09-21,-0.137142,-0.124583,0.195011,0.756911
2020-09-22,-0.080075,-0.071135,0.236799,0.785602
2020-09-23,-0.066809,-0.052076,0.265083,0.814889
2020-09-24,-0.077684,-0.067453,0.246803,0.798663
2020-09-25,-0.095309,-0.089995,0.220461,0.757956
2020-09-28,-0.081184,-0.074512,0.237587,0.774261
2020-09-29,-0.077341,-0.082099,0.215986,0.749966
2020-09-30,-0.053845,-0.056157,0.256177,0.806960
2020-10-01,-0.069743,-0.061635,0.266696,0.835642
2020-10-02,-0.054645,-0.045943,0.287735,0.864264
2020-10-05,-0.048271,-0.029311,0.318738,0.904984
2020-10-06,-0.046304,-0.025592,0.324072,0.912746
2020-10-07,-0.038889,-0.011117,0.340501,0.925089
2020-10-08,-0.043150,-0.017276,0.328185,0.911392
2020-10-09,-0.047242,-0.025574,0.310915,0.887526
2020-10-12,-0.046840,-0.023967,0.313746,0.897926
2020-10-13,-0.066334,-0.049642,0.273736,0.843263
2020-10-14,-0.062729,-0.049644,0.261732,0.812297
2020-10-15,-0.076506,-0.076644,0.214869,0.755860
2020-10-16,-0.081567,-0.077132,0.217354,0.763419
2020-10-19,-0.089568,-0.082809,0.212133,0.751139
2020-10-20,-0.083199,-0.072972,0.231915,0.783442
2020-10-21,-0.074189,-0.048053,0.277715,0.844860
2020-10-22,-0.046365,-0.009982,0.326124,0.899639
2020-10-23,-0.053132,-0.010531,0.327397,0.897725
2020-10-26,-0.051737,-0.009672,0.323527,0.900947
2020-10-27,-0.068921,-0.038382,0.273724,0.823823
2020-10-28,-0.081390,-0.057785,0.253143,0.793131
2020-10-29,-0.083177,-0.059004,0.256642,0.800066
2020-10-30,-0.053194,-0.024727,0.297556,0.864107
2020-11-02,-0.082720,-0.056242,0.263427,0.834774
2020-11-03,-0.055076,-0.016676,0.314388,0.884088
2020-11-04,-0.087451,-0.058980,0.247889,0.805247
2020-11-05,-0.064149,-0.033490,0.278140,0.847578
2020-11-06,-0.050090,-0.011285,0.320383,0.910632
2020-11-09,-0.015060,0.055697,0.424135,1.024569
2020-11-10,-0.013135,0.067510,0.444650,1.040394
2020-11-11,-0.005455,0.084568,0.458964,1.068792
2020-11-12,-0.037410,0.041965,0.398723,0.988912
2020-11-13,-0.036040,0.035153,0.380186,0.974778
2020-11-16,-0.031687,0.040217,0.391618,0.994267
2020-11-17,-0.036263,0.032251,0.371233,0.962582
2020-11-18,-0.033216,0.037142,0.379756,0.974594
2020-11-19,-0.033017,0.032912,0.371232,0.967543
2020-11-20,-0.046944,0.015268,0.347083,0.935046
2020-11-23,-0.029018,0.035579,0.368442,0.953458
2020-11-24,-0.025036,0.043225,0.370763,0.938041
2020-11-25,-0.030305,0.034006,0.356155,0.913368
2020-11-26,-0.044550,0.011637,0.323161,0.870317
2020-11-27,-0.035625,0.024200,0.340341,0.878414
2020-11-30,-0.020028,0.038508,0.355470,0.893815
2020-12-01,-0.001840,0.073972,0.406643,0.960995
2020-12-02,-0.022101,0.057234,0.399914,0.963923
2020-12-03,-0.032122,0.041277,0.375769,0.946225
2020-12-04,-0.033059,0.050484,0.394413,0.966960
2020-12-07,-0.073941,-0.005362,0.322065,0.891621
2020-12-08,-0.075708,-0.015056,0.296944,0.834980
2020-12-09,-0.079276,-0.017379,0.297425,0.836665
2020-12-10,-0.109127,-0.056153,0.245552,0.777102
2020-12-11,-0.119956,-0.081017,0.207748,0.735244
2020-12-14,-0.087401,-0.035279,0.264644,0.795746
2020-12-15,-0.055129,-0.002312,0.302258,0.862702
2020-12-16,-0.061582,0.005158,0.320112,0.886824
2020-12-17,-0.052176,0.009061,0.312064,0.871006
2020-12-18,-0.083781,-0.022654,0.281500,0.833053
2020-12-21,-0.104403,-0.056774,0.240395,0.783124
2020-12-22,-0.131413,-0.077703,0.223307,0.767557
2020-12-23,-0.073707,0.016296,0.346045,0.912936
2020-12-24,-0.103236,-0.019448,0.295157,0.856950
2020-12-29,-0.125802,-0.049511,0.252340,0.808358
2020-12-30,-0.119558,-0.043977,0.255190,0.809748
2020-12-31,-0.135252,-0.064186,0.230777,0.776850
2021-01-04,-0.127650,-0.067810,0.229002,0.781057
2021-01-05,-0.128368,-0.062082,0.254284,0.817034
2021-01-06,-0.124991,-0.048476,0.284855,0.861448
2021-01-07,-0.109483,-0.010452,0.339521,0.924248
2021-01-08,-0.106259,-0.005082,0.337101,0.912143
2021-01-11,-0.101560,0.002821,0.353951,0.942923
2021-01-12,-0.058737,0.049233,0.398678,0.966595
2021-01-13,-0.085690,0.023697,0.354442,0.911137
2021-01-14,-0.104241,0.004287,0.334706,0.893470
2021-01-15,-0.115619,-0.003783,0.338749,0.905332
2021-01-18,-0.115506,-0.005478,0.343983,0.908305
2021-01-19,-0.112625,-0.008643,0.333109,0.891111
2021-01-20,-0.100514,0.002570,0.346806,0.918263
2021-01-21,-0.090356,0.021180,0.376851,0.947629
2021-01-22,-0.099933,0.010460,0.362366,0.936522
2021-01-25,-0.118022,-0.024166,0.310836,0.870625
2021-01-26,-0.117421,-0.017744,0.319524,0.879405
2021-01-27,-0.117337,-0.017730,0.315538,0.865046
2021-01-28,-0.107257,-0.009275,0.327592,0.876488
2021-01-29,-0.095639,0.012502,0.372041,0.930249
2021-02-01,-0.096101,0.008595,0.369361,0.929035
2021-02-02,-0.077243,0.031928,0.398601,0.965332
2021-02-03,-0.068525,0.048093,0.417337,0.981076
2021-02-04,-0.018522,0.106421,0.487066,1.055922
2021-02-05,-0.002712,0.143910,0.541724,1.120409
2021-02-08,-0.009705,0.138946,0.534543,1.106161
2021-02-09,-0.019387,0.121883,0.513905,1.076265
2021-02-10,-0.016984,0.132830,0.535286,1.107257
2021-02-11,-0.027693,0.117142,0.519729,1.094385
2021-02-12,-0.022611,0.143788,0.573757,1.152204
2021-02-15,-0.015254,0.170596,0.627379,1.219305
2021-02-16,-0.009516,0.199360,0.678605,1.266785
2021-02-17,-0.029933,0.171655,0.633464,1.199483
2021-02-18,-0.011546,0.210595,0.684960,1.241979
2021-02-19,0.017504,0.269261,0.756644,1.301770
2021-02-22,0.009685,0.262865,0.751345,1.294824
2021-02-23,-0.001268,0.268895,0.791896,1.360473
2021-02-24,0.001912,0.287207,0.838087,1.447097
2021-02-25,0.063011,0.345920,0.859798,1.428620
2021-02-26,0.094282,0.389559,0.892586,1.418089
2021-03-01,0.067502,0.341215,0.837184,1.371869
2021-03-02,0.025854,0.296270,0.777367,1.288157
2021-03-03,0.046814,0.342584,0.846460,1.363271
2021-03-04,0.044408,0.322694,0.806380,1.310760
2021-03-05,0.071694,0.361636,0.844434,1.322380
2021-03-08,0.055707,0.343203,0.827230,1.305042
2021-03-09,0.046968,0.325078,0.801615,1.265185
2021-03-10,0.034109,0.314290,0.795504,1.255832
2021-03-11,0.046950,0.327581,0.824479,1.297895
2021-03-12,0.062531,0.375846,0.908742,1.385265
2021-03-15,0.054828,0.359075,0.875915,1.354779
2021-03-16,0.056225,0.359553,0.869818,1.349780
2021-03-17,0.073113,0.394090,0.917762,1.391143
2021-03-18,0.064237,0.408558,0.962069,1.429643
2021-03-19,0.052508,0.382704,0.927216,1.391311
2021-03-22,0.044906,0.364346,0.905682,1.370466
2021-03-23,0.022797,0.323365,0.852793,1.321321
2021-03-24,0.027721,0.322689,0.836443,1.302583
2021-03-25,0.015849,0.311206,0.817387,1.269142
2021-03-26,0.026733,0.323574,0.838450,1.301055
2021-03-29,0.036449,0.343026,0.875112,1.345033
2021-03-30,0.057256,0.378970,0.925680,1.401811
2021-03-31,0.072518,0.390113,0.928194,1.415304
2021-04-01,0.054552,0.366844,0.885859,1.372473
2021-04-06,0.057013,0.370722,0.882106,1.360162
2021-04-07,0.056016,0.368445,0.874235,1.352443
2021-04-08,0.039996,0.348904,0.847654,1.320309
2021-04-09,0.042566,0.362654,0.871729,1.336304
2021-04-12,0.043144,0.367520,0.883586,1.335452
2021-04-13,0.040836,0.364327,0.875747,1.335579
2021-04-14,0.052398,0.377584,0.897409,1.370318
2021-04-15,0.022683,0.321150,0.817327,1.282171
2021-04-16,0.035379,0.344687,0.855760,1.329255
2021-04-19,0.032888,0.338349,0.846076,1.315784
2021-04-20,0.032406,0.326964,0.824240,1.295119
2021-04-21,0.035837,0.330382,0.835261,1.314114
2021-04-22,0.032439,0.320456,0.819965,1.292654
2021-04-23,0.035477,0.327345,0.838571,1.306621
2021-04-26,0.045799,0.339139,0.844961,1.308572
2021-04-27,0.057564,0.352577,0.859078,1.321456
2021-04-28,0.056448,0.368523,0.887062,1.338286
2021-04-29,0.073225,0.400738,0.934788,1.372550
2021-04-30,0.075907,0.403628,0.931011,1.362662
2021-05-04,0.042685,0.361532,0.884267,1.310706
2021-05-05,0.048529,0.374222,0.907989,1.347616
2021-05-06,0.025121,0.340170,0.877270,1.340069
2021-05-07,0.016761,0.315964,0.856463,1.330556
2021-05-10,0.026263,0.334021,0.880252,1.353182
2021-05-11,0.054167,0.374614,0.934041,1.420027
2021-05-12,0.093491,0.424442,0.986775,1.458371
2021-05-13,0.094976,0.433856,1.000445,1.474543
2021-05-14,0.079938,0.410405,0.966237,1.438607
2021-05-17,0.075151,0.409280,0.967677,1.434897
2021-05-18,0.076386,0.405027,0.962395,1.441968
2021-05-19,0.061982,0.390129,0.941758,1.420414
2021-05-20,0.053314,0.388761,0.944006,1.423976
2021-05-21,0.047264,0.384311,0.937054,1.416464
2021-05-24,0.037702,0.364390,0.911806,1.386966
2021-05-25,0.027128,0.348338,0.889294,1.350212
2021-05-26,0.028907,0.325220,0.850885,1.308616
2021-05-27,0.060681,0.374185,0.909883,1.349870
2021-05-28,0.058251,0.362630,0.888807,1.328167
2021-06-01,0.071885,0.389946,0.930038,1.379295
2021-06-02,0.057083,0.366431,0.901970,1.360005
2021-06-03,0.074811,0.391624,0.935235,1.393081
2021-06-04,0.062927,0.366852,0.896013,1.360441
2021-06-07,0.077734,0.382927,0.910418,1.377082
2021-06-08,0.063594,0.361275,0.878358,1.345611
2021-06-09,0.054227,0.337350,0.836564,1.302392
2021-06-10,0.068515,0.355925,0.857455,1.320747
2021-06-11,0.051218,0.320768,0.813660,1.281835
2021-06-14,0.061400,0.338509,0.837358,1.305110
2021-06-15,0.079220,0.362782,0.862108,1.307054
2021-06-16,0.079515,0.357878,0.848048,1.291488
2021-06-17,0.125308,0.414777,0.888026,1.295080
2021-06-18,0.133959,0.406128,0.850728,1.226824
2021-06-21,0.133556,0.406728,0.856920,1.237930
2021-06-22,0.132799,0.415264,0.877627,1.287601
2021-06-23,0.116102,0.412843,0.878343,1.304466
2021-06-24,0.090837,0.378342,0.839449,1.269572
2021-06-25,0.103960,0.400538,0.872833,1.308794
2021-06-28,0.094511,0.377299,0.829634,1.259051
2021-06-29,0.084245,0.371091,0.831606,1.272664
2021-06-30,0.081577,0.361837,0.820206,1.268189
2021-07-01,0.080796,0.361456,0.827432,1.274802
2021-07-02,0.072559,0.345070,0.804996,1.258636
2021-07-05,0.070590,0.342422,0.814480,1.269057
2021-07-06,0.055050,0.291214,0.726320,1.191638
2021-07-07,0.058563,0.271237,0.689584,1.146521
2021-07-08,0.068053,0.272270,0.688996,1.140146
2021-07-09,0.089814,0.323290,0.755519,1.208306
2021-07-12,0.087075,0.315057,0.737535,1.182646
2021-07-13,0.083241,0.306213,0.711527,1.140323
2021-07-14,0.087835,0.321397,0.717349,1.134881
2021-07-15,0.159209,0.383860,0.756958,1.181421
2021-07-16,0.128908,0.348154,0.714065,1.141953
2021-07-19,0.080134,0.279873,0.631705,1.045588
2021-07-20,0.093033,0.285742,0.632081,1.019366
2021-07-21,0.115273,0.319331,0.684886,1.080167
2021-07-22,0.084350,0.289273,0.652079,1.027378
2021-07-23,0.095835,0.305440,0.669332,1.028156
2021-07-26,0.096851,0.300320,0.654854,1.011748
2021-07-27,0.095710,0.298406,0.646990,0.999492
2021-07-28,0.095578,0.299492,0.654313,1.008438
2021-07-29,0.082483,0.293860,0.651582,1.009794
2021-07-30,0.071098,0.286669,0.650046,1.008520
2021-08-02,0.059335,0.264927,0.627314,0.991030
2021-08-03,0.057353,0.246196,0.599440,0.955022
2021-08-04,0.080008,0.263214,0.613465,0.966058
2021-08-05,0.088019,0.256956,0.604258,0.947698
2021-08-06,0.149999,0.332385,0.698031,1.030188
2021-08-09,0.137258,0.307222,0.658555,0.960373
2021-08-10,0.155197,0.321167,0.660941,0.957280
2021-08-11,0.134888,0.311074,0.657960,0.959589
2021-08-12,0.156435,0.332757,0.677287,0.993584
2021-08-13,0.148396,0.321662,0.658276,0.973952
2021-08-16,0.144824,0.316814,0.649244,0.965232
2021-08-17,0.155018,0.316595,0.639948,0.949570
2021-08-18,0.146240,0.313350,0.648037,0.971869
2021-08-19,0.123463,0.287101,0.623299,0.954620
2021-08-20,0.104679,0.265583,0.607761,0.953783
2021-08-23,0.122483,0.283832,0.621008,0.963043
2021-08-24,0.132027,0.290579,0.622227,0.962887
2021-08-25,0.153926,0.329115,0.682388,1.031537
2021-08-26,0.144066,0.327037,0.680839,1.031706
2021-08-27,0.131874,0.318313,0.669428,1.018821
2021-08-31,0.158168,0.345269,0.713795,1.079438
2021-09-01,0.136586,0.324599,0.690058,1.054111
2021-09-02,0.126578,0.311988,0.676160,1.038032
2021-09-03,0.125860,0.326242,0.707692,1.078932
2021-09-06,0.112074,0.310411,0.686722,1.054892
2021-09-07,0.128413,0.340975,0.735451,1.095818
2021-09-08,0.129423,0.340118,0.725769,1.077679
2021-09-09,0.151937,0.364481,0.732899,1.074752
2021-09-10,0.149075,0.365702,0.740330,1.077314
2021-09-13,0.158183,0.372191,0.740413,1.069425
2021-09-14,0.160871,0.374909,0.732171,1.053449
2021-09-15,0.176423,0.397551,0.753914,1.071957
2021-09-16,0.199915,0.438768,0.799890,1.120274
2021-09-17,0.213490,0.470685,0.847339,1.168731
2021-09-20,0.184940,0.427497,0.797690,1.120190
2021-09-21,0.193306,0.429262,0.793243,1.119593
2021-09-22,0.200191,0.433115,0.792993,1.127563
2021-09-23,0.298013,0.541295,0.896059,1.207880
2021-09-24,0.301112,0.553388,0.929717,1.252069
2021-09-27,0.295479,0.562017,0.954284,1.292859
2021-09-28,0.309472,0.592382,0.995348,1.340599
2021-09-29,0.305319,0.582186,0.988046,1.345037
2021-09-30,0.331762,0.618649,1.042922,1.407638
2021-10-01,0.329870,0.605510,1.027254,1.405838
2021-10-04,0.317161,0.591026,1.014674,1.399848
2021-10-05,0.375816,0.662143,1.100546,1.480548
2021-10-06,0.393522,0.663357,1.084001,1.456813
2021-10-07,0.400822,0.670148,1.088110,1.455998
2021-10-08,0.468474,0.742382,1.168279,1.525028
2021-10-11,0.509030,0.773068,1.190580,1.537590
2021-10-12,0.490952,0.746326,1.150397,1.471286
2021-10-13,0.491906,0.707868,1.062736,1.333179
2021-10-14,0.452492,0.673805,1.042790,1.301940
2021-10-15,0.499586,0.720238,1.089651,1.375605
2021-10-18,0.659063,0.798917,1.118042,1.370960
2021-10-19,0.662465,0.812297,1.145826,1.359927
2021-10-20,0.625956,0.790798,1.148153,1.390008
2021-10-21,0.648029,0.833164,1.205492,1.447695
2021-10-22,0.627829,0.809795,1.159519,1.378468
2021-10-25,0.587301,0.777081,1.137442,1.358405
2021-10-26,0.569393,0.758056,1.110815,1.313791
2021-10-27,0.505266,0.659699,0.975130,1.123999
2021-10-28,0.565029,0.698868,0.979130,1.076505
2021-10-29,0.650299,0.793459,1.039262,1.109143
2021-11-01,0.605472,0.803345,1.068904,1.136585
2021-11-02,0.573430,0.755468,1.029786,1.148966
2021-11-03,0.610394,0.794669,1.067963,1.186178
2021-11-04,0.400738,0.614577,0.952750,1.146794
2021-11-05,0.332462,0.514160,0.840080,1.009577
2021-11-08,0.350969,0.526563,0.854871,0.999263
2021-11-09,0.400032,0.544408,0.821928,0.924969
2021-11-10,0.519192,0.659120,0.926119,1.049845
2021-11-11,0.505092,0.647622,0.917908,1.048928
2021-11-12,0.466725,0.622676,0.919705,1.070690
2021-11-15,0.492630,0.652562,0.953989,1.102722
2021-11-16,0.525925,0.680751,0.971586,1.110758
2021-11-17,0.512677,0.673678,0.980892,1.135112
2021-11-18,0.474378,0.628461,0.936671,1.085110
2021-11-19,0.429897,0.583494,0.888226,1.020531
2021-11-22,0.467294,0.627623,0.938069,1.068569
2021-11-23,0.510948,0.680582,0.977750,1.061209
2021-11-24,0.530104,0.712251,1.012140,1.079175
2021-11-25,0.505814,0.681476,0.968230,1.041413
2021-11-26,0.385350,0.542099,0.811079,0.911548
2021-11-29,0.425760,0.582384,0.849728,0.923893
2021-11-30,0.433332,0.580939,0.824350,0.859060
2021-12-01,0.468014,0.607710,0.837935,0.894206
2021-12-02,0.446668,0.577976,0.799743,0.881294
2021-12-03,0.417654,0.549971,0.768590,0.857019
2021-12-06,0.391681,0.521443,0.734713,0.820035
2021-12-07,0.384410,0.513826,0.723373,0.782694
2021-12-08,0.367461,0.516079,0.754579,0.803464
2021-12-09,0.342583,0.497857,0.747890,0.841546
2021-12-10,0.331082,0.479973,0.723873,0.837763
2021-12-13,0.322021,0.468804,0.705250,0.841530
2021-12-14,0.358335,0.495736,0.724194,0.874213
2021-12-15,0.397950,0.518014,0.728579,0.896365
2021-12-16,0.427366,0.547891,0.752464,0.910742
2021-12-17,0.446301,0.565515,0.775563,0.958816
2021-12-20,0.467044,0.576605,0.777232,0.958948
2021-12-21,0.551847,0.669675,0.884731,1.074831
2021-12-22,0.584008,0.695284,0.899559,1.083237
2021-12-23,0.613282,0.731095,0.941045,1.115841
2021-12-24,0.600807,0.718456,0.926733,1.095137
2021-12-29,0.647372,0.790057,1.019483,1.185192
2021-12-30,0.623394,0.765631,0.983072,1.140620
2021-12-31,0.624624,0.762078,0.978541,1.125016
2022-01-04,0.708739,0.858315,1.084175,1.207059
2022-01-05,0.706157,0.865601,1.086269,1.195617
2022-01-06,0.754590,0.926433,1.157494,1.265198
2022-01-07,0.770984,0.952418,1.184891,1.286840
2022-01-10,0.785490,0.967524,1.198965,1.307438
2022-01-11,0.786183,0.965621,1.178135,1.261854
2022-01-12,0.771798,0.943813,1.155804,1.240408
2022-01-13,0.728309,0.904804,1.125162,1.215380
2022-01-14,0.757080,0.929247,1.156804,1.243440
2022-01-17,0.802776,0.958099,1.195209,1.290346
2022-01-18,0.829408,0.987643,1.223919,1.318688
2022-01-19,0.877376,1.038565,1.277907,1.376932
2022-01-20,0.858546,1.008990,1.239544,1.347161
2022-01-21,0.838443,0.961682,1.181114,1.293530
2022-01-24,0.831757,0.933040,1.136937,1.240105
2022-01-25,0.847666,0.952299,1.166078,1.272987
2022-01-26,0.882669,0.993135,1.216631,1.335861
2022-01-27,0.928044,1.031236,1.243187,1.352076
2022-01-28,0.929210,1.032166,1.254827,1.365627
2022-01-31,1.007501,1.102031,1.323799,1.454744
2022-02-01,1.023968,1.111639,1.320828,1.436171
2022-02-02,0.984830,1.070459,1.262848,1.354379
2022-02-03,1.112885,1.194025,1.385736,1.461449
2022-02-04,1.224754,1.268533,1.416983,1.473922
2022-02-07,1.240886,1.278076,1.425749,1.504980
2022-02-08,1.294098,1.342283,1.503959,1.592889
2022-02-09,1.239523,1.276303,1.432475,1.521372
2022-02-10,1.324009,1.360746,1.521875,1.599956
2022-02-11,1.375433,1.382960,1.538117,1.601600
2022-02-14,1.450779,1.438213,1.572081,1.624400
2022-02-15,1.487734,1.469001,1.576831,1.587802
2022-02-16,1.358863,1.368860,1.526377,1.568535
2022-02-17,1.296264,1.303795,1.473121,1.537573
2022-02-18,1.237174,1.233480,1.393646,1.461585
2022-02-21,1.242766,1.242587,1.409857,1.472445
2022-02-22,1.301511,1.307616,1.478558,1.529375
2022-02-23,1.255464,1.277994,1.483178,1.537008
2022-02-24,1.223349,1.246426,1.459373,1.553649
2022-02-25,1.173984,1.210952,1.467321,1.596933
2022-02-28,1.052908,1.100058,1.427371,1.590196
2022-03-01,0.822696,0.837999,1.157915,1.377158
2022-03-02,1.066547,1.027885,1.254425,1.453041
2022-03-03,1.124305,1.102416,1.314207,1.525654
2022-03-04,1.058345,0.989646,1.201247,1.431212
2022-03-07,1.167241,1.093226,1.291771,1.479408
2022-03-08,1.306860,1.233497,1.418568,1.578560
2022-03-09,1.399655,1.336300,1.506903,1.656502
2022-03-10,1.344886,1.316009,1.517609,1.681737
2022-03-11,1.341192,1.313925,1.522648,1.683199
2022-03-14,1.399317,1.390283,1.603419,1.756005
2022-03-15,1.355625,1.353269,1.567436,1.721621
2022-03-16,1.413242,1.418143,1.630694,1.784830
2022-03-17,1.304770,1.332966,1.575600,1.778819
2022-03-18,1.204737,1.239591,1.497455,1.718413
2022-03-21,1.296739,1.349377,1.616270,1.825722
2022-03-22,1.404686,1.453692,1.698895,1.891138
2022-03-23,1.379387,1.423454,1.647183,1.848800
2022-03-24,1.344339,1.404090,1.635314,1.809226
2022-03-25,1.406471,1.458537,1.679121,1.841698
2022-03-28,1.368378,1.413311,1.613567,1.746790
2022-03-29,1.370878,1.431531,1.650828,1.768089
2022-03-30,1.382508,1.446773,1.664065,1.776988
2022-03-31,1.374961,1.427568,1.626384,1.748691
2022-04-01,1.405014,1.447684,1.630821,1.719145
2022-04-04,1.393879,1.412048,1.564319,1.643480
2022-04-05,1.482425,1.499614,1.666219,1.740802
2022-04-06,1.491367,1.537047,1.725355,1.795454
2022-04-07,1.479622,1.533022,1.733371,1.822228
2022-04-08,1.492383,1.551350,1.762861,1.865485
2022-04-11,1.554925,1.622733,1.845806,1.937390
2022-04-12,1.508127,1.577372,1.804147,1.907578
2022-04-13,1.497322,1.571543,1.809941,1.910744
2022-04-14,1.547580,1.627552,1.883877,2.000319
2022-04-19,1.605331,1.713137,1.989400,2.101725
2022-04-20,1.581923,1.669311,1.917516,2.021957
2022-04-21,1.723915,1.782029,1.981230,2.033126
2022-04-22,1.710666,1.766401,1.953735,1.973130
2022-04-25,1.562866,1.638066,1.845874,1.896439
2022-04-26,1.502772,1.581220,1.796246,1.847581
2022-04-27,1.504739,1.589414,1.823193,1.892011
2022-04-28,1.549859,1.634586,1.878170,1.962851
2022-04-29,1.611122,1.689829,1.919122,2.000387
2022-05-03,1.648293,1.727170,1.952648,2.026835
2022-05-04,1.661112,1.745511,1.978233,2.041725
2022-05-05,1.543880,1.668530,1.963419,2.075668
2022-05-06,1.518557,1.678435,2.019155,2.156439
2022-05-09,1.401987,1.588137,1.966746,2.122318
2022-05-10,1.334636,1.496889,1.860159,2.022609
2022-05-11,1.335155,1.498982,1.881799,2.078244
2022-05-12,1.223257,1.353743,1.717576,1.939072
2022-05-13,1.260303,1.392945,1.761650,1.975085
2022-05-16,1.260861,1.392167,1.754888,1.958156
2022-05-17,1.455609,1.567945,1.890926,2.058893
2022-05-18,1.468489,1.570393,1.869097,2.047631
2022-05-19,1.502159,1.583481,1.872779,2.053658
2022-05-20,1.515694,1.599767,1.900330,2.085162
2022-05-23,1.587953,1.678072,1.987029,2.152073
2022-05-24,1.443381,1.547106,1.878573,2.072609
2022-05-25,1.445729,1.564826,1.924881,2.133014
2022-05-26,1.475478,1.614505,1.995889,2.211051
2022-05-27,1.464552,1.580781,1.945977,2.179390
2022-05-30,1.501629,1.617998,2.000830,2.226520
2022-05-31,1.620659,1.719669,2.130325,2.383674
2022-06-01,1.683119,1.765255,2.145705,2.376819
2022-06-06,1.812619,1.890549,2.253920,2.457857
2022-06-07,1.768334,1.854844,2.204156,2.381159
2022-06-08,1.802784,1.894916,2.240923,2.422553
2022-06-09,1.887331,1.985059,2.318220,2.449199
2022-06-10,2.067578,2.142160,2.414487,2.503777
2022-06-13,2.140162,2.222490,2.492727,2.568134
2022-06-14,2.138044,2.228177,2.545401,2.645565
2022-06-15,1.985362,2.080439,2.453775,2.585702
2022-06-16,2.145392,2.197171,2.513577,2.627015
2022-06-17,2.234353,2.229317,2.492187,2.622171
2022-06-20,2.323768,2.322661,2.593410,2.752700
2022-06-21,2.331721,2.342432,2.639805,2.823884
2022-06-22,2.153266,2.161667,2.473990,2.675220
2022-06-23,1.948131,1.958422,2.302745,2.514123
2022-06-24,1.965564,1.973209,2.314540,2.510829
2022-06-27,2.035413,2.049942,2.400300,2.602636
2022-06-28,2.149401,2.153136,2.486440,2.679184
2022-06-29,2.069041,2.068626,2.396627,2.630423
2022-06-30,1.911591,1.932737,2.294233,2.573393
2022-07-01,1.686366,1.726154,2.120306,2.430021
2022-07-04,1.846749,1.869814,2.250267,2.568311
2022-07-05,1.737452,1.744384,2.128081,2.490553
2022-07-06,1.768194,1.740455,2.138797,2.532717
2022-07-07,1.843347,1.787143,2.162346,2.524836
2022-07-08,1.947296,1.897614,2.273556,2.613174
2022-07-11,1.904787,1.847788,2.232835,2.594374
2022-07-12,1.818839,1.752112,2.149633,2.595528
2022-07-13,1.836606,1.759569,2.139000,2.545847
2022-07-14,1.964581,1.828956,2.163493,2.552638
2022-07-15,1.944743,1.809291,2.171525,2.609458
2022-07-18,2.007387,1.870974,2.232746,2.647346
2022-07-19,2.076786,1.921488,2.274957,2.704629
2022-07-20,2.092955,1.906604,2.217873,2.660244
2022-07-21,2.002881,1.826770,2.114029,2.508500
2022-07-22,1.865638,1.706274,2.020852,2.450009
2022-07-25,1.855148,1.705356,2.024672,2.514709
2022-07-26,1.831449,1.679505,1.985498,2.491219
2022-07-27,1.861042,1.721910,2.018953,2.545994
2022-07-28,1.701378,1.594195,1.920363,2.441783
2022-07-29,1.725975,1.608685,1.927742,2.415432
2022-08-01,1.672222,1.543381,1.850910,2.273210
2022-08-02,1.738847,1.599969,1.885407,2.247015
2022-08-03,1.884781,1.730772,1.972486,2.300511
2022-08-04,1.859016,1.698945,1.927343,2.256420
2022-08-05,1.975795,1.858814,2.088415,2.404642
2022-08-08,1.882728,1.765479,2.000894,2.333587
2022-08-09,1.939456,1.816384,2.034903,2.345761
2022-08-10,1.923129,1.779631,2.002023,2.319874
2022-08-11,1.999867,1.880803,2.126519,2.451116
2022-08-12,2.036907,1.920770,2.180124,2.542540
2022-08-15,1.985587,1.839404,2.080362,2.431930
2022-08-16,2.117831,1.961669,2.194826,2.516871
2022-08-17,2.340769,2.131382,2.334944,2.599810
2022-08-18,2.363502,2.149674,2.337798,2.564594
2022-08-19,2.452730,2.259810,2.460745,2.677120
2022-08-22,2.539532,2.346868,2.544563,2.787698
2022-08-23,2.623532,2.442783,2.598699,2.824496
2022-08-24,2.855443,2.645168,2.721798,2.865245
2022-08-25,2.739756,2.538656,2.660965,2.832215
2022-08-26,2.758863,2.529355,2.646119,2.797950
2022-08-30,2.880984,2.647116,2.771153,2.929674
2022-08-31,2.971601,2.730326,2.862361,3.017572
2022-09-01,3.043162,2.805973,2.968902,3.163864
2022-09-02,3.025671,2.788721,2.958402,3.205708
2022-09-05,3.117058,2.853319,2.970291,3.139286
2022-09-06,3.087182,2.924530,3.090738,3.299452
2022-09-07,2.958176,2.864030,3.073222,3.320388
2022-09-08,3.035690,2.973955,3.205206,3.467272
2022-09-09,3.040192,2.971604,3.172360,3.467051
2022-09-12,2.982639,2.917840,3.106517,3.395526
2022-09-13,3.080706,3.022815,3.192759,3.419782
2022-09-14,3.055009,3.014674,3.174006,3.387648
2022-09-15,3.080238,3.039728,3.192064,3.412725
2022-09-16,3.133707,3.079148,3.205639,3.423314
2022-09-20,3.296224,3.232958,3.336380,3.538206
2022-09-21,3.377303,3.310561,3.369496,3.542581
2022-09-22,3.517354,3.495647,3.551566,3.722019
2022-09-23,3.970084,3.964754,3.842563,3.945890
2022-09-26,4.411440,4.366128,4.181654,4.353627
2022-09-27,4.532579,4.518778,4.434104,4.850398
2022-09-28,4.281450,4.225367,4.051666,3.722059
2022-09-29,4.362985,4.310987,4.121028,3.684528
2022-09-30,4.323498,4.317214,4.102078,3.541724
2022-10-03,4.107243,4.123495,3.976578,3.658623
2022-10-04,3.996356,4.015745,3.903606,3.865253
2022-10-05,4.087090,4.134511,4.052726,4.088932
2022-10-06,4.211603,4.272044,4.213396,4.210174
2022-10-07,4.235441,4.303563,4.282627,4.274066
2022-10-10,4.450280,4.537509,4.544508,4.606921
2022-10-11,4.311401,4.436246,4.483929,4.698626
2022-10-12,4.146734,4.401095,4.538721,4.813380
2022-10-13,3.931465,4.179469,4.303426,4.542183
2022-10-14,3.953250,4.204378,4.386809,4.749295
2022-10-17,3.622647,3.878677,4.066078,4.338036
2022-10-18,3.549808,3.806376,3.996678,4.206991
2022-10-19,3.522446,3.789743,3.938335,3.852764
2022-10-20,3.548957,3.811911,3.921367,3.774012
2022-10-21,3.762702,4.028261,4.110089,3.896412
2022-10-24,3.458453,3.735449,3.820716,3.630971
2022-10-25,3.393269,3.663583,3.726459,3.554476
2022-10-26,3.334079,3.593669,3.677083,3.580470
2022-10-27,3.208451,3.469126,3.584666,3.505051
2022-10-28,3.237895,3.457847,3.536231,3.405584
2022-10-31,3.336044,3.565659,3.616743,3.485691
2022-11-01,3.195352,3.441744,3.542232,3.437679
2022-11-02,3.082177,3.339411,3.512028,3.475472
2022-11-03,3.090381,3.362901,3.579525,3.566305
2022-11-04,3.096973,3.378730,3.629952,3.651872
2022-11-07,3.240016,3.475214,3.703766,3.723339
2022-11-08,3.267531,3.451805,3.633574,3.630362
2022-11-09,3.240917,3.403911,3.522855,3.429492
2022-11-10,3.099456,3.245942,3.347373,3.251794
2022-11-11,3.171389,3.314705,3.432033,3.352987
2022-11-14,3.163949,3.308028,3.433458,3.365274
2022-11-15,3.136192,3.270444,3.384003,3.351907
2022-11-16,3.028567,3.134858,3.225520,3.183277
2022-11-17,3.115555,3.194910,3.277039,3.226007
2022-11-18,3.185330,3.238467,3.312860,3.257344
2022-11-21,3.188411,3.215380,3.255439,3.181757
2022-11-22,3.148861,3.173301,3.220828,3.212083
2022-11-23,3.123565,3.101077,3.077957,3.080947
2022-11-24,3.164424,3.120807,3.105376,3.158235
2022-11-25,3.264851,3.215633,3.201802,3.230794
2022-11-28,3.244969,3.189488,3.193196,3.249279
2022-11-29,3.212306,3.156203,3.173716,3.265484
2022-11-30,3.280354,3.223428,3.251518,3.349795
2022-12-01,3.255508,3.167870,3.198143,3.337486
2022-12-02,3.328231,3.227107,3.254035,3.431618
2022-12-05,3.291886,3.181088,3.180062,3.360996
2022-12-06,3.258969,3.161142,3.165127,3.361611
2022-12-07,3.241136,3.121690,3.141655,3.397042
2022-12-08,3.274139,3.128691,3.166692,3.446982
2022-12-09,3.350847,3.187863,3.248846,3.513006
2022-12-12,3.422490,3.242562,3.292246,3.589727
2022-12-13,3.438496,3.273877,3.345235,3.656194
2022-12-14,3.401344,3.263545,3.397276,3.672766
2022-12-15,3.318089,3.174732,3.298753,3.606233
2022-12-16,3.442748,3.296788,3.417876,3.656577
2022-12-19,3.555763,3.415521,3.532567,3.750294
2022-12-20,3.639167,3.550164,3.662029,3.836013
2022-12-21,3.603858,3.519317,3.619982,3.767127
2022-12-22,3.599101,3.549830,3.642174,3.781484
2022-12-23,3.624133,3.588920,3.676657,3.805269
2022-12-28,3.623708,3.605977,3.727170,3.851296
2022-12-29,3.616385,3.606938,3.741634,3.874831
2022-12-30,3.578744,3.581356,3.731234,3.849804
2023-01-03,3.578882,3.572094,3.708417,3.857895
2023-01-04,3.455952,3.446477,3.576583,3.746826
2023-01-05,3.511118,3.496796,3.631127,3.833827
2023-01-06,3.409642,3.400064,3.551109,3.810244
2023-01-09,3.428860,3.428166,3.613960,3.922921
2023-01-10,3.433523,3.434346,3.619367,3.846336
2023-01-11,3.398542,3.300154,3.464195,3.682190
2023-01-12,3.327001,3.236178,3.416350,3.647508
2023-01-13,3.358178,3.267290,3.420974,3.654876
2023-01-16,3.392697,3.299541,3.451487,3.673767
2023-01-17,3.364631,3.271005,3.403525,3.631506
2023-01-18,3.355714,3.244295,3.364626,3.625836
2023-01-19,3.370576,3.255153,3.362654,3.605905
2023-01-20,3.347530,3.266943,3.415361,3.662286
2023-01-23,3.340922,3.265378,3.427792,3.683090
2023-01-24,3.260324,3.188219,3.366036,3.606377
2023-01-25,3.255177,3.156326,3.341927,3.592468
2023-01-26,3.283036,3.190722,3.392376,3.631865
2023-01-27,3.305171,3.210392,3.407671,3.674409
2023-01-30,3.289948,3.206511,3.401021,3.650621
2023-01-31,3.292211,3.213750,3.411318,3.689152
2023-02-01,3.285136,3.202266,3.416855,3.727680
2023-02-02,2.991254,2.871181,3.101136,3.525344
2023-02-03,3.043977,2.924040,3.162001,3.607162
2023-02-06,3.231975,3.112870,3.325253,3.695633
2023-02-07,3.279616,3.169023,3.372923,3.707509
2023-02-08,3.258815,3.168419,3.393211,3.750042
2023-02-09,3.306803,3.200528,3.383963,3.733682
2023-02-10,3.417723,3.311954,3.479249,3.804280
2023-02-13,3.448106,3.336826,3.494165,3.811845
2023-02-14,3.595475,3.457429,3.580932,3.844942
2023-02-15,3.516622,3.384368,3.546292,3.818858
2023-02-16,3.534729,3.397442,3.589439,3.869508
2023-02-17,3.556305,3.422715,3.615665,3.914937
2023-02-20,3.501749,3.371925,3.572189,3.889553
2023-02-21,3.670522,3.532045,3.700439,3.980776
2023-02-22,3.661463,3.520450,3.673244,3.945849
2023-02-23,3.680542,3.542861,3.679788,3.959911
2023-02-24,3.768189,3.620037,3.733669,4.008522
2023-02-27,3.823507,3.675064,3.779744,4.067515
2023-02-28,3.858901,3.684481,3.780629,4.063806
2023-03-01,3.859020,3.667256,3.795911,4.171335
2023-03-02,3.868637,3.676232,3.823939,4.194126
2023-03-03,3.894579,3.677563,3.824466,4.191931
2023-03-06,3.925477,3.686228,3.793033,4.138876
2023-03-07,3.965000,3.705368,3.771512,4.086298
2023-03-08,3.942003,3.660124,3.690306,3.994208
2023-03-09,3.977303,3.700246,3.737579,4.058152
2023-03-10,3.777544,3.506478,3.555962,3.947954
2023-03-13,3.555148,3.298469,3.338124,3.828065
2023-03-14,3.678847,3.428154,3.464793,3.890513
2023-03-15,3.490070,3.249309,3.295744,3.741314
2023-03-16,3.521676,3.275292,3.319041,3.753117
2023-03-17,3.398262,3.160882,3.231519,3.716581
2023-03-20,3.401217,3.179933,3.285023,3.807632
2023-03-21,3.469093,3.226818,3.337656,3.823791
2023-03-22,3.715488,3.397591,3.427959,3.878842
2023-03-23,3.506811,3.221738,3.322391,3.821184
2023-03-24,3.437701,3.129630,3.237549,3.740176
2023-03-27,3.549096,3.230051,3.326789,3.780633
2023-03-28,3.592628,3.298707,3.412396,3.814729
2023-03-29,3.625412,3.318674,3.410482,3.767735
2023-03-30,3.688926,3.385435,3.471852,3.790185
2023-03-31,3.710690,3.406343,3.478124,3.816776
2023-04-03,3.598866,3.296946,3.362767,3.676830
2023-04-04,3.584899,3.298801,3.396300,3.691660
2023-04-05,3.580368,3.288093,3.403974,3.724508
2023-04-06,3.602718,3.287392,3.397688,3.714912
2023-04-11,3.716822,3.389749,3.498085,3.783413
2023-04-12,3.745725,3.410230,3.523543,3.809611
2023-04-13,3.739636,3.400225,3.520666,3.867530
2023-04-14,3.840949,3.499344,3.608461,3.947692
2023-04-17,3.862807,3.528539,3.656983,4.001274
2023-04-18,3.926078,3.582386,3.695859,4.033702
2023-04-19,4.060058,3.717443,3.804861,4.115492
2023-04-20,3.982332,3.646196,3.735385,4.060925
2023-04-21,3.989406,3.636839,3.723120,4.048468
2023-04-24,3.996216,3.642294,3.715100,4.040963
2023-04-25,3.920368,3.570686,3.639562,3.985974
2023-04-26,3.908042,3.578648,3.657413,4.009540
2023-04-27,3.971846,3.665195,3.740559,4.096594
2023-04-28,3.954339,3.617817,3.678252,4.038887
2023-05-02,3.909422,3.566500,3.626882,4.028695
2023-05-03,3.943502,3.589129,3.649956,4.063076
2023-05-04,3.878051,3.539469,3.640898,4.071514
2023-05-05,3.941495,3.617892,3.729228,4.149184
2023-05-09,4.010246,3.683615,3.789110,4.186056
2023-05-10,3.985498,3.653638,3.751106,4.151916
2023-05-11,3.905461,3.570008,3.671483,4.111380
2023-05-12,3.956284,3.620032,3.730248,4.183106
2023-05-15,3.988808,3.657006,3.777943,4.226092
2023-05-16,3.973401,3.652154,3.777324,4.231051
2023-05-17,4.011213,3.682883,3.784559,4.232796
2023-05-18,4.113919,3.811216,3.916924,4.366641
2023-05-19,4.125978,3.853956,3.968043,4.387900
2023-05-22,4.192449,3.913561,4.001971,4.408291
2023-05-23,4.292463,4.019650,4.115646,4.514153
2023-05-24,4.488243,4.131299,4.137647,4.469632
2023-05-25,4.668692,4.320044,4.302462,4.580800
2023-05-26,4.646479,4.304470,4.293175,4.597152
2023-05-30,4.575932,4.222112,4.188319,4.533200
2023-05-31,4.468055,4.116827,4.115479,4.453975
2023-06-01,4.437334,4.076180,4.065127,4.411656
2023-06-02,4.493239,4.108799,4.087073,4.412664
2023-06-05,4.583933,4.183597,4.146446,4.445819
2023-06-06,4.610964,4.203193,4.143723,4.405341
2023-06-07,4.673195,4.252314,4.167129,4.408552
2023-06-08,4.641349,4.252769,4.188603,4.430333
2023-06-09,4.650004,4.246754,4.162938,4.385778
2023-06-12,4.740670,4.346014,4.255073,4.459653
2023-06-13,4.971437,4.534394,4.361007,4.505307
2023-06-14,4.916546,4.496413,4.328981,4.457565
2023-06-15,4.961668,4.539315,4.316404,4.385398
2023-06-16,4.980777,4.564351,4.329839,4.390252
2023-06-19,5.111089,4.679732,4.405296,4.412689
2023-06-20,4.972557,4.517838,4.245142,4.318492
2023-06-21,5.073836,4.596977,4.318728,4.381626
2023-06-22,5.099980,4.565475,4.289236,4.363116
2023-06-23,5.176109,4.557549,4.215821,4.309501
2023-06-26,5.160657,4.546302,4.199856,4.231576
2023-06-27,5.283130,4.674453,4.283977,4.228916
2023-06-28,5.167493,4.594770,4.238268,4.246340
2023-06-29,5.209338,4.621576,4.265226,4.268994
2023-06-30,5.262086,4.679408,4.288388,4.258973
2023-07-03,5.313513,4.735190,4.332323,4.273184
2023-07-04,5.282398,4.713113,4.314258,4.261606
2023-07-05,5.337831,4.787037,4.382553,4.310984
2023-07-06,5.454429,4.918448,4.540649,4.470187
2023-07-07,5.353968,4.864356,4.545513,4.514461
2023-07-10,5.330654,4.860748,4.544676,4.505070
2023-07-11,5.357673,4.880970,4.557611,4.516042
2023-07-12,5.197800,4.717446,4.433736,4.469631
2023-07-13,5.119208,4.601888,4.360060,4.437095
2023-07-14,5.136057,4.580041,4.337083,4.410727
2023-07-17,5.119655,4.577714,4.361691,4.450171
2023-07-18,5.027791,4.477761,4.253222,4.362168
2023-07-19,4.816861,4.291008,4.115769,4.246620
2023-07-20,4.914247,4.376871,4.181167,4.292958
2023-07-21,4.874426,4.360671,4.180265,4.297192
2023-07-24,4.859432,4.340739,4.164848,4.308425
2023-07-25,4.903338,4.374775,4.189592,4.329859
2023-07-26,4.974749,4.434080,4.197126,4.302197
2023-07-27,4.957557,4.439078,4.229492,4.341645
2023-07-28,4.914911,4.413085,4.237231,4.370956
2023-07-31,4.905371,4.385374,4.213454,4.341963
2023-08-01,4.971442,4.491422,4.307137,4.403662
2023-08-02,4.922372,4.470990,4.316807,4.423842
2023-08-03,4.887648,4.483834,4.389891,4.540363
2023-08-04,4.824051,4.420571,4.326946,4.473388
2023-08-07,4.868256,4.468227,4.381380,4.534797
2023-08-08,4.867089,4.436422,4.314154,4.461561
2023-08-09,4.868401,4.437945,4.304395,4.463440
2023-08-10,4.836721,4.412125,4.294528,4.471506
2023-08-11,4.960703,4.552615,4.453296,4.616835
2023-08-14,5.000715,4.593058,4.494188,4.641110
2023-08-15,5.057207,4.628629,4.524618,4.665452
2023-08-16,5.085511,4.650075,4.550544,4.709469
2023-08-17,5.173226,4.745512,4.644513,4.801219
2023-08-18,5.127420,4.711579,4.608418,4.770312
2023-08-21,5.162950,4.758636,4.653677,4.808090
2023-08-22,5.099766,4.706173,4.595578,4.745419
2023-08-23,4.909423,4.505668,4.411816,4.606929
2023-08-24,4.903182,4.479408,4.358985,4.545907
2023-08-25,4.961289,4.527012,4.383157,4.539514
2023-08-29,4.918525,4.492713,4.371364,4.553857
2023-08-30,4.885470,4.457079,4.356383,4.559498
2023-08-31,4.803941,4.382234,4.291951,4.508861
2023-09-01,4.813280,4.406394,4.344312,4.582220
2023-09-04,4.863396,4.460204,4.402008,4.673193
2023-09-05,4.913411,4.511146,4.445071,4.690932
2023-09-06,4.908374,4.536824,4.475063,4.697213
2023-09-07,4.824757,4.465157,4.420503,4.641001
2023-09-08,4.741112,4.381799,4.360879,4.613987
2023-09-11,4.790028,4.444768,4.429535,4.703037
2023-09-12,4.734823,4.380335,4.370989,4.669836
2023-09-13,4.679573,4.304916,4.303343,4.600359
2023-09-14,4.626450,4.217720,4.225105,4.534237
2023-09-15,4.684064,4.277518,4.307988,4.637154
2023-09-18,4.724497,4.330414,4.355552,4.681006
2023-09-19,4.688701,4.284618,4.302675,4.670221
2023-09-20,4.542034,4.143250,4.198225,4.614358
2023-09-21,4.531880,4.171025,4.251361,4.650363
2023-09-22,4.496131,4.136126,4.221974,4.656287
2023-09-25,4.503608,4.165036,4.290566,4.767561
2023-09-26,4.495993,4.163525,4.296869,4.786500
2023-09-27,4.561314,4.223832,4.321871,4.744420
2023-09-28,4.692333,4.402271,4.512088,4.904717
2023-09-29,4.587340,4.270466,4.392303,4.853788
2023-10-02,4.665291,4.378500,4.523553,4.972496
2023-10-03,4.683296,4.407926,4.557761,5.006133
2023-10-04,4.670321,4.429680,4.581184,4.984517
2023-10-05,4.592018,4.356181,4.523816,4.968823
2023-10-06,4.612611,4.398627,4.579100,5.038726
2023-10-09,4.552446,4.299808,4.477529,4.983173
2023-10-10,4.514298,4.253532,4.424038,4.926007
2023-10-11,4.499468,4.195544,4.306335,4.744000
2023-10-12,4.569205,4.275439,4.392736,4.830457
2023-10-13,4.572488,4.267675,4.374733,4.814472
2023-10-16,4.627266,4.337851,4.457483,4.903071
2023-10-17,4.617010,4.363238,4.506665,4.926390
2023-10-18,4.740269,4.496012,4.626343,4.987043
2023-10-19,4.732324,4.511463,4.665052,5.038873
2023-10-20,4.639519,4.445760,4.644855,5.091300
2023-10-23,4.607272,4.409179,4.608505,5.035528
2023-10-24,4.566218,4.345530,4.550919,4.985759
2023-10-25,4.606654,4.383630,4.597129,5.019570
2023-10-26,4.576607,4.357997,4.591006,5.039683
2023-10-27,4.509490,4.290611,4.535846,4.997138
2023-10-30,4.540810,4.327022,4.562275,5.015044
2023-10-31,4.532510,4.293174,4.506711,4.949678
2023-11-01,4.533733,4.273520,4.479772,4.920114
2023-11-02,4.486335,4.174906,4.382978,4.847351
2023-11-03,4.433120,4.096090,4.292997,4.754531
2023-11-06,4.465345,4.151647,4.366643,4.818706
2023-11-07,4.401807,4.081636,4.279491,4.724027
2023-11-08,4.392525,4.065561,4.238586,4.663689
2023-11-09,4.396953,4.081700,4.268473,4.699106
2023-11-10,4.438209,4.136778,4.317258,4.736171
2023-11-13,4.455160,4.157284,4.325088,4.709202
2023-11-14,4.339739,3.999135,4.154794,4.532774
2023-11-15,4.362250,4.034951,4.203890,4.580975
2023-11-16,4.282632,3.941971,4.118177,4.505986
2023-11-17,4.320507,3.949372,4.109424,4.499622
2023-11-20,4.306264,3.950937,4.126540,4.503135
2023-11-21,4.326650,3.956003,4.100529,4.479801
2023-11-22,4.396273,4.025969,4.160710,4.589402
2023-11-23,4.488941,4.121410,4.236469,4.667848
2023-11-24,4.505723,4.161276,4.288492,4.716990
2023-11-27,4.428882,4.083079,4.215231,4.629771
2023-11-28,4.395175,4.032557,4.168947,4.601487
2023-11-29,4.319555,3.934446,4.095469,4.567189
2023-11-30,4.374739,4.007212,4.177304,4.654125
2023-12-01,4.320983,3.968238,4.166418,4.673358
2023-12-04,4.368415,4.008582,4.187417,4.690573
2023-12-05,4.265150,3.876927,4.027572,4.551149
2023-12-06,4.262259,3.843684,3.969372,4.442753
2023-12-07,4.282113,3.861603,3.985425,4.444052
2023-12-08,4.326342,3.904150,4.028332,4.476607
2023-12-11,4.385178,3.966180,4.088768,4.523815
2023-12-12,4.298474,3.865723,3.977783,4.455839
2023-12-13,4.158436,3.717855,3.847240,4.317675
2023-12-14,4.094647,3.642305,3.806421,4.269903
2023-12-15,4.054313,3.577102,3.722349,4.167188
2023-12-18,4.069302,3.578619,3.716682,4.147111
2023-12-19,4.015123,3.508622,3.661069,4.117265
2023-12-20,3.859962,3.376623,3.571164,4.076297
2023-12-21,3.813345,3.342958,3.557691,4.074040
2023-12-22,3.774342,3.308374,3.532334,4.062384
2023-12-27,3.728678,3.257981,3.478707,4.033877
2023-12-28,3.732091,3.276878,3.514438,4.104787
2023-12-29,3.725380,3.305422,3.580311,4.141370
2024-01-02,3.798754,3.391553,3.677579,4.277149
2024-01-03,3.871365,3.457650,3.711363,4.344264
2024-01-04,3.920594,3.508737,3.747407,4.364237
2024-01-05,3.957330,3.568037,3.786856,4.374320
2024-01-08,3.971633,3.588801,3.807818,4.405524
2024-01-09,3.977151,3.593752,3.816885,4.412385
2024-01-10,3.967057,3.603531,3.837406,4.416632
2024-01-11,3.992103,3.631848,3.879098,4.454809
2024-01-12,3.910436,3.555030,3.844842,4.455890
2024-01-15,3.915016,3.552426,3.847498,4.478417
2024-01-16,3.922681,3.549232,3.855645,4.529621
2024-01-17,4.120490,3.739552,4.009464,4.638649
2024-01-18,4.067846,3.693898,3.977540,4.617663
2024-01-19,4.062188,3.691611,3.961279,4.575568
2024-01-22,4.063493,3.683728,3.927682,4.526417
2024-01-23,4.151364,3.777050,4.014501,4.587855
2024-01-24,4.184302,3.810663,4.038681,4.614059
2024-01-25,4.145841,3.771979,4.011461,4.598417
2024-01-26,4.124117,3.763372,4.016913,4.616945
2024-01-29,4.073313,3.701248,3.947975,4.556339
2024-01-30,4.122974,3.727821,3.955460,4.555211
2024-01-31,3.992645,3.596944,3.842683,4.487778
2024-02-01,3.962849,3.544888,3.782770,4.435869
2024-02-02,4.165950,3.746077,3.951383,4.562936
2024-02-05,4.278419,3.869398,4.068133,4.658270
2024-02-06,4.199529,3.790002,3.977030,4.564901
2024-02-07,4.194724,3.807395,3.995682,4.559671
2024-02-08,4.278775,3.890728,4.070877,4.612443
2024-02-09,4.338985,3.949062,4.111369,4.616509
2024-02-12,4.303454,3.921318,4.094111,4.596458
2024-02-13,4.414478,4.015070,4.156459,4.628111
2024-02-14,4.315221,3.918641,4.080470,4.584272
2024-02-15,4.302245,3.902957,4.071508,4.601818
2024-02-16,4.362561,3.969056,4.126979,4.643036
2024-02-19,4.361359,3.973788,4.134741,4.639361
2024-02-20,4.292624,3.911004,4.075054,4.601920
2024-02-21,4.339278,3.954818,4.110437,4.616247
2024-02-22,4.325822,3.966670,4.109168,4.613388
2024-02-23,4.280387,3.926550,4.071386,4.610402
2024-02-26,4.316835,3.956173,4.093547,4.613960
2024-02-27,4.361178,4.001529,4.132904,4.643830
2024-02-28,4.378106,4.022640,4.135567,4.642144
2024-02-29,4.324702,3.969726,4.073469,4.547997
2024-03-01,4.303676,3.942833,4.052549,4.519626
2024-03-04,4.360423,3.990529,4.082763,4.537713
2024-03-05,4.311956,3.892056,3.955326,4.426316
2024-03-06,4.297217,3.884002,3.958528,4.420662
2024-03-07,4.328681,3.900170,3.955534,4.381513
2024-03-08,4.285108,3.853300,3.933858,4.395448
2024-03-11,4.254452,3.830324,3.923296,4.392683
2024-03-12,4.226689,3.800847,3.900931,4.392656
2024-03-13,4.271176,3.859993,3.965681,4.446557
2024-03-14,4.312234,3.921167,4.038759,4.505548
2024-03-15,4.330450,3.941845,4.052349,4.510709
2024-03-18,4.304334,3.926670,4.041534,4.496353
2024-03-19,4.262607,3.880912,4.007713,4.492400
2024-03-20,4.239111,3.837889,3.972183,4.463753
2024-03-21,4.180695,3.792249,3.950910,4.482391
2024-03-22,4.140088,3.744706,3.899071,4.454589
2024-03-25,4.192227,3.800506,3.953821,4.488889
2024-03-26,4.192803,3.786074,3.933803,4.452730
2024-03-27,4.167156,3.759872,3.907758,4.440086
2024-03-28,4.169571,3.750118,3.891655,4.424801
2024-04-02,4.245285,3.873944,4.049403,4.579362
2024-04-03,4.236726,3.856593,4.039207,4.583979
2024-04-04,4.196221,3.805420,3.975484,4.532407
2024-04-05,4.246639,3.863540,4.039390,4.591036
2024-04-08,4.260847,3.884654,4.055273,4.603383
2024-04-09,4.222608,3.835189,3.991168,4.529655
2024-04-10,4.347335,3.964378,4.093445,4.596394
2024-04-11,4.428541,4.052204,4.176933,4.681163
2024-04-12,4.359670,3.972129,4.090235,4.609760
2024-04-15,4.427517,4.071479,4.203386,4.718666
2024-04-16,4.491144,4.135135,4.257781,4.732532
2024-04-17,4.499670,4.136529,4.235099,4.690227
2024-04-18,4.477682,4.109314,4.216415,4.690186
2024-04-19,4.423572,4.071852,4.210831,4.707886
2024-04-22,4.343895,4.012192,4.168387,4.672882
2024-04-23,4.394206,4.066618,4.214930,4.724098
2024-04-24,4.470739,4.145659,4.292329,4.786416
2024-04-25,4.506219,4.180088,4.317525,4.806806
2024-04-26,4.500426,4.160095,4.279413,4.759842
2024-04-29,4.465413,4.120043,4.242257,4.731184
2024-04-30,4.533170,4.193833,4.315961,4.783633
2024-05-01,4.542362,4.206006,4.328613,4.794246
2024-05-02,4.465468,4.123082,4.258660,4.758339
2024-05-03,4.400496,4.053911,4.197551,4.717078
2024-05-07,4.342804,3.960271,4.089345,4.610861
2024-05-08,4.333470,3.955114,4.092923,4.600053
2024-05-09,4.297340,3.946128,4.105299,4.631723
2024-05-10,4.334039,3.978822,4.126123,4.647292
2024-05-13,4.339006,3.983296,4.125349,4.651101
2024-05-14,4.338067,3.983166,4.126014,4.648119
2024-05-15,4.261219,3.886674,4.023248,4.534886
2024-05-16,4.267622,3.883468,4.018377,4.534171
2024-05-17,4.324134,3.948114,4.088643,4.595752
2024-05-20,4.354005,3.987645,4.132648,4.648915
2024-05-21,4.332091,3.966537,4.109049,4.630160
2024-05-22,4.455421,4.068872,4.189288,4.673829
2024-05-23,4.522475,4.115672,4.219033,4.687889
2024-05-24,4.510306,4.109160,4.213735,4.695564
2024-05-28,4.509136,4.114838,4.229447,4.722471
2024-05-29,4.578423,4.223493,4.347555,4.842249
2024-05-30,4.524510,4.192568,4.325253,4.819040
2024-05-31,4.472636,4.146337,4.269250,4.741475
2024-06-03,4.429544,4.078097,4.195000,4.673704
2024-06-04,4.422139,4.042584,4.144198,4.608117
2024-06-05,4.431156,4.046033,4.145461,4.597040
2024-06-06,4.386370,4.019798,4.135846,4.598715
2024-06-07,4.449007,4.102384,4.221589,4.666419
2024-06-10,4.484884,4.156704,4.286970,4.741322
2024-06-11,4.432431,4.099803,4.232725,4.722231
2024-06-12,4.330332,3.974403,4.104393,4.622714
2024-06-13,4.350439,3.983268,4.118026,4.642145
2024-06-14,4.279424,3.897162,4.018584,4.535903
2024-06-17,4.315449,3.943691,4.076460,4.595256
2024-06-18,4.266049,3.891451,4.031383,4.537921
2024-06-19,4.285698,3.902399,4.049471,4.557398
2024-06-20,4.238465,3.865428,4.035126,4.571190
2024-06-21,4.252971,3.883532,4.053765,4.584419
2024-06-24,4.271592,3.898176,4.057116,4.585448
2024-06-25,4.270041,3.893782,4.043868,4.562123
2024-06-26,4.327835,3.965903,4.110588,4.620277
2024-06-27,4.324076,3.965503,4.105398,4.607783
2024-06-28,4.329072,3.990298,4.153407,4.663485
2024-07-01,4.362692,4.064322,4.251024,4.766462
2024-07-02,4.359908,4.040813,4.224860,4.751125
2024-07-03,4.308779,3.970073,4.137678,4.655986
2024-07-04,4.336982,4.006601,4.177095,4.688509
2024-07-05,4.277988,3.938849,4.103704,4.629133
2024-07-08,4.267358,3.919839,4.086566,4.621350
2024-07-09,4.291319,3.967689,4.142950,4.681015
2024-07-10,4.275580,3.939314,4.110624,4.650761
2024-07-11,4.216767,3.880452,4.055096,4.594066
2024-07-12,4.229851,3.910090,4.093618,4.628994
2024-07-15,4.211751,3.895635,4.080093,4.615019
2024-07-16,4.177392,3.864677,4.052800,4.584677
2024-07-17,4.206090,3.878564,4.057727,4.575977
2024-07-18,4.160491,3.833769,4.024267,4.556360
2024-07-19,4.192847,3.889241,4.102529,4.643792
2024-07-22,4.232702,3.918201,4.117259,4.655973
2024-07-23,4.220354,3.913119,4.116182,4.657347
2024-07-24,4.167606,3.900763,4.130200,4.675516
2024-07-25,4.137120,3.878718,4.111009,4.685002
2024-07-26,4.118885,3.858429,4.084943,4.685329
2024-07-29,4.077926,3.817880,4.031727,4.638865
2024-07-30,4.074911,3.808160,4.026839,4.621728
2024-07-31,4.024811,3.742130,3.972066,4.575917
2024-08-01,3.924872,3.625147,3.861025,4.496739
2024-08-02,3.849842,3.584715,3.836411,4.482456
2024-08-05,3.836723,3.593972,3.845079,4.477094
2024-08-06,3.892855,3.655317,3.900000,4.510225
2024-08-07,3.909030,3.697435,3.951533,4.564993
2024-08-08,3.904282,3.703468,3.957053,4.559673
2024-08-09,3.899274,3.684894,3.929323,4.543231
2024-08-12,3.903385,3.688929,3.925250,4.543199
2024-08-13,3.853016,3.633224,3.868605,4.495867
2024-08-14,3.814132,3.581338,3.811210,4.434460
2024-08-15,3.907623,3.685494,3.911143,4.514939
2024-08-16,3.935175,3.700917,3.909457,4.495053
2024-08-19,3.969619,3.726394,3.926717,4.506242
2024-08-20,3.945452,3.701189,3.899084,4.482518
2024-08-21,3.929068,3.686340,3.886342,4.477274
2024-08-22,3.978322,3.747214,3.947786,4.538334
2024-08-23,3.928210,3.702714,3.896395,4.481263
2024-08-27,3.968484,3.758834,3.963211,4.543707
2024-08-28,3.974868,3.762446,3.969294,4.555602
2024-08-29,3.975253,3.775396,3.990328,4.585634
2024-08-30,3.956992,3.755173,3.971007,4.554441
2024-09-02,3.973632,3.790570,4.019710,4.596168
2024-09-03,3.942818,3.731793,3.949990,4.536571
2024-09-04,3.885196,3.676564,3.897518,4.493566
2024-09-05,3.871921,3.668745,3.891649,4.482405
2024-09-06,3.815298,3.624715,3.856979,4.470089
2024-09-09,3.755712,3.585159,3.839615,4.477367
2024-09-10,3.747489,3.555482,3.809936,4.463303
2024-09-11,3.659727,3.459238,3.724519,4.426451
2024-09-12,3.702182,3.501669,3.758513,4.447521
2024-09-13,3.684432,3.488833,3.749880,4.427894
2024-09-16,3.661032,3.472500,3.734357,4.408982
2024-09-17,3.698162,3.498917,3.748731,4.415032
2024-09-18,3.768577,3.576502,3.825351,4.468611
2024-09-19,3.785665,3.603660,3.866843,4.513794
2024-09-20,3.803804,3.628292,3.894336,4.536765
2024-09-23,3.798374,3.635048,3.914910,4.558883
2024-09-24,3.775438,3.635465,3.914573,4.556295
2024-09-25,3.819290,3.695219,3.971002,4.614097
2024-09-26,3.794238,3.684112,3.967480,4.629284
2024-09-27,3.803897,3.693404,3.975232,4.646470
2024-09-30,3.845249,3.718726,3.991468,4.637300
2024-10-01,3.815461,3.666914,3.920490,4.563201
2024-10-02,3.873433,3.760594,4.022783,4.655340
2024-10-03,3.807048,3.712522,3.995906,4.647387
2024-10-04,3.963122,3.863543,4.112384,4.717855
2024-10-07,4.032203,3.947643,4.183818,4.761427
2024-10-08,3.999669,3.928068,4.174610,4.762721
2024-10-09,3.996570,3.914133,4.164357,4.760403
2024-10-10,3.995209,3.945518,4.210816,4.806654
2024-10-11,3.975524,3.927960,4.200437,4.788840
2024-10-14,3.965947,3.943350,4.226845,4.818813
2024-10-15,3.916087,3.881852,4.145866,4.715178
2024-10-16,3.798278,3.768369,4.043288,4.617998
2024-10-17,3.827903,3.803294,4.089691,4.653983
2024-10-18,3.800024,3.768578,4.050948,4.630742
2024-10-21,3.835341,3.807062,4.111615,4.706292
2024-10-22,3.862068,3.838725,4.146401,4.739158
2024-10-23,3.884624,3.891263,4.202644,4.782267
2024-10-24,3.906813,3.905772,4.202250,4.769968
2024-10-25,3.936170,3.920890,4.198557,4.734808
2024-10-28,4.001617,3.971186,4.236519,4.768687
2024-10-29,4.050074,4.020668,4.285601,4.792726
2024-10-30,4.122720,4.074790,4.327071,4.848846
2024-10-31,4.242022,4.165663,4.409609,4.875591
2024-11-01,4.249239,4.183763,4.425888,4.913123
2024-11-04,4.242031,4.179510,4.416301,4.924033
2024-11-05,4.314804,4.273719,4.488310,4.951523
2024-11-06,4.309964,4.296831,4.536399,5.021084
2024-11-07,4.250237,4.216509,4.468085,4.968305
2024-11-08,4.231184,4.168236,4.405220,4.914639
2024-11-11,4.216774,4.158089,4.390996,4.872393
2024-11-12,4.272308,4.227547,4.445859,4.886775
2024-11-13,4.281464,4.259186,4.487149,4.894223
2024-11-14,4.221791,4.213017,4.471233,4.926031
2024-11-15,4.201109,4.188364,4.454532,4.930881
2024-11-18,4.221148,4.195207,4.453673,4.916321
2024-11-19,4.210149,4.165184,4.413940,4.856869
2024-11-20,4.222610,4.185302,4.456505,4.924947
2024-11-21,4.196142,4.144477,4.413232,4.911848
2024-11-22,4.155916,4.104108,4.373541,4.872014
2024-11-25,4.138257,4.061257,4.310774,4.806701
2024-11-26,4.154687,4.084437,4.336587,4.852162
2024-11-27,4.146294,4.055294,4.285444,4.824280
2024-11-28,4.113689,4.020083,4.258324,4.799423
2024-11-29,4.070196,3.971857,4.233265,4.778455
2024-12-02,4.041841,3.950089,4.208584,4.773120
2024-12-03,4.057501,3.961392,4.224621,4.801185
2024-12-04,4.040215,3.959909,4.224275,4.805651
2024-12-05,4.084914,4.001497,4.256131,4.844615
2024-12-06,4.092004,4.007378,4.263330,4.858115
2024-12-09,4.062700,3.984447,4.252962,4.867968
2024-12-10,4.085707,4.023275,4.302663,4.918679
2024-12-11,4.063360,4.009457,4.300277,4.922705
2024-12-12,4.055180,4.026841,4.326543,4.953391
2024-12-13,4.100386,4.088331,4.391324,4.998114
2024-12-16,4.142690,4.134219,4.423208,5.015221
2024-12-17,4.246355,4.223614,4.499868,5.062170
2024-12-18,4.257558,4.250265,4.537166,5.069593
2024-12-19,4.225346,4.249950,4.577346,5.141404
2024-12-20,4.167410,4.187237,4.518057,5.078803
2024-12-23,4.209472,4.219211,4.556899,5.130565
2024-12-24,4.241383,4.253508,4.592640,5.164432
2024-12-27,4.256619,4.277970,4.623503,5.187582
2024-12-30,4.232091,4.254043,4.595882,5.168479
2024-12-31,4.198336,4.221104,4.570062,5.148584
2025-01-02,4.198192,4.222633,4.577716,5.168338
2025-01-03,4.221993,4.248008,4.587559,5.175430
2025-01-06,4.240341,4.275436,4.615576,5.211003
2025-01-07,4.260181,4.320907,4.674471,5.267113
2025-01-08,4.305807,4.406472,4.795132,5.379707
2025-01-09,4.296660,4.394710,4.798467,5.390384
2025-01-10,4.331784,4.433853,4.846854,5.425768
2025-01-13,4.378090,4.474118,4.872467,5.435409
2025-01-14,4.392246,4.488687,4.885629,5.454699
2025-01-15,4.252076,4.325546,4.707868,5.307760
2025-01-16,4.182218,4.274997,4.672535,5.246104
2025-01-17,4.172694,4.256301,4.648280,5.213214
2025-01-20,4.187137,4.271610,4.660301,5.223886
2025-01-21,4.149118,4.223611,4.593328,5.169544
2025-01-22,4.150304,4.224609,4.599498,5.158449
2025-01-23,4.131681,4.226388,4.627324,5.195530
2025-01-24,4.139941,4.237206,4.627260,5.209272
2025-01-27,4.104149,4.179498,4.577889,5.150917
2025-01-28,4.126853,4.207220,4.610965,5.188543
2025-01-29,4.133480,4.198835,4.598415,5.167661
2025-01-30,4.061936,4.161451,4.560047,5.140203
2025-01-31,4.011696,4.126189,4.537867,5.138450
2025-02-03,3.954421,4.065178,4.496341,5.113936
2025-02-04,3.989263,4.098379,4.537438,5.156101
2025-02-05,3.947119,4.027905,4.442145,5.050609
2025-02-06,3.938162,4.051621,4.468491,5.064784
2025-02-07,3.959247,4.079115,4.493880,5.082966
2025-02-10,3.926413,4.048812,4.467804,5.081892
2025-02-11,3.977733,4.108186,4.526132,5.131768
2025-02-12,4.002177,4.146558,4.574501,5.184327
2025-02-13,3.967971,4.089890,4.490003,5.098900
2025-02-14,3.987675,4.107417,4.499043,5.109914
2025-02-17,3.988787,4.122127,4.532612,5.146430
2025-02-18,4.027376,4.156610,4.567338,5.176486
2025-02-19,4.060607,4.205502,4.619771,5.218514
2025-02-20,4.062076,4.205088,4.624459,5.232798
2025-02-21,4.028274,4.166278,4.586424,5.202419
2025-02-24,4.008796,4.138358,4.559350,5.182292
2025-02-25,3.963099,4.085697,4.508441,5.135258
2025-02-26,3.971292,4.094597,4.519707,5.134862
2025-02-27,3.975832,4.107395,4.533871,5.164027
2025-02-28,3.949998,4.067558,4.483536,5.118228
2025-03-03,4.005037,4.128357,4.546330,5.190627
2025-03-04,3.936623,4.056058,4.482067,5.151271
2025-03-05,4.052560,4.215188,4.662120,5.308813
2025-03-06,4.038760,4.221731,4.684362,5.317390
2025-03-07,4.005637,4.165863,4.624949,5.268410
2025-03-10,3.973748,4.145892,4.604995,5.266552
2025-03-11,3.959087,4.153694,4.645042,5.335687
2025-03-12,4.013108,4.208367,4.701812,5.392658
2025-03-13,3.986570,4.177272,4.664456,5.353354
2025-03-14,3.969278,4.153380,4.642503,5.327534
2025-03-17,3.973489,4.140575,4.602731,5.262385
2025-03-18,3.989278,4.159220,4.617862,5.278230
2025-03-19,3.990627,4.156698,4.612257,5.267279
2025-03-20,4.041367,4.189936,4.632239,5.271772
2025-03-21,4.041874,4.205530,4.675999,5.349054
2025-03-24,4.053328,4.218533,4.702537,5.384172
2025-03-25,4.080063,4.245659,4.729383,5.422963
2025-03-26,4.060652,4.228733,4.702172,5.347094
2025-03-27,4.055616,4.261314,4.769920,5.414117
2025-03-28,4.001530,4.190728,4.688024,5.352645
2025-03-31,3.988113,4.161467,4.661088,5.339110
2025-04-01,3.972947,4.135510,4.621273,5.311660
2025-04-02,3.958285,4.128116,4.612998,5.299249
2025-04-03,3.802096,3.973836,4.500404,5.249137
2025-04-04,3.740679,3.912617,4.447897,5.198596
2025-04-07,3.785410,4.012915,4.598916,5.394374
2025-04-08,3.758920,4.010922,4.600613,5.453597
2025-04-09,3.743592,4.059757,4.741539,5.641338
2025-04-10,3.700877,3.983295,4.637884,5.504089
2025-04-11,3.829853,4.098533,4.744164,5.598574
2025-04-14,3.803770,4.047026,4.654922,5.465740
2025-04-15,3.744316,4.005195,4.642085,5.532076
2025-04-16,3.745910,3.981473,4.605810,5.462809
2025-04-17,3.698403,3.934482,4.561740,5.429790
2025-04-22,3.626276,3.878874,4.558705,5.493543
2025-04-23,3.706731,3.929035,4.559403,5.404785
2025-04-24,3.659375,3.875163,4.497958,5.327563
2025-04-25,3.658111,3.871950,4.490770,5.319026
2025-04-28,3.654955,3.873571,4.502608,5.358651
2025-04-29,3.632231,3.848586,4.480206,5.348014
2025-04-30,3.601014,3.819720,4.452917,5.323076
2025-05-01,3.588113,3.812646,4.454855,5.344082
2025-05-02,3.624038,3.851926,4.488552,5.412156
2025-05-06,3.616496,3.861899,4.521394,5.437404
2025-05-07,3.592536,3.825349,4.459731,5.371403
2025-05-08,3.692077,3.898067,4.522833,5.404673
2025-05-09,3.695735,3.917228,4.561524,5.451577
2025-05-12,3.794674,4.017043,4.635531,5.490489
2025-05-13,3.772115,4.014336,4.653616,5.524852
2025-05-14,3.826649,4.078258,4.716227,5.583767
2025-05-15,3.793285,4.041962,4.671492,5.523955
2025-05-16,3.800462,4.034168,4.647136,5.491213
2025-05-19,3.804372,4.046346,4.664950,5.517115
2025-05-20,3.844086,4.087491,4.706464,5.551689
2025-05-21,3.884310,4.134440,4.762341,5.619416
2025-05-22,3.846292,4.113534,4.774353,5.680689
2025-05-23,3.810000,4.060631,4.717407,5.623218
2025-05-27,3.840787,4.065223,4.691886,5.562646
2025-05-28,3.873958,4.103590,4.727539,5.581854
2025-05-29,3.818252,4.048625,4.666075,5.513611
2025-05-30,3.854062,4.069881,4.671180,5.492860
2025-06-02,3.824665,4.052068,4.663265,5.501765
2025-06-03,3.819744,4.024061,4.627372,5.450489
2025-06-04,3.838301,4.031766,4.628789,5.436359
2025-06-05,3.840285,4.036877,4.630997,5.431230
2025-06-06,3.826786,4.052298,4.646966,5.425397
2025-06-09,3.832137,4.054046,4.648311,5.428068
2025-06-10,3.747602,3.965247,4.559055,5.358861
2025-06-11,3.744962,3.962984,4.567390,5.387469
2025-06-12,3.700118,3.905007,4.496630,5.296725
2025-06-13,3.766132,3.972704,4.559594,5.347272
2025-06-16,3.731869,3.944798,4.541756,5.344302
2025-06-17,3.746329,3.948835,4.549679,5.366255
2025-06-18,3.726447,3.915992,4.510299,5.330415
2025-06-19,3.740685,3.937502,4.542170,5.369731
2025-06-20,3.747525,3.945451,4.547522,5.361082
2025-06-23,3.725330,3.910592,4.501460,5.304808
2025-06-24,3.692837,3.875148,4.464849,5.306547
2025-06-25,3.697665,3.887749,4.495710,5.359263
2025-06-26,3.666275,3.860478,4.486434,5.385563
2025-06-27,3.686626,3.886350,4.522896,5.406667
2025-06-30,3.669416,3.871379,4.513921,5.420726
2025-07-01,3.657474,3.836392,4.457871,5.354901
2025-07-02,3.707970,3.939162,4.612201,5.540635
2025-07-03,3.684776,3.906458,4.568079,5.491216
2025-07-04,3.697897,3.914375,4.574241,5.486082
2025-07-07,3.708627,3.933013,4.600579,5.535228
2025-07-08,3.724461,3.970463,4.655303,5.615918
2025-07-09,3.720087,3.958004,4.629172,5.568189
2025-07-10,3.714613,3.953940,4.623914,5.562254
2025-07-11,3.721789,3.973166,4.653943,5.589508
2025-07-14,3.673816,3.938800,4.635127,5.592977
2025-07-15,3.698202,3.966140,4.667695,5.626970
2025-07-16,3.727443,3.982551,4.672844,5.622919
2025-07-17,3.748943,3.997230,4.679466,5.630983
2025-07-18,3.765830,4.023369,4.716676,5.678499
2025-07-21,3.721619,3.963453,4.643617,5.591385
2025-07-22,3.688774,3.923173,4.605066,5.557941
2025-07-23,3.697752,3.948632,4.649761,5.624008
2025-07-24,3.707009,3.963329,4.667146,5.630443
2025-07-25,3.735327,3.986985,4.676874,5.609571
2025-07-28,3.754030,4.001461,4.681571,5.602352
2025-07-29,3.728980,3.975964,4.648603,5.576433
2025-07-30,3.720937,3.958967,4.630671,5.562304
2025-07-31,3.702945,3.928341,4.602299,5.523464
2025-08-01,3.656404,3.885475,4.572742,5.521988
2025-08-04,3.648122,3.865343,4.545820,5.486141
2025-08-05,3.653703,3.865641,4.537455,5.484927
2025-08-06,3.656837,3.873986,4.546551,5.511404
2025-08-07,3.721222,3.924332,4.573966,5.506588
2025-08-08,3.738086,3.955259,4.624093,5.586228
2025-08-11,3.704351,3.923246,4.592559,5.553322
2025-08-12,3.736934,3.961540,4.635471,5.604681
2025-08-13,3.703815,3.933684,4.615184,5.594328
2025-08-14,3.749081,3.980900,4.666680,5.663308
2025-08-15,3.763366,4.011424,4.717625,5.738470
2025-08-18,3.813900,4.066235,4.774826,5.807235
2025-08-19,3.817260,4.066831,4.767906,5.792043
2025-08-20,3.769009,4.011631,4.710278,5.722061
2025-08-21,3.816172,4.063322,4.767963,5.765552
2025-08-22,3.782583,4.029456,4.727106,5.729904
2025-08-26,3.816554,4.074072,4.782386,5.797283
2025-08-27,3.799260,4.056559,4.765843,5.774499
2025-08-28,3.784436,4.035081,4.746203,5.761008
2025-08-29,3.789292,4.044943,4.768827,5.788440
2025-09-01,3.810499,4.072703,4.799989,5.835140
2025-09-02,3.834430,4.114635,4.852692,5.893312
2025-09-03,3.802729,4.071641,4.801209,5.798715
2025-09-04,3.806662,4.065322,4.782596,5.767955
2025-09-05,3.758259,3.994395,4.698021,5.681352
2025-09-08,3.744372,3.962219,4.660612,5.636854
2025-09-09,3.762151,3.982249,4.680175,5.656124
2025-09-10,3.785173,4.000104,4.686366,5.663923
2025-09-11,3.777793,3.984476,4.656334,5.614343
2025-09-12,3.810427,4.023168,4.704929,5.651449
2025-09-15,3.792381,4.002572,4.680546,5.634424
2025-09-16,3.809589,4.018641,4.690257,5.622306
2025-09-17,3.801666,4.005850,4.668595,5.587920
2025-09-18,3.797525,4.028377,4.716078,5.659890
2025-09-19,3.824196,4.066278,4.767186,5.724787
2025-09-22,3.816536,4.057547,4.753804,5.700196
2025-09-23,3.813001,4.053296,4.743342,5.664650
2025-09-24,3.800193,4.040731,4.731354,5.648480
2025-09-25,3.852307,4.104725,4.800367,5.704139
2025-09-26,3.867322,4.115526,4.801775,5.711479
2025-09-29,3.840483,4.083924,4.758783,5.663235
2025-09-30,3.845780,4.087068,4.762835,5.661417
2025-10-01,3.818169,4.067463,4.755878,5.665050
2025-10-02,3.839720,4.087457,4.769698,5.673152
2025-10-03,3.822687,4.070624,4.753452,5.657506
2025-10-06,3.839126,4.094213,4.785110,5.700130
2025-10-07,3.850679,4.105348,4.794595,5.705858
2025-10-08,3.853065,4.097245,4.769726,5.669031
2025-10-09,3.866657,4.122712,4.808588,5.699330
2025-10-10,3.817709,4.062603,4.732649,5.614126
2025-10-13,3.805475,4.047184,4.724241,5.618783
2025-10-14,3.747736,3.976473,4.646597,5.541839
2025-10-15,3.722670,3.935273,4.596398,5.487886
2025-10-16,3.704986,3.912727,4.573288,5.460963
2025-10-17,3.722019,3.930183,4.596266,5.492383
2025-10-20,3.700023,3.909979,4.573240,5.464811
2025-10-21,3.703289,3.898259,4.543293,5.414813
2025-10-22,3.612387,3.824414,4.479855,5.367394
2025-10-23,3.621212,3.832085,4.479190,5.370047
2025-10-24,3.642609,3.852061,4.491032,5.359362
2025-10-27,3.635516,3.835373,4.467565,5.324844
2025-10-28,3.625100,3.832067,4.461846,5.307774
2025-10-29,3.624863,3.834698,4.459480,5.307787
2025-10-30,3.644561,3.857673,4.471420,5.292732
2025-10-31,3.633542,3.850425,4.477308,5.313795
2025-11-03,3.660872,3.876928,4.507279,5.350043
2025-11-04,3.635466,3.848912,4.473480,5.324249
2025-11-05,3.678364,3.900763,4.531220,5.396329
2025-11-06,3.654365,3.868972,4.502508,5.366621
2025-11-07,3.664380,3.890273,4.525124,5.386623
2025-11-10,3.672228,3.895921,4.521070,5.374447
2025-11-11,3.598035,3.824613,4.451834,5.306539
2025-11-12,3.607187,3.840806,4.474161,5.337119
2025-11-13,3.633165,3.870316,4.505430,5.373180
2025-11-14,3.711667,3.975820,4.636921,5.545474
2025-11-17,3.677799,3.943453,4.610873,5.502611
2025-11-18,3.670828,3.943372,4.618791,5.523855
2025-11-19,3.687194,3.981300,4.683571,5.610098
2025-11-20,3.668705,3.961960,4.659264,5.573512
2025-11-21,3.646026,3.929673,4.614150,5.505578
2025-11-24,3.670528,3.949658,4.624089,5.512345
2025-11-25,3.631681,3.910745,4.570492,5.460497
2025-11-26,3.600615,3.859553,4.510920,5.352737
2025-11-27,3.629269,3.894564,4.541107,5.333527
2025-11-28,3.617702,3.883307,4.533549,5.316086
2025-12-01,3.621992,3.901724,4.565277,5.371668
2025-12-02,3.617738,3.901043,4.568718,5.373256
2025-12-03,3.607812,3.877174,4.522762,5.304313
2025-12-04,3.597176,3.866568,4.516114,5.260548
2025-12-05,3.643831,3.917345,4.557079,5.297873
2025-12-08,3.703707,3.992534,4.622770,5.332072
2025-12-09,3.680289,3.967319,4.591038,5.294093
2025-12-10,3.691712,3.982227,4.594786,5.315696
2025-12-11,3.663691,3.947247,4.556755,5.315231
2025-12-12,3.654262,3.961238,4.600395,5.393481
2025-12-15,3.644947,3.941180,4.571528,5.352849
2025-12-16,3.669214,3.960413,4.599436,5.375125
2025-12-17,3.616861,3.911061,4.552704,5.332693
2025-12-18,3.650160,3.931333,4.559347,5.311533
2025-12-19,3.667270,3.964255,4.602260,5.358106
2025-12-22,3.670250,3.980969,4.624095,5.380112
2025-12-23,3.665034,3.968443,4.593905,5.345582
2025-12-24,3.671559,3.975904,4.599578,5.345232
2025-12-29,3.647615,3.953385,4.575122,5.319676
2025-12-30,3.645975,3.954572,4.583820,5.326372
2025-12-31,3.632526,3.936560,4.571560,5.313041
2026-01-02,3.653632,3.974683,4.626485,5.378727
2026-01-05,3.637221,3.955222,4.603328,5.360636
2026-01-06,3.616441,3.932229,4.581115,5.344856
2026-01-07,3.576363,3.871320,4.510440,5.265130
2026-01-08,3.572072,3.869886,4.506951,5.281400
2026-01-09,3.552862,3.847302,4.469734,5.234503
2026-01-12,3.563844,3.852853,4.464995,5.222235
2026-01-13,3.564002,3.864640,4.483895,5.245997
2026-01-14,3.534931,3.827644,4.448167,5.228579
2026-01-15,3.575688,3.864105,4.473406,5.233124
2026-01-16,3.598123,3.894265,4.500418,5.256294
2026-01-19,3.581728,3.889250,4.501795,5.275276
2026-01-20,3.597578,3.927996,4.557014,5.347814
2026-01-21,3.590635,3.915272,4.543794,5.319495
2026-01-22,3.598253,3.939710,4.577023,5.354087
2026-01-23,3.639789,3.970528,4.592095,5.348795
2026-01-26,3.647779,3.973172,4.588526,5.343883
2026-01-27,3.656012,3.993387,4.617790,5.379817
2026-01-28,3.658825,4.001234,4.637743,5.408836
2026-01-29,3.623433,3.957105,4.606209,5.380385
2026-01-30,3.628196,3.970709,4.627391,5.411893
2026-02-02,3.622867,3.961623,4.614042,5.397960
2026-02-03,3.630053,3.969573,4.617787,5.410629
2026-02-04,3.638140,3.986067,4.642074,5.450100
2026-02-05,3.587402,3.963865,4.657411,5.502093
2026-02-06,3.561348,3.939269,4.638065,5.485459
2026-02-09,3.555388,3.939714,4.648019,5.487066
2026-02-10,3.559522,3.919896,4.611933,5.452475
2026-02-11,3.558962,3.917815,4.599114,5.431149
2026-02-12,3.527750,3.887832,4.561956,5.388794
2026-02-13,3.504456,3.849124,4.522158,5.347150
2026-02-16,3.501683,3.840470,4.514535,5.334868
2026-02-17,3.494044,3.826200,4.489286,5.306112
2026-02-18,3.496522,3.829306,4.489108,5.299204
2026-02-19,3.484185,3.820406,4.488538,5.308382
2026-02-20,3.484919,3.808971,4.467316,5.285302
2026-02-23,3.468040,3.781280,4.428630,5.247621
2026-02-24,3.480276,3.782367,4.423307,5.246433
2026-02-25,3.486397,3.790625,4.429098,5.268401
2026-02-26,3.457733,3.758864,4.395802,5.222776
2026-02-27,3.423689,3.718068,4.351931,5.178699
2026-03-02,3.528033,3.792702,4.412465,5.233946
2026-03-03,3.661998,3.929104,4.555329,5.366903
2026-03-04,3.596040,3.860399,4.486467,5.306346
2026-03-05,3.684287,3.953122,4.576212,5.383581
2026-03-06,3.782134,4.088125,4.703409,5.488179
2026-03-09,3.849414,4.098483,4.666754,5.426984
2026-03-10,3.749619,4.007012,4.596617,5.378173
2026-03-11,3.901794,4.157992,4.734134,5.497865
2026-03-12,3.967926,4.231265,4.816234,5.592765
2026-03-13,3.991173,4.263258,4.854443,5.621966
2026-03-16,3.962018,4.214965,4.793903,5.562732
2026-03-17,3.923501,4.158830,4.735262,5.509884
2026-03-18,3.990021,4.211317,4.784952,5.551680
2026-03-19,4.273285,4.379351,4.854796,5.523265
2026-03-20,4.432755,4.511093,4.996035,5.649098
2026-03-23,4.306899,4.426447,4.950507,5.640026
2026-03-24,4.317695,4.419766,4.953434,5.652590
2026-03-25,4.266643,4.344048,4.847347,5.527269
2026-03-26,4.366305,4.465722,4.966154,5.648290
2026-03-27,4.357465,4.481704,5.009783,5.692511
2026-03-30,4.317637,4.431862,4.957855,5.644072
2026-03-31,4.282974,4.407575,4.944189,5.633331
2026-04-01,4.176060,4.322522,4.865661,5.588367
2026-04-02,4.195224,4.325917,4.859849,5.578346
2026-04-07,4.300585,4.427067,4.956056,5.646338
2026-04-08,4.052170,4.200191,4.747994,5.476507
2026-04-09,4.101923,4.274320,4.837153,5.569604
2026-04-10,4.108457,4.278334,4.849275,5.599546
2026-04-13,4.179364,4.337943,4.901611,5.637614
2026-04-14,4.093080,4.264199,4.830731,5.592133
2026-04-15,4.088074,4.263030,4.834807,5.603496
2026-04-16,4.096330,4.287760,4.887250,5.692323
2026-04-17,3.993510,4.179604,4.797507,5.623711
2026-04-20,4.065795,4.263120,4.884020,5.717570
2026-04-21,4.134439,4.319972,4.920310,5.720446
2026-04-22,4.196086,4.358148,4.927930,5.679403
2026-04-23,4.232864,4.390654,4.961563,5.718683
2026-04-24,4.250592,4.402392,4.967341,5.718116
2026-04-27,4.273492,4.432456,5.014257,5.787284
2026-04-28,4.305061,4.462354,5.041427,5.803635
2026-04-29,4.402089,4.540720,5.092946,5.819706
2026-04-30,4.317841,4.471924,5.055708,5.811480
2026-05-01,4.294895,4.440157,5.015669,5.766103
2026-05-05,4.388836,4.541630,5.109938,5.858187
2026-05-06,4.252265,4.415337,4.981028,5.740094
2026-05-07,4.237912,4.400385,4.969124,5.730215
2026-05-08,4.258113,4.405504,4.954535,5.690825
2026-05-11,4.341891,4.492434,5.042582,5.785329
2026-05-12,4.400766,4.577202,5.138408,5.866908
2026-05-13,4.360959,4.546529,5.113921,5.848297
2026-05-14,4.314991,4.493743,5.048319,5.770269
2026-05-15,4.417799,4.632555,5.213768,5.947671
2026-05-18,4.391847,4.612370,5.187879,5.912993
2026-05-19,4.380200,4.600445,5.165527,5.890876
2026-05-20,4.255215,4.473454,5.039100,5.772393
2026-05-21,4.251507,4.456149,5.008076,5.742065
2026-05-22,4.213917,4.403156,4.943669,5.673645
2026-05-26,4.184240,4.374351,4.922442,5.669822
2026-05-27,4.157572,4.350175,4.908668,5.681458
2026-05-28,4.129122,4.319497,4.867794,5.646912
2026-05-29,4.090469,4.296660,4.860447,5.631233
2026-06-01,4.210876,4.401389,4.949560,5.710534
2026-06-02,4.193960,4.371516,4.908426,5.663332
2026-06-03,4.242431,4.425592,4.967701,5.721841
2026-06-04,4.223146,4.412390,4.955316,5.711497
2026-06-05,4.222903,4.414536,4.952550,5.701937
2026-06-08,4.256590,4.451172,4.988256,5.733806
2026-06-09,4.222533,4.421640,4.963440,5.716638
2026-06-10,4.242776,4.438315,4.976934,5.728094
2026-06-11,4.225748,4.419006,4.954848,5.706895
2026-06-12,4.132537,4.339155,4.899654,5.669502
2026-06-15,4.072096,4.294048,4.876724,5.675174
2026-06-16,4.095485,4.303535,4.862747,5.647283
2026-06-17,4.052618,4.260193,4.823479,5.613922
2026-06-18,4.065801,4.258357,4.800058,5.569622
2026-06-19,4.144557,4.355918,4.898397,5.668118
2026-06-22,4.100208,4.316396,4.861984,5.631538
2026-06-23,4.058135,4.270044,4.809677,5.583772
2026-06-24,4.029011,4.215847,4.743843,5.508792
2026-06-25,4.012349,4.218507,4.762578,5.537152
2026-06-26,4.017240,4.238895,4.795015,5.585287
2026-06-29,4.021550,4.231980,4.781381,5.560211
2026-06-30,4.048496,4.267037,4.826749,5.614681
2026-07-01,4.023306,4.259351,4.830055,5.630938
2026-07-02,4.002581,4.253622,4.837033,5.643967
2026-07-03,4.016435,4.269649,4.853533,5.654515
2026-07-06,4.013775,4.273435,4.858159,5.671431
2026-07-07,4.050602,4.315863,4.897287,5.705743
2026-07-08,4.207763,4.469875,5.035648,5.814187
2026-07-09,4.137255,4.403080,4.975079,5.767071
2026-07-10,4.120412,4.382831,4.951162,5.738629
2026-07-13,4.230972,4.476940,5.028196,5.790315
2026-07-14,4.211552,4.461963,5.014107,5.774913
2026-07-15,4.213406,4.465289,5.013816,5.773773
2026-07-16,4.240252,4.491151,5.037610,5.795657
2026-07-17,4.238958,4.475550,5.013893,5.777726
2026-07-20,4.296144,4.542629,5.093883,5.865901
2026-07-21,4.291528,4.544646,5.092963,5.863237
2026-07-22,4.329353,4.575619,5.103199,5.853028
2026-07-23,4.389995,4.642357,5.168287,5.900394
2026-07-24,4.321041,4.572384,5.099101,5.844079
2026-07-27,4.271429,4.521260,5.048883,5.801833
2026-07-28,4.238541,4.486624,5.018605,5.790291
2026-07-29,4.325468,4.561628,5.077929,5.833118
2026-07-30,4.261328,4.525733,5.077979,5.874850
2026-07-31,4.299102,4.558759,5.103995,5.891623
2026-08-03,4.212116,4.470040,5.021031,5.819667
2026-08-04,4.162427,4.426957,4.987182,5.797373
2026-08-05,4.139490,4.395598,4.956254,5.775064
2026-08-06,4.180837,4.435949,4.993869,5.807268
2026-08-07,4.185774,4.439572,4.994469,5.800458
2026-08-10,4.241246,4.500528,5.052865,5.851987
2026-08-11,4.207395,4.473117,5.027351,5.825228
2026-08-12,4.221530,4.486171,5.043772,5.846140
